0.0
0.040838937758731514
0.1565593772767902
0.331147344273982
0.5354743291468732
0.7217177577111744
0.8602887685808999
0.9490674507861735
0.9883184020117151
0.9804779928398244
0.92986335507832
0.8423225846501406
0.7248466106690556
0.5666863349423956
0.34250802375712786
0.04729988418654929
-0.3048284018847322
-0.6597965991713816
-0.9609144382220185
-1.1940795338274512
-1.3546910885247898
-1.4417502739394945
-1.4576008328882197
-1.4075434728206193
-1.299351772360764
-1.1427193487340923
-0.9486685712702287
-0.7289502566392976
-0.495461699562633
-0.25970727455690656
-0.03232191531629197
0.17732671898885055
0.36144639977086346
0.5444189910716287
0.7580741555156165
0.9971569681124373
1.2409461220256148
1.4410621983348482
1.5604694340249792
1.6006818438191255
1.566594141786438
1.465979912553967
1.3089045527196523
1.1070861740338898
0.8732371671616359
0.6104806133842309
0.29817900451233637
-0.07401197720573255
-0.490263431203357
-0.9060225373732725
-1.2624903084538222
-1.5329795257677772
-1.712755509070653
-1.8015013079292665
-1.8029593280028324
-1.7244233387536714
-1.5761159794914268
-1.370488992723519
-1.121483698562494
-0.843787822852925
-0.552121908913288
-0.26058443095390393
0.017920327904762057
0.27215326506546156
0.4928979759811141
0.6930553815408201
0.9057762287907498
1.1387288450462174
1.3739016807669744
1.569498724504151
1.6858952667264118
1.7177944201233557
1.6709061820774724
1.5539494786328252
1.3780122633851275
1.1558606121148496
0.9012317199299682
0.62642039420186
0.3117307088361787
-0.06131506684583432
-0.47771698296120463
-0.9043155108501376
-1.2813359179894408
-1.5698103236399683
-1.7644237395569056
-1.8644672728496738
-1.873481236098621
-1.7987401034865134
-1.650615461769154
-1.4418554623921946
-1.1868197339787387
-0.9007074032552791
-0.5988130040475981
-0.2958408866138159
-0.005303567402709541
0.2609764038348406
0.4932477188071818
0.693364960949266
0.8957975401807255
1.1208420376827881
1.3513833816377856
1.5532457177959325
1.6845195854838761
1.7301028484887906
1.6951998862343374
1.5881418887377534
1.419754194759049
1.2026664725549236
0.9506011205984228
0.677673248169345
0.3715317242327051
0.011919177755074672
-0.39403563892582644
-0.8247527881307731
-1.2195537985873328
-1.5270468505849855
-1.7409700628183211
-1.8597345744775349
-1.886100996154522
-1.8266904543544937
-1.6913658341003035
-1.492521572882898
-1.2443211772074072
-0.9619206467370722
-0.6607133963349341
-0.35562831368405856
-0.060507569204448
0.21241498183128843
0.4529201781195862
0.6530864224700828
0.8469843812839952
1.06592072648969
1.294932199394395
1.5076271162893855
1.6595747632775772
1.7251940616114678
1.7088555561664236
1.6181920855922243
1.4634856361956945
1.256988526799823
1.0122145319887912
0.7432338811732258
0.4466108787075367
0.10217328819233085
-0.2923011999711418
-0.720169830227596
-1.127386742034668
-1.4569597056697536
-1.6942063535092315
-1.8363997674753825
-1.8852537669450276
-1.8464726323837166
-1.7291620098513256
-1.5451387957620013
-1.3081790899681502
-1.033242753687132
-0.7357108965662638
-0.43066898228279915
-0.1322634654583026
0.1468457378176917
0.39592076907219587
0.6064594851220471
0.8014573835524479
1.013485771310985
1.2399334905230872
1.4626492391182433
1.6347901932687445
1.7199984594225532
1.7218277369871768
1.6472258377045708
1.505940773921176
1.3098528647300134
1.072268684376126
0.807211347708209
0.5198472601799843
0.19021072704946007
-0.19283930151435635
-0.6136318080173195
-1.0293604755210717
-1.3816581663295557
-1.6430497050344852
-1.8096188350935616
-1.881980073094013
-1.8648695414929617
-1.766587707017741
-1.5983311957678954
-1.3734526364438941
-1.1066873878764416
-0.813384198480299
-0.5087735479575739
-0.20730290709939403
0.07793727751894441
0.33567909317986766
0.5568226899527069
0.7531932388248977
0.9585104133214969
1.1824920868168167
1.4077488040992097
1.5939417575019688
1.7016788033925472
1.7249492453242599
1.6698427374332643
1.5454076748891858
1.3630009281199824
1.1355901289877075
0.8770434175081281
0.6007187648745413
0.28693349640065713
-0.08393132062597958
-0.4971710535317016
-0.9212691009513392
-1.2965635415698287
-1.582782895952636
-1.774756676470271
-1.871925346522636
-1.877976404838634
-1.8003230042042417
-1.6494614761570807
-1.4382464315305368
-1.181122498249208
-0.8933503858710552
-0.5902620404722931
-0.28657543419772424
0.004205682902857721
0.27028764007926404
0.5019651458101878
0.6998278103919586
0.898620449377882
1.1203266020360796
1.3480479797363027
1.5486806722044961
1.6801057837088922
1.7260230720951637
1.691606710976657
1.5851534718041744
1.4174519418930072
1.2010945299274913
0.9497675601148805
0.6775527509443837
0.37318664751889463
0.016360718743554936
-0.38705173214980726
-0.8169844023150902
-1.2127157554882082
-1.5213636476207046
-1.7365961128568344
-1.8567532734740004
-1.8845270154362412
-1.8264748841672398
-1.6924037101956064
-1.4946612518281162
-1.2473749892450197
-0.9656762465741238
-0.6649452501871507
-0.3601088022123087
-0.06501724686374055
0.208078354405007
0.44893412538665733
0.6495979731199256
0.842803084405392
1.060059108786801
1.2879819998670463
1.5012191080186505
1.6550597372690787
1.7226124551126758
1.7081587470805661
1.6192520541398943
1.4661073294157236
1.2609241502926842
1.0171789733117513
0.7489204862326004
0.45378670328418824
0.11160319487242065
-0.2810137874943927
-0.7075648665079083
-1.115424735003045
-1.4474413293667638
-1.6873472739346735
-1.8322796631402023
-1.8838242628585942
-1.84757023797609
-1.7325250658488405
-1.5504273413148142
-1.3149965237387597
-1.0411581780827397
-0.7442810976764569
-0.43945910252135667
-0.1408655633161353
0.13879688498899062
0.3887350868969821
0.6003825340345936
0.7953512348892438
1.0063691162255743
1.2323730157746198
1.4555511547874174
1.6295774032977213
1.7174633656286442
1.7218569142377216
1.6496018253983227
1.5103604796829395
1.315948210161409
1.0796283892503933
0.8154027915983835
0.5294772898436219
0.20191081453784765
-0.17952755429239003
-0.5992923460940124
-1.0159894383890717
-1.3710872361552287
-1.6355111250080219
-1.8051909371926695
-1.8805967826925163
-1.8663354779434473
-1.7705977395118302
-1.6044932125696243
-1.3813122479318123
-1.1157533060295888
-0.823153111472612
-0.5187534304785517
-0.21703386562209082
0.06886534016402901
0.3276125083331124
0.5500340561063852
0.7465545777577387
0.9510289100333713
1.1747118517878525
1.4002741064861333
1.5882573247509697
1.6989253798675519
1.7250017236096735
1.6724622552184258
1.550261786106384
1.369686219415975
1.1436560734774397
0.8860163047864724
0.6108450462941128
0.2988147848869771
-0.07043544619683811
-0.4826283367444538
-0.9076663055583183
-1.2857377075994014
-1.5749795100017678
-1.7700666361685367
-1.8702939656171809
-1.8792181085164632
-1.804140583962057
-1.6554686668580683
-1.4459925304241332
-1.1901177631937898
-0.9030910219314794
-0.6002537026860171
-0.29635433042395665
-0.004945178405806661
0.2621172535005905
0.49505452806720224
0.6930519449599549
0.8909771090072398
1.1123441804002048
1.3403198703447927
1.5427360846014073
1.677137563026251
1.7259118027778175
1.6941164812552696
1.5899521452174639
1.4241339826745116
1.2092051558014492
0.9588270406317814
0.6870797626709286
0.3838323539167844
0.028790320852776885
-0.3733488298210551
-0.8039536893426863
-1.202180868146351
-1.5135808833179833
-1.7316782440796605
-1.8546766511163995
-1.8851441167954848
-1.8295312907437833
-1.6975583897482909
-1.5015089676408693
-1.2554696645506127
-0.9745541685712726
-0.6741470992352836
-0.3691996293481953
-0.0736036875924635
0.2003341596336062
0.4423042430667495
0.6442821704986218
0.8376215239386815
1.0539958387479196
1.2815673714589906
1.496001087032226
1.652285738486542
1.7221993356083052
1.709925785925256
1.622937184163999
1.4713856042727511
1.2674274402970527
1.0245159139393463
0.7566957742660814
0.46269393780099777
0.12235720340022849
-0.26883096826289127
-0.6944935808905848
-1.103408058012318
-1.4382473407078145
-1.6811453146787245
-1.8290922520036192
-1.883538475748265
-1.8499541283555887
-1.7372479735619624
-1.5570828623886437
-1.323126899283419
-1.0502789022297094
-0.7539046359588515
-0.44911674496164966
-0.15012660137371092
0.13030928155062
0.3813317183717373
0.5942999686449665
0.7894328190912578
0.9996062520064524
1.225299664347631
1.4487611072890645
1.6244991644709417
1.7151802744078393
1.722234480620789
1.6523990297584858
1.5152494303855741
1.3225359924737177
1.0874799529112449
0.8240637755699205
0.5395304339530612
0.2139689322847279
-0.16593037134435035
-0.5847434715910789
-1.0024855560766903
-1.360458726816176
-1.6279864376643665
-1.8008417632995228
-1.8793480948694667
-1.8679812220853467
-1.7748210085385472
-1.6108896303154854
-1.3894152566536515
-1.1250600768217534
-0.8331498772464805
-0.5289391679333839
-0.22694141627593245
0.05965142965781961
0.319441940345515
0.5431808330249313
0.7398895821148601
0.9435549949154168
1.1669668297707365
1.39285548496309
1.5826493699438686
1.6962688750114758
1.7251655446388754
1.6752013913891832
1.5552377946198992
1.3764900947566043
1.1518323147940677
0.8950870141369958
0.620332987599046
0.30940771287093594
-0.05804839898342662
-0.4689778801383031
-0.8947152098360469
-1.2753132739630597
-1.5673305432476017
-1.765298013665588
-1.8683741243219525
-1.8799919451425229
-1.8073467404981054
-1.6607600660011463
-1.4529589772404299
-1.1983094375704908
-0.9120417460103547
-0.6095029715004794
-0.3054672340443153
-0.01352951078754272
0.2543972197265721
0.4884679300244599
0.6864698002826938
0.8833977246603057
1.1043009136074744
1.3324163878193733
1.5365224236392283
1.6738311987717935
1.725414122055093
1.6962127592985696
1.5943308461854948
1.4304087218618349
1.2169381262401804
0.9675527428369914
0.6963279607470128
0.39425737782872594
0.041059132367741835
-0.3597417615086388
-0.79095196915151
-1.191610921815408
-1.505705960933318
-1.7266200141842423
-1.8524217461177517
-1.8855561086962498
-1.8323671088941367
-1.7024880788513315
-1.5081376291480206
-1.2633604253834416
-0.9832510730517299
-0.68319691658539
-0.37817170210442974
-0.08210710680098832
0.1926365879496568
0.4356855883866527
0.6389446865212811
0.8323876499046537
1.0478515049925268
1.2750459384796593
1.4906604397406829
1.6493845211761677
1.721660428258537
1.7115739194020092
1.6265149786125774
1.4765718929791578
1.2738568746056587
1.031798872736015
0.7644376703617768
0.4715832176046473
0.13310468919528995
-0.256640988356664
-0.6813997888910892
-1.09135384959042
-1.4290033585718724
-1.6748841651614543
-1.825839851238882
-1.8831852675701
-1.8522713579512406
-1.741907869756011
-1.5636815049854482
-1.3312085320941887
-1.0593604928458895
-0.7634995734731491
-0.4587566984986703
-0.15938072614104892
0.12181841791487341
0.3739159182132526
0.5881971240596313
0.7834867924373343
0.992807662678938
1.218181679850525
1.441917441035205
1.6193655583861137
1.712848097316685
1.7225708875042802
1.6551641561626214
1.5201160401550604
1.3291113397480678
1.0953287032345453
0.8327308814258225
0.5495923821120825
0.2260340454498131
-0.15232530460815946
-0.5701831583153844
-0.988965112242484
-1.3498089148147936
-1.6204370499039622
-1.7964658718943682
-1.8780720260660624
-1.869600190686356
-1.779019242581753
-1.6172637159559964
-1.3974993976079404
-1.1343519879825936
-0.8431361119210345
-0.5391188044533632
-0.23684719296793266
0.050435252317755475
0.3112655057881835
0.5363187069846379
0.7332126700265515
0.9360647085290241
1.1591989749213676
1.385406243054213
1.5770087551669525
1.6935843948411307
1.7253069193993138
1.6779241386078527
1.5602036868967837
1.38329004593543
1.1600104758721788
0.9041649094841222
0.6298326188524321
0.32001169693372944
-0.04565413826963349
-0.45532100756342264
-0.8817559403124431
-1.264878219379364
-1.5596691852024378
-1.7605159277021587
-1.8664404342119474
-1.8807521935873714
-1.8105401494715267
-1.666040052053059
-1.4599157385410173
-1.206493437440674
-0.9209869770444676
-0.6187489881765917
-0.3145790815940548
-0.022114844821809032
0.2466743444161425
0.4818769315436996
0.6798818132889684
0.8758096193679594
1.096243529400478
1.3244915205370087
1.5302850267370023
1.6705047654141425
1.7249006190129534
1.6982978047311106
1.5987030149436388
1.4366815223732474
1.2246734501854053
0.9762846246397847
0.7055855682161174
0.40468975665600015
0.05332992816107507
-0.3461347317997304
-0.7766232313009116
-1.1785559470360547
-1.4957214497577633
-1.7198894403757627
-1.8489689671760183
-1.8852577646211148
-1.8349704974688743
-1.7076332538996968
-1.5153823868156442
-1.2722068280908443
-0.9931722064821205
-0.693662674727854
-0.3886725400100284
-0.09217488012647113
0.1834113742185049
0.42764058344431966
0.6323367924858149
0.8260810330541092
1.0408599859385532
1.2679183807834757
1.4849642271139096
1.6463773464157079
1.7212488233141487
1.7135573118372345
1.6306036058634346
1.4824071575634759
1.2810330327751416
1.0398849833545252
0.7729988097374612
0.4812652447100869
0.14458199451254838
-0.24380822528359994
-0.6677682600338437
-1.078879896126927
-1.419465852674651
-1.6684580758119152
-1.8225475617802398
-1.88290844709457
-1.8547680655706127
-1.7468336929043469
-1.570613455258185
-1.3396704075776567
-1.0688484597609067
-0.7735068153777007
-0.46879611969476687
-0.1690048675554262
0.11300089766127336
0.36622763710381073
0.5818834780876434
0.7773947908055614
0.9859263525211849
1.2110394941946496
1.435101416359962
1.6143099005065302
1.710641871026847
1.7230716215458115
1.658121471261548
1.5251918374693614
1.3359021734059635
1.1033891617412257
0.841596857094689
0.5598273647975367
0.23823694941443907
-0.1386179789351411
-0.5555545677798795
-0.9754081085451161
-1.3391523701673755
-1.6129085405364636
-1.7921352173976723
-1.8768614952687643
-1.871300383674917
-1.783309466791632
-1.6237355748227387
-1.4056822759821757
-1.1437391454078618
-0.8532101765993942
-0.5493755890381273
-0.2468169186138861
0.04117004538818669
0.3030558753141881
0.529439354501009
0.7265333426086678
0.9285835035604798
1.1514472138789862
1.377975912019994
1.5713924812418858
1.6909332134629733
1.7254883206014133
1.6806912996054402
1.5652160429069064
1.390136279647283
1.168232703242071
0.9132828895741947
0.6393669131903836
0.3306395586543621
-0.03324975555283627
-0.4416640235708518
-0.8688029093405846
-1.2544536902796348
-1.5520218119061355
-1.7557503746120804
-1.864524877886599
-1.8815312384446994
-1.8137521289446514
-1.6713375790632097
-1.4668883209842734
-1.214690982741788
-0.9299430695776829
-0.6280029275110204
-0.3236958097318393
-0.03070205761032274
0.23895242235948727
0.475289437357317
0.6732993543312865
0.8682268843579148
1.0881879819135045
1.3165622136227495
1.5240409478327694
1.6671746180330929
1.7243862842566633
1.7003846946250165
1.6030793970274293
1.4429605187290035
1.2324165108914404
0.985025311482093
0.714852568884297
0.41512701241272254
0.06559803740446757
-0.33253422034396307
-0.7623010720902251
-1.1655056511911281
-1.4857396183414457
-1.7131595969684656
-1.8455151012515247
-1.8849567175380795
-1.8375698229847406
-1.712773300484024
-1.5226212676186757
-1.281046928968369
-1.0030869281129846
-0.7041222044143041
-0.39916759326786866
-0.10223753145931114
0.17419044878243245
0.4195989134087353
0.6257312126030338
0.8197743383804248
1.033863282254352
1.2607781719253204
1.4792520065909112
1.643356173809248
1.7208256812313292
1.715531931499181
1.6346863803040395
1.4882395024271793
1.2882090863978144
1.0479735719123018
0.7815646820622029
0.4909488795074963
0.15605438050931963
-0.23098323145706356
-0.6541436427237936
-1.0664096910672685
-1.4099285618417976
-1.6620289565204425
-1.8192494051538217
-1.882623421319093
-1.8572547903571965
-1.751748347772564
-1.5775336464914915
-1.3481205039888406
-1.0783251510724576
-0.783503742214416
-0.4788265623430087
-0.17862165202296576
0.10418892354171494
0.3585429982733951
0.5755715696816832
0.7713017655354333
0.9790390113782433
1.2038838866143031
1.4282629708151688
1.609228587636855
1.7084135146911903
1.7235544336940254
1.6610655118122761
1.5302592038718745
1.3426893849593247
1.1114505620274047
0.8504679119708314
0.5700656806339819
0.25043747298220664
-0.12491532474538403
-0.5409294607654749
-0.9618508718996758
-1.3284913116584147
-1.605371797239024
-1.787793287267499
-1.8756374030606233
-1.8729855229368018
-1.7875839376413178
-1.6301917375487327
-1.4138502059505436
-1.153112701342473
-0.8632724757033912
-0.5596228104120238
-0.25677952140346605
0.0319094111398438
0.29484827975625755
0.5225596229551055
0.7198509194010823
0.921094730018978
1.1436810057249194
1.3705225750685877
1.5657500244023685
1.688259122251152
1.725650824035557
1.6834440738547614
1.570218780242441
1.396977686916899
1.1764547062282817
0.9224048693258018
0.6489088979630679
0.34127381972828164
-0.02084331006491691
-0.4280060122463854
-0.8558469738517994
-1.2440233633083626
-1.544366248139177
-1.750974802986188
-1.8625980728873077
-1.8822984065068553
-1.8169521825940214
-1.676623663668124
-1.4738504105871821
-1.2228793695519513
-0.938891631204839
-0.637251159938014
-0.3328087540137282
-0.039287415106051604
0.23123050742090595
0.46870025760009487
0.6667136298042247
0.8606378668197595
1.0801205121485666
1.308613380978441
1.5177745058180845
1.6638251821469974
1.7238563308922707
1.70246001833979
1.6074484361230308
1.4492363645668942
1.2401603996926265
0.9937704329508761
0.7241271102257314
0.4255696368890649
0.07786602856443303
-0.31893587871602774
-0.7479797099296126
-1.1524531452155677
-1.4757528163538196
-1.7064224754506427
-1.8420521666231402
-1.8846453638483909
-1.8401581649290695
-1.717902230172289
-1.529849401918873
-1.2898770985822139
-1.012992904949643
-0.7145744631510285
-0.40965704727844676
-0.11229636236948848
0.16497154565461294
0.4115575295597832
0.6191243164622492
0.8134636153140361
1.0268573742859615
1.2536214000191035
1.4735200891903395
1.6403176372854136
1.7203880807443293
1.7174953938426847
1.6387615144996177
1.494067766092838
1.2953844986388374
1.0560646973415087
0.7901358892013159
0.5006351525092858
0.1675231774134447
-0.2181644699276253
-0.6405242839035168
-1.0539414976114847
-1.4003896972854266
-1.6555950501371108
-1.815943731022324
-1.882328710824625
-1.859730274940061
-1.7566508360207214
-1.5844413617665638
-1.3565583938657728
-1.0877904233107647
-0.793490476920877
-0.48884838788406204
-0.1882316433697866
0.09538177138321702
0.3508611628002659
0.5692604920088058
0.7652068398026806
0.9721448786750337
1.1967142305984222
1.4214016187020635
1.6041212385931831
1.7061627194941382
1.7240190950815526
1.6639961322948353
1.5353180766103771
1.349472990226279
1.119512991157336
0.8593441945016349
0.5803074874787437
0.2626357296906211
-0.1112172838193003
-0.526307838365167
-0.9482934077363538
-1.3178256964268498
-1.5978267348290274
-1.7834399613409753
-1.8743996025705605
-1.8746554436506158
-1.7918424811739002
-1.6366320295179682
-1.4220030200289855
-1.16247250225264
-0.8733228752750488
-0.5698603584769839
-0.26673491796446547
0.022653404778673447
0.28664274608287055
0.5156795122636527
0.7131654277980413
0.913598489899256
1.1359005111471054
1.3630464307160965
1.5600815618644683
1.6855622292124552
1.7257944695488951
1.6861824370239569
1.5752118168807097
1.403814136527723
1.1846763143803152
0.9315306499128859
0.65845835716892
0.3519142133694083
-0.008435152351570108
-0.4143473923474229
-0.8428885474391337
-1.2335875773394531
-1.5367027493430379
-1.7461893805508237
-1.8606600991893916
-1.8830536938526379
-1.8201402298481009
-1.6818981586768755
-1.4808018056759988
-1.2310583552416492
-0.94783239254171
-0.6464934035077781
-0.34191763347401194
-0.04787064969119359
0.22350884314005307
0.46210960297452125
0.6601248633431724
0.8122039058166438
0.9511059088163186
1.1088841379923777
1.2760219770247652
1.4383622603185784
1.5551500708752835
1.5939199263984098
1.5588108303614874
1.4576061113354635
1.3003609993911722
1.0987656581107559
0.865489485445972
0.6135373099315728
0.35564499998306875
0.08417168652971829
-0.22118027754341385
-0.5607852446437502
-0.9212182706734755
-1.2603581115900622
-1.5270000103496428
-1.7035178965853017
-1.7896894821925655
-1.7893135590720064
-1.7097027356036207
-1.5610632733663796
-1.3557990147856072
-1.1077766368481916
-0.8315880403585254
-0.5418427923650555
-0.25251943307566316
0.023600577910885268
0.27539816636981546
0.49376907935147507
0.6718573541535104
0.8051695066007336
0.9087900544951301
1.018453548615058
1.1475765245748322
1.283961924029079
1.4001932954361545
1.4598351110120817
1.4497784261171232
1.3763443354818212
1.2481286846252306
1.075429512406953
0.8696473530070483
0.6426872519063432
0.40638884206897663
0.16724382431421858
-0.09560039333288861
-0.3988291061753525
-0.7312510105311513
-1.0709744302525457
-1.3650012735497605
-1.5737720975387657
-1.6952254371445306
-1.7313417733560268
-1.6877150618652217
-1.573000304912462
-1.3982720884631974
-1.176330007141686
-0.9209862239592015
-0.6463682319776078
-0.36626642404345444
-0.09355159593302509
0.16031770786752805
0.38568375489916307
0.5749656538239982
0.7228201102050668
0.8261895050311266
0.9211745302442589
1.041307027702465
1.1767993304818312
1.31403468023619
1.4122026120438989
1.439534411486673
1.400790765807562
1.3032581785339248
1.1562132510584022
0.9703439639471791
0.7571572201365722
0.5284000539771493
0.29551899453377806
0.0485179096704374
-0.23405706920174119
-0.5524296728873993
-0.8939025383730987
-1.2156015278771848
-1.466931696017046
-1.6320896568491616
-1.7110232297847119
-1.7075043734423323
-1.62863971294612
-1.4842746040462254
-1.286326108867344
-1.0480804252092193
-0.7834888898467058
-0.5064938630950432
-0.2304118389634353
0.03260371499995818
0.27200271318973945
0.47917065563781674
0.6476470804927659
0.7732301770666132
0.8725091242274442
0.981083021685945
1.110736986019138
1.2490319419857805
1.3673650913711235
1.4293156936615519
1.4227251749496903
1.3536635117149671
1.230456453121958
1.0631265286950367
0.8628060116761147
0.6411502079246361
0.40977703421834566
0.1739678006032852
-0.08727946294928762
-0.3896472504921178
-0.7218403342492923
-1.060514169885763
-1.3527307747865978
-1.560387546571246
-1.681413684181342
-1.7177506921816736
-1.6749281347439289
-1.5615162025290301
-1.3884897284278113
-1.1685392911239731
-0.9153643850880564
-0.6429814813715666
-0.3650763768136165
-0.09442578907705834
0.1575920165694216
0.3813833948658779
0.5694138755793846
0.716368352080576
0.8191994482155488
0.9153057635157231
1.0379651775208445
1.1757495887288063
1.3138901608827513
1.4117586893840386
1.4388359909929545
1.399890241675251
1.3022124813188163
1.1550809432380054
0.9691825080319634
0.7560205258079746
0.5273363893921749
0.29456932362615373
0.04661585554658043
-0.2379620126506684
-0.558187873917155
-0.9012119042232075
-1.2227164519776923
-1.4722291004989314
-1.6354880835977272
-1.7125322123179154
-1.707216343981308
-1.6267189193071045
-1.4809437794076319
-1.2818516743739266
-1.0427570046197976
-0.7776238802212847
-0.5003927403157634
-0.22436478710828933
0.03833336971269191
0.27718790363539214
0.48362757621736086
0.6512396827742405
0.7758721708014764
0.8754838570317182
0.9855072016404032
1.1161627419049103
1.2549231036897146
1.372230886733394
1.4319618439590616
1.4232215718032188
1.352169388959231
1.2272058011980975
1.058411426892152
0.8569587921288755
0.634525339984834
0.40273355529520694
0.16582359878768005
-0.09723457283862807
-0.4010497404393127
-0.7342129671152652
-1.0719674851523453
-1.361521217495112
-1.5663501802663498
-1.684522748490173
-1.7181090114546134
-1.672751723243712
-1.5571151530892933
-1.3822465445170364
-1.160885837725316
-0.9067585959049058
-0.6338848747713688
-0.3559333083770174
-0.08564521346860798
0.16565167799568187
0.3884258721743234
0.5752129356463829
0.7207719166186131
0.8234558229654234
0.9205418404274173
1.0437778620843474
1.1816601173695092
1.318391252960002
1.413639374392252
1.4382338549021867
1.3970412609329668
1.2974322747760214
1.1487440763795287
0.9617009305242474
0.7478221706423422
0.518844868059026
0.28618552442846834
0.03759862343637954
-0.2483781771176536
-0.5696130349066014
-0.9131611518968745
-1.233323347530498
-1.4798122743199642
-1.6399665008287039
-1.713969210056045
-1.7058046548900387
-1.6227612255128978
-1.4748300349420285
-1.2740344731883515
-1.0337262501282656
-0.7678819373914627
-0.4904311303919304
-0.21464332734609626
0.04740426330440617
0.285261233198686
0.4904297879001763
0.656576593836353
0.7796308809251598
0.878950365421
0.9898268395599793
1.1209396346979286
1.2596930053107278
1.3755962080506052
1.4328317254864829
1.4217678433634648
1.3486523310424159
1.2219551581448524
1.0518059434167366
0.8494053041968395
0.6264383838872597
0.3945163545535718
0.15681649946897924
-0.10773369907157743
-0.4126774927967739
-0.7465061291848476
-1.0830632318950268
-1.3697141819558603
-1.571522118665921
-1.6866992164544232
-1.7174461096104239
-1.6695181770176317
-1.5516709139005307
-1.3750191535784075
-1.1523457881479158
-0.8973948690082618
-0.6241817196550146
-0.34634918861152897
-0.07659467087951843
0.1738126849276463
0.39541079869797224
0.5808114930951396
0.7248529598105111
0.827292179177555
0.9252856665731324
1.0490509941531552
1.1870088677071877
1.3223381190647205
1.4150016759695148
1.4371691207817856
1.393801257945749
1.2923439102197938
1.1421885816843997
0.9540923931759204
0.7395864203410127
0.510399622594981
0.27792256861798204
0.028760567662395486
-0.2585729473895529
-0.5807851725206452
-0.9248366761355705
-1.2436478734364995
-1.487117356177201
-1.6441830626442113
-1.715170820380914
-1.7041922427975382
-1.6186434429485101
-1.468600502404136
-1.2661471794911494
-1.0246703516482696
-0.7581571238145262
-0.4805246005021838
-0.2050092591028252
0.05636204919482268
0.2932029174236482
0.4970892112189161
0.6617668383902449
0.7832458706503428
0.8822813819731917
0.9940221988512744
1.1256051233503894
1.2643655287822062
1.3788850436660154
1.433652663197153
1.4202925594221816
1.3451397520130377
1.2167326352543073
1.045248982696572
0.8419168721159958
0.6184287410226235
0.38638426615312016
0.14789269588659215
-0.11815880395990233
-0.42424033200322264
-0.7587427172190775
-1.094110022701181
-1.377866291105493
-1.5766624293873484
-1.6888539075901836
-1.7167714160742746
-1.6662825048610663
-1.546233493897786
-1.3678064707790383
-1.1438270190536897
-0.8880574981647096
-0.6145084007179737
-0.3367967700341914
-0.06757613290453723
0.18194282720275806
0.4023672717279262
0.5863850654420755
0.7289133007470381
0.8311125673726556
0.930016954975672
1.0543123232290588
1.1923442038716572
1.3262737563338862
1.4163596663773916
1.436106600983711
1.3905693465791389
1.2872686606674166
1.135650220910486
0.9465039108387299
0.7313725114558671
0.5019768867834847
0.2696817371864758
0.019938751941893817
-0.26876079720249785
-0.5919564447862652
-0.9365139677912481
-1.2539747332842
-1.494424925700145
-1.6484021426869093
-1.7163748653606594
-1.702582080977535
-1.614527642130603
-1.4623726179320815
-1.2582611552991043
-1.015615319786337
-0.7484327695407611
-0.4706181365902318
-0.19537489374648476
0.06532045151850363
0.30114548317538375
0.5037497197589194
0.6669583066131428
0.7868621566125928
0.8856128157274613
0.9982147777429915
1.1302621330894187
1.2690220410042947
1.3821554616743257
1.434458859708915
1.4188065538040835
1.3416206069535084
1.2115076425343965
1.038693412451542
0.8344333037930685
0.6104269269364715
0.3782623747856
0.1389756594988143
-0.12858445681395925
-0.4358077210047132
-0.7709844353665097
-1.105159773421634
-1.3860182497244349
-1.5817997480121173
-1.6910031371572114
-1.7160892416213096
-1.6630378340752603
-1.5407860841358088
-1.3605833331890365
-1.1352978324868026
-0.8787102055146017
-0.6048260533918604
-0.32723654112780676
-0.05855124597565098
0.19007769899189939
0.40932678183334414
0.591959990556038
0.7329733922017763
0.8349310929527878
0.9347433225631303
1.0595631910443324
1.1976616689976327
1.3301886441677688
1.4176996541956528
1.4350293913973189
1.3873264297139833
1.2821862668642237
1.1291085681206137
0.9389158098133468
0.7231623306566513
0.4935607785447754
0.26144989478639724
0.01112318193038253
-0.2789483535807211
-0.6031300944366437
-0.9481930229855849
-1.2643010016281278
-1.501729564078927
-1.6526162790264272
-1.7175723427429825
-1.700964155504718
-1.61040332636178
-1.456135907757765
-1.250366411828399
-1.0065520523618805
-0.7387009874787582
-0.46070531361997424
-0.18573542967412093
0.07428257258966048
0.3090903392968831
0.5104111092398349
0.6721493261372712
0.7904767962023724
0.888940639249241
1.0023996837212759
1.1349052014497938
1.2736568082588797
1.3854017805337426
1.4352449744061235
1.4173050346688716
1.338090818815639
1.2062769380853011
1.0321368991433517
0.8269532008521581
0.6024324615291614
0.37015106248535157
0.13006658612638877
-0.13900872319587695
-0.44737712593708767
-0.7832283075411697
-1.1162092848931193
-1.3941668480856015
-1.5869309973307653
-1.6931440856128088
-1.7153971275600288
-1.6597821453201886
-1.5353271570454827
-1.35334873122522
-1.1267577379083278
-0.8693529975387104
-0.5951351389912869
-0.31766935926209705
-0.049521192148767046
0.19821587328909962
0.416287740923847
0.5975346031940588
0.7370315720533951
0.8387461179614221
0.9394631748172673
1.064802117340796
1.2029599601787733
1.3340817482590552
1.4190209409953582
1.4339371320978964
1.3840724733385539
1.2770969947437258
1.1225641521272947
0.9313288362041894
0.7149567899695564
0.4851523214368516
0.2532281217618013
0.0023149862140240396
-0.2891344452798874
-0.6143049559029561
-0.9598727291350815
-1.2746257149417757
-1.5090305392884322
-1.6568249840521883
-1.7187630103288476
-1.6993384596328165
-1.606270704798727
-1.4498907694745675
-1.2424635016105112
-0.9974812193060492
-0.7289625253845953
-0.4507869174861824
-0.1760916528889679
0.08324766112568266
0.3170367995810304
0.5170727834431528
0.6773394095591665
0.7940894232501292
0.8922645616190318
1.0065766576362412
1.1395341154307335
1.2782696780100358
1.38862395624117
1.4360111058729406
1.4157882268005817
1.334550717986757
1.2010409343591244
1.025579912099192
0.8194770639097775
0.5944458518915274
0.3620508198076212
0.12116597090728998
-0.14943107914694617
-0.4589480109975109
-0.7954738053672653
-1.1272581090681484
-1.402311783568936
-1.5920560212972032
-1.6952767380415112
-1.7146951888690352
-1.6565156674249004
-1.5298570355715828
-1.3461030597076789
-1.118207178464052
-0.8599863420033054
-0.5854361271054533
-0.3080956748927187
-0.04048638440377017
0.206356989726047
0.42324985277185667
0.6031086789851113
0.7410876916695481
0.8425575173870807
0.9441763627110598
1.0700289416654236
1.2082389208660853
1.3379529709231126
1.4203235312458273
1.4328299208991468
1.3808076564088592
1.2720010896361904
1.1160172681715743
0.9237433178764245
0.7067562326092303
0.47675185752547156
0.2450167439728953
-0.0064854943433694245
-0.2993186841955091
-0.6254806079775013
-0.9715526496491975
-1.28494849320609
-1.5163275922788297
-1.6610281209617854
-1.7199468493181609
-1.6977050834492995
-1.6021299632463792
-1.4436374683047506
-1.2345527508408007
-0.9884031881968145
-0.7192177724465973
-0.44086333992473936
-0.1664439401058081
0.09221537085507453
0.32498456097307493
0.5237344923130206
0.682528366431542
0.7976999103289548
0.8955844668167248
1.010745549125708
1.14414870557524
1.2828604796983192
1.391821871038241
1.4367572309688736
1.4142561947254328
1.3310004464109773
1.195799837903424
1.019022707873936
0.8120051839471185
0.5864674076384744
0.3539619597142645
0.11227415765985704
-0.15985112111649177
-0.4705199272575179
-0.8077204529023523
-1.1383058165659024
-1.4104527405089442
-1.5971746223590413
-1.6974010137986697
-1.7139834555286564
-1.6532385303408856
-1.5243759354523427
-1.3388466033723652
-1.109646489457334
-0.8506106056623799
-0.5757293970404971
-0.298515862016545
-0.031447175307779185
0.21450073097757227
0.4302128463807621
0.6086820013607953
0.7451415939157284
0.8463651431728916
0.9488827019454454
1.0752434587761608
1.2134983431009418
1.3418021591538234
1.4216073727839247
1.4317078002906805
1.3775321062057393
1.2668987508272442
1.1094681726455093
0.9161595521562989
0.6985609802138046
0.4683597164625911
0.23681608380631203
-0.01527791383670557
-0.30950066948695903
-0.6366566103452603
-0.9832323239594033
-1.2952689290897927
-1.5236204348490126
-1.6652255234089188
-1.7211238123162098
-1.6960640905830082
-1.5979812641790885
-1.4373762500378857
-1.2266344707121082
-0.9793183163309471
-0.7094671123506571
-0.43093497178877127
-0.15679267142600994
0.10118534836034287
0.332933310146343
0.5303959731143003
0.6877159919850953
0.8013081148201424
0.8989002235481289
1.0149061932544416
1.1487487892543453
1.2874290315638899
1.3949953981129886
1.4374833196619146
1.4127089983632435
1.3274401437225587
1.1905538551611743
1.0124655449418747
0.8045378556331371
0.5784974435285781
0.34588480141611744
0.103391497384976
-0.1702684376871502
-0.48209241775054434
-0.8199677664793883
-1.1493519710019375
-1.4185893972400518
-1.6022865981485588
-1.6995168287224973
-1.7132619553466464
-1.6499508631745234
-1.5188840728338793
-1.3315796484924107
-1.1010760086947142
-0.8412261585467877
-0.5660153319427088
-0.28893029881629173
-0.022403921744869937
0.22264677547272874
0.43717644676144196
0.6142543501689848
0.7491931186067856
0.8501688448469366
0.9535820065670909
1.0804454626629676
1.2187380191120325
1.3456291608701876
1.4228724148247731
1.4305708144942497
1.3742459519894943
1.2617901797207551
1.1029171240926414
0.9085778384566734
0.6903713563561868
0.45997622961019236
0.22862646507715367
-0.024061925080770485
-0.31967999910696104
-0.6478325217164228
-0.9935855475182118
-1.3031056189336332
-1.5288055694099745
-1.6677529273362983
-1.721105568308435
-1.6937156049705568
-1.593603014241866
-1.431333301380689
-1.2193348600625447
-0.9711913530467493
-0.7009425667324145
-0.4224239973981322
-0.14867116037399264
0.10859044489357983
0.33935434012831034
0.5356314417270689
0.6916339107925429
0.8038459894676877
0.9013744876956297
1.0184695453873673
1.1529987902645527
1.2918867335575248
1.398286064406249
1.4385353971742478
1.411664593095085
1.3245222563256835
1.1860496825907145
1.0067083458828345
0.7978883041368192
0.571325340036732
0.3385519212466548
0.09516613978305732
-0.18014085465687693
-0.49324436001076133
-0.8319241213126414
-1.1602364979897897
-1.4266892834929732
-1.6074777639194995
-1.7018145105044358
-1.7128082865369156
-1.646997880156272
-1.5137732849425936
-1.3247193665824717
-1.0929176256005044
-0.8322405205692149
-0.556670240430847
-0.279670043257057
-0.013631579788729975
0.23058372019385784
0.4439968115833256
0.6197501206155199
0.7532324953530328
0.8540195171317564
0.9583784167376072
1.0857832412388613
1.2241401013415196
1.3496391168787196
1.4243358042626548
1.4296374847712887
1.3711592930376766
1.256868456185639
1.0965330642712043
0.9011375311479422
0.6822934488371171
0.4516723228816103
0.21976306840436444
-0.03418400112744341
-0.33102891912182897
-0.6599691113011362
-1.0046626704388997
-1.3114158630752804
-1.5342140388381793
-1.6702646464637345
-1.7208534640281121
-1.6909438358153672
-1.5886467773343358
-1.4245963086473443
-1.2112656779975888
-0.9622597499763146
-0.6916169147632831
-0.4131506412346967
-0.13985650115787307
0.11659458591176808
0.34626170618554714
0.5412284946362269
0.6957831605081296
0.8064856740365208
0.9038262496191333
1.0218948860792008
1.157008262794588
1.2960180513741353
1.4011902460338583
1.439168386964202
1.4101898110716036
1.3211827204962792
1.1811505331384695
1.0005980905568892
0.790939723473266
0.5639169269849266
0.3310506323751219
0.08683711459676857
-0.19005665728928486
-0.5043798423783085
-0.8438070305007964
-1.1709964783325562
-1.4346226676883593
-1.6124713851028738
-1.7038949732792872
-1.7121290056561564
-1.643821594153088
-1.5084512008187463
-1.317668143446219
-1.0845953990555284
-0.8231231108388133
-0.5472285827086079
-0.27034973708578747
-0.004835284796070427
0.23851050228208936
0.4507762242584637
0.6251785591375797
0.7571833670165914
0.8577657460532534
0.9630584456847987
1.0909959295624683
1.2294119046722622
1.3535232181137329
1.4256876907691867
1.4286107336787106
1.3679999085689947
1.2518961800664212
1.0901209950996722
0.8936910981427046
0.6742297258514877
0.44340057038919933
0.21066458350262085
-0.04477970519344643
-0.3427695142790982
-0.6724021466652941
-1.015933034215809
-1.319814876386165
-1.5396116802376527
-1.6726748160899318
-1.7204212352370798
-1.6879279705291208
-1.5833986789416028
-1.4175366451577995
-1.2028599074414805
-0.9529937248149896
-0.6819736393746076
-0.4035891149125549
-0.130793408072027
0.12479976865943515
0.35331781084082203
0.5469198030460696
0.699972600033474
0.8091142600533573
0.9062191885367017
1.025217585391076
1.1608766634609364
1.299976729054992
1.4039046327956972
1.4396096311270556
1.4085299914401521
1.3176724867580556
1.1761013785572778
0.9943634237077383
0.7838956787817621
0.5564437861830137
0.3235156284024323
0.07849941240661973
-0.1999613718554746
-0.5154838974613944
-0.8556383607703503
-1.1816865896320103
-1.4424719023056638
-1.6173715078487871
-1.7058775188469237
-1.711352099032999
-1.6405522741222263
-1.5030444087078172
-1.3105435890420865
-1.0762135074796124
-0.8139611934115081
-0.5377582685512151
-0.2610165589598259
0.003958858074929461
0.24642147004093554
0.45752801269539384
0.6305697828416754
0.7610898903847392
0.8614625361436288
0.967684543705677
1.0961500340132253
1.2346207112113659
1.3573465241201472
1.4269882595600951
1.427543616803943
1.3648119752077197
1.2469074404963558
1.0837042584471714
0.8862510059955235
0.666182143159948
0.43515321651942573
0.20159154879403862
-0.05535431872704638
-0.3544913372933016
-0.6848165240554756
-1.0271828494522843
-1.3281911655108867
-1.5449856118936165
-1.6750614238393948
-1.7199666237620586
-1.6848917938985826
-1.5781330657228905
-1.4104628035208853
-1.1944436422265339
-0.9437210428786607
-0.6723275164562885
-0.39402835533230873
-0.12173435734985927
0.13299808863326848
0.36036477409356477
0.5526002884772131
0.7041501562187793
0.8117305181892395
0.9085986355459368
1.0285235522265466
1.1647232587563712
1.303907304529544
1.406590546108223
1.440028713190738
1.4068547707938472
1.314153725394847
1.1710503680879907
0.9881330924958045
0.7768614472384754
0.5489850395636747
0.315998575803189
0.07017731253008674
-0.2098568256045973
-0.5265821693228747
-0.867464424433599
-1.1923700691339054
-1.4503129735440217
-1.622262426384365
-1.70785031486144
-1.7105653753915355
-1.6372735101890992
-1.497628932721851
-1.3034114314155136
-1.0678253390575931
-0.8047944917651939
-0.528284748914346
-0.251681763008919
0.012753093285975625
0.2543311291626419
0.46427726759300014
0.6359574635993093
0.764992103444837
0.8651539289351822
0.9723024166040652
1.101290764260729
1.2398092814440522
1.3611477059406207
1.4282707666688892
1.426462958414333
1.3616152393378806
1.241914627876905
1.077287959947143
0.8788154634982013
0.658142673466935
0.4269168792007193
0.19252631146281185
-0.06592857794591606
-0.3662170197375534
-0.6972356016739844
-1.0384351542562054
-1.3365665065266694
-1.550355489561602
-1.677441313139111
-1.7195031516169734
-1.68184518749452
-1.5728560479415823
-1.4033771699291453
-1.1860157527052957
-0.934437405108572
-0.6626715351679424
-0.38445917905536797
-0.11266858293093074
0.14120128416405664
0.36741470457446884
0.5582818622316343
0.7083270320014393
0.814344506441986
0.8780006805671925
0.9408322195149559
1.0366166016921892
1.1535668272732678
1.2662352946869988
1.3339719940163297
1.3369035302572747
1.2803631116027108
1.1718689643967266
1.0206070786774317
0.8368836763388632
0.6315742099556244
0.41559359408745866
0.17874894064571312
-0.10272844287885252
-0.43108899522913413
-0.7925999198148804
-1.1319603074606872
-1.3952182072228454
-1.5744752994550815
-1.66887176304628
-1.6813795856537903
-1.6183478831710247
-1.4889369419830798
-1.304475436607428
-1.0777757742932348
-0.8224414267109379
-0.5521976094265341
-0.28027299184161003
-0.018855525980511767
0.22135974730943256
0.43151863625522674
0.6048448552767839
0.7697727190695465
0.9594158892796196
1.1672438035153827
1.3723832672955183
1.5290114362448266
1.6047006439260623
1.6029210128738451
1.5302820038490186
1.3959749705144733
1.2111483288962388
0.9882487021963182
0.740360096519904
0.468528681322561
0.15182826060711652
-0.218361816764096
-0.6266540692729323
-1.0265231327456794
-1.3604570590077256
-1.605972107571839
-1.759645673176565
-1.822412253879091
-1.7991547489815503
-1.6981552963669897
-1.5304418179787789
-1.309068013282234
-1.048364307333205
-0.763195384980818
-0.4682566472280869
-0.17743747559570688
0.0967261200369533
0.3434927574401432
0.5542402381556458
0.7451638172486019
0.9496575552326634
1.1728339488297337
1.3970607166376277
1.579269117198332
1.6809192658629142
1.6995355835173451
1.641293119243689
1.5152512095258068
1.3327090042151486
1.1065160979254476
0.8503725904978712
0.5744057848076387
0.2586468298055796
-0.1135265677779318
-0.527133849019753
-0.9464624488338297
-1.3123260584085439
-1.5892113213086112
-1.772353095012231
-1.8615407750835937
-1.8607436773887374
-1.7775828301212364
-1.622685522904015
-1.4089610900205576
-1.150836650541265
-0.8634900376910986
-0.5621141356344854
-0.26124256591263706
0.025838576151589354
0.2875741290162861
0.5145058408590675
0.7114400114191524
0.9127294050869287
1.1357280050861298
1.36329945771345
1.5595152452689054
1.6832055651428808
1.7219027845156503
1.6810575349412518
1.5691846911080778
1.3972278461939525
1.177869769719696
0.9248239482936371
0.6521401887043867
0.34510570661073026
-0.016631209884920617
-0.42363234678778217
-0.8515191164473995
-1.2399291764222198
-1.5406674058256584
-1.7478018364123105
-1.8600472131474424
-1.880430213081371
-1.815791867681365
-1.6761629550602948
-1.4740507408640098
-1.223676138504196
-0.9401992621875785
-0.638968659229542
-0.33482548449699945
-0.041488810431193124
0.22895753631296756
0.466462437167931
0.6646071322910163
0.8587449395432778
1.0785070078161978
1.3073272224779149
1.5168450747173514
1.663263580124019
1.7236564289254102
1.7026001807714486
1.6078937863286908
1.4499414462030966
1.241072082283293
0.9948309124967791
0.725276863899661
0.42675020479426984
0.07902251390301263
-0.31785267808420076
-0.7470116018917433
-1.1516333146520652
-1.47510508196756
-1.7059610241671956
-1.8417817370687952
-1.8845618329206424
-1.8402494774937943
-1.7181496017764546
-1.5302287182233896
-1.290360432936552
-1.0135500769203054
-0.715174565508659
-0.41026987645698065
-0.11289369716531461
0.16441486099648742
0.4110627293631051
0.6187081035156314
0.8131378029458434
1.02662877521533
1.2534919461038716
1.4734871573023651
1.6403745495004332
1.720524741993335
1.7176990271887802
1.6390174532377866
1.4943602627924275
1.2956975138599076
1.0563826347984053
0.7904442493202184
0.5009210823065164
0.1677759010750941
-0.21795334878253356
-0.6403606108495594
-1.0538285234908715
-1.4003281529316163
-1.6555833264356359
-1.8159781474521677
-1.8824038531248746
-1.8598393811159402
-1.7567862095139228
-1.5845947911964888
-1.35672156019321
-1.0879552774469485
-0.7936495735452969
-0.48899516437449775
-0.18836063611500675
0.09527477759210395
0.35077905327637504
0.5692048064603186
0.7651778175582665
0.9721415577035909
1.1967345914016687
1.421442762922803
1.6041795915003494
1.7062342453616794
1.7240995148329772
1.6640811335807437
1.5354035076504466
1.349555030197159
1.1195882915554494
0.8594099876653294
0.5803616602307307
0.2626768617786962
-0.11118991521868204
-0.5262942854190142
-0.9482931061805003
-1.3178375425280255
-1.5978491797574628
-1.7834711173052027
-1.8744373550210476
-1.8746975640700143
-1.7918867354078514
-1.636676277223341
-1.4220453015827907
-1.1625111103286212
-0.87335640920962
-0.5698877604669645
-0.26675549102462837
0.022639996356109915
0.2866364923120763
0.5156800870495297
0.7131722300302518
0.9136106932651913
1.1359171197220816
1.363066337381115
1.5601036067252745
1.6855852554318125
1.72581737433676
1.6862042159349018
1.5752316000204039
1.4038312157465942
1.1846901610094926
0.9315409230540082
0.6584649029668785
0.35191705606038404
-0.00843582652687247
-0.41435125705122183
-0.8428951625034949
-1.2335964178616203
-1.5367132360817861
-1.7462009101675686
-1.8606720730074966
-1.8830655439857864
-1.820151441762036
-1.6819082894856896
-1.4808104977220233
-1.2310653447549482
-0.9478375134103532
-0.6464965864040289
-0.3419189007666392
-0.04787010672451952
0.22351101970774567
0.4621131790087178
0.6601295624505318
0.8530483629103655
1.0720474551696115
1.3006515626312525
1.5114920904542068
1.6604623834719787
1.7233159972005436
1.7045281526158065
1.6118135261686826
1.4555114035217784
1.2479063946379934
1.002520234720648
0.7334084816862103
0.43601603219434526
0.09013151390401541
-0.3053427201261908
-0.7336626015230926
-1.139402087605428
-1.4657646726686502
-1.6996815168118213
-1.8385832797989594
-1.8843263848711878
-1.8427376873360335
-1.7230216374541065
-1.5370677920380094
-1.2986977526032055
-1.0228899970524337
-0.725018808425169
-0.4201398277859477
-0.12234995084369538
0.15575634229470078
0.4035182689578749
0.6125180058885096
0.8071507924535497
1.0198441788998114
1.2464498793482002
1.4677700656993178
1.6372630077072288
1.7199369434624425
1.7194482598381056
1.6428292143324723
1.4998918201680354
1.3025588406982165
1.0641576747547723
0.7987115421087239
0.5103229854500975
0.17898713445735737
-0.2053533029273284
-0.6269115927494241
-1.0414766549273213
-1.3908504225167253
-1.6491573077808517
-1.8126312538825207
-1.882024781780823
-1.8621947374444083
-1.761541138976766
-1.5913363664032751
-1.3649836551260646
-1.097243701487438
-0.8034663299646543
-0.49886083244380686
-0.1978340434867062
0.08658023528777198
0.34318288593831336
0.5629509312919468
0.759110658276238
0.9652445824952796
1.1895311052622572
1.414517859048038
1.5989882108595048
1.7038896570398483
1.7244655995003237
1.666913163953517
1.5403681455601657
1.3562525633690583
1.127575936199412
0.8682251347265328
0.5905521483879144
0.27483100369075086
-0.09752462236315262
-0.5116904851546504
-0.9347364328677457
-1.307156095494654
-1.5902737655317005
-1.7790754881715698
-1.8731481814668975
-1.8763100822784455
-1.7960848982066449
-1.6430561361615426
-1.4301403119248863
-1.1718180758531078
-0.8833608635218875
-0.5800877079361693
-0.2766825939047548
0.01340250792379194
0.2784397045671682
0.5087993866211823
0.7064772076158039
0.9060951363751935
1.1281060749285492
1.355547792104244
1.5543873166369264
1.6828426228907711
1.7259192186333554
1.6889062359693823
1.5801949014905388
1.4106452983722308
1.1928971400789066
0.9406598082242139
0.6680148539405393
0.3625602650139732
0.003974180568468433
-0.4006887414542432
-0.829928170278688
-1.2231467627536674
-1.5290316262930186
-1.7413942947912215
-1.8587110230757748
-1.8837970528436834
-1.8233161208611819
-1.687160827290655
-1.4877422003191476
-1.2392275841271998
-0.9567649681033981
-0.6557292625234223
-0.35102206059405094
-0.056451398503009176
0.21578775372744105
0.45551774793473865
0.6548590673968522
0.8479231143202194
1.066054260534231
1.2943224971640719
1.506363842410979
1.6577689768738382
1.7229714928259674
1.7063497995511419
1.6155380188992687
1.4608133371191108
1.2544179151786434
1.0098509136653437
0.7411645149042405
0.4449026319705398
0.10087139394122324
-0.29317332333559054
-0.7206097773260803
-1.1274114556699535
-1.4566030952087494
-1.6935163624166774
-1.8354350663439183
-1.884080250091057
-1.8451598897692778
-1.7277799327058458
-1.5437544550039923
-1.3068540027157283
-1.032030626235058
-0.7346559036494953
-0.4298046136462229
-0.13161194300569878
0.14727349457498162
0.396124673957939
0.6064493758625763
0.8012517493804039
1.013110204570315
1.2394189541359324
1.4620302421877578
1.6341029633827528
1.7192791929031537
1.7211109980293748
1.6465431647707545
1.5053195376564914
1.3093154067897783
1.071831751634342
0.8068858220111077
0.5196381707020798
0.19011752088134204
-0.1928222643024498
-0.6135145756908065
-1.0291566879201828
-1.3813841478546427
-1.6427235151666668
-1.8092593220924038
-1.8816059725256078
-1.864498655744408
-1.7662361953183863
-1.5980129968536736
-1.3731790382589184
-1.1064667509788308
-0.8132218324480924
-0.5086717333720447
-0.20726104985972627
0.07792237754128961
0.3356128806873207
0.5567124238036931
0.7530475175330535
0.9583386812085897
1.1823041443276594
1.407554343620786
1.593749943099978
1.7014979093807603
1.7247863647185047
1.6697035673142475
1.5452963816991483
1.3629200921221296
1.1355407636754433
0.8770250567859905
0.6007296084355798
0.28697060195405033
-0.08387181074221794
-0.4970936642904642
-0.9211787679258389
-1.2964653576741212
-1.5826818725616594
-1.7746575282896966
-1.8718323077366268
-1.877893082043448
-1.8002522695416796
-1.6494054019931137
-1.4382062660705972
-1.1810986797194216
-0.8933425913860797
-0.5902692645008352
-0.28659609065462965
0.004173641452340893
0.2702465928263551
0.5019176703373325
0.6997765517615439
0.898567997267418
1.120275380684432
1.3480001544963751
1.5486380754421971
1.6800698617001326
1.7259948535032086
1.691586796487093
1.5851420435930579
1.4174487908368174
1.201099097853857
0.9497789939544341
0.677569965381551
0.37320839264973327
0.01638564932129294
-0.3870249890829427
-0.8169571842697952
-1.2126893082645689
-1.5213390778504627
-1.7365743507114901
-1.856735046333814
-1.8845128327625877
-1.8264650333040333
-1.6923982623644664
-1.494660077192359
-1.247377779610639
-0.9656825440783063
-0.6649544801986804
-0.3601203086313054
-0.06503032805469333
0.20806441069213324
0.4489200095689408
0.6495843250365294
0.8427904692364097
1.060047998309538
1.2879727594301182
1.5012119893290081
1.6550548768213895
1.7226098778549757
1.708158374712455
1.619253717285087
1.4661107828031168
1.2609290900197987
1.0171850552502375
0.7489273446641647
0.4537939689219562
0.11161051152115553
-0.2810067482624684
-0.7075583931445256
-1.1154190665754802
-1.4474366491302737
-1.6873437059192269
-1.8322772716486497
-1.8838230546530468
-1.847570166829043
-1.732526039058076
-1.5504292277279286
-1.3149991628045654
-1.0411613894419995
-0.7442846908216174
-0.43946288609153583
-0.14086935364634512
0.13879325638024909
0.38873176712395635
0.6003796441283779
0.7953488666349031
1.0063673305615182
1.232371842693411
1.4555505946158156
1.6295774291830505
1.7174639270195937
1.7218579411215484
1.6496032330430237
1.5103621736317128
1.3159500912368907
1.079630358346158
0.8154047540633793
0.5294791592996229
0.20191251600861992
-0.17952608202084136
-0.5992911489218392
-1.015988546160129
-1.371086662688536
-1.635510868836496
-1.8051909829167263
-1.8805971028367823
-1.866336035191908
-1.7705984891904951
-1.6044941052458626
-1.381313232005371
-1.115754330201215
-0.8231541269912355
-0.5187543930861456
-0.21703473713553856
0.06886459067353667
0.3276119037814692
0.550033611056884
0.7465542984800366
0.9510287949249043
1.174711892108465
1.400274287346956
1.5882576262923285
1.6989257785577938
1.72500219359717
1.672462769672372
1.5502623184879483
1.3696867446293552
1.1436565688599611
0.8860167509074306
0.6108454275430992
0.29881508984337324
-0.07043522461113033
-0.4826282013175375
-0.9076662550264245
-1.285737737044442
-1.5749796113772718
-1.770066798919831
-1.8702941773604043
-1.879218355741371
-1.8041408527254799
-1.6554689434380894
-1.4459928019093184
-1.1901180179868402
-0.9030912501522101
-0.6002538964642965
-0.29635448407890574
-0.004945288512907875
0.26211718814799817
0.4950545065914335
0.6930519646135919
0.8909771654524067
1.1123442680348337
1.340319982657424
1.5427362145362349
1.677137703341595
1.7259119463826305
1.6941166215105559
1.5899522761922795
1.424134099349016
1.2092052542124783
0.9588271179593377
0.6870798172667383
0.38383238527852326
0.028790329549765348
-0.37334884226344023
-0.8039537205912113
-1.202180915231348
-1.5135809428185727
-1.7316783123133315
-1.8546767243242015
-1.8851441913149931
-1.8295313631632066
-1.6975584570364854
-1.5015090272495304
-1.2554697144864617
-0.9745542074375695
-0.6741471262434147
-0.3691996443013438
-0.07360369084443996
0.20033416724045555
0.4423042602800422
0.6442821957459859
0.8376215554243873
1.0539958745512505
1.2815674096298881
1.4960011256801415
1.6522857758591547
1.7221993701575165
1.7099258163585482
1.6229372094801495
1.4713856237816294
1.2674274536239682
1.024515921015056
0.7566957753041084
0.46269393326432595
0.12235719395977884
-0.26883098177550246
-0.6944935975334718
-1.1034080767843268
-1.4382473605978532
-1.681145334711414
-1.829092271279486
-1.8835384934771884
-1.849954143882585
-1.7372479863848083
-1.5570828721672472
-1.3231269058412174
-1.050278905547706
-0.7539046361631743
-0.44911674230572995
-0.1501265962163243
0.1303092887701276
0.3813317271597049
0.5942999784798659
0.7894328294491386
0.9996062623843567
1.2252996742841358
1.4487611163812
1.6244991723871083
1.715180280896494
1.7222344855148237
1.6523990329755216
1.5152494319244671
1.3225359924077629
1.0874799513786526
0.824063772762222
0.5395304301021283
0.21396892764910902
-0.16593037649315412
-0.5847434769817192
-1.0024855614499688
-1.3604587319355224
-1.6279864423244002
-1.8008417673325245
-1.879348098149633
-1.8679812245308307
-1.7748210101113777
-1.6108896310195504
-1.3894152565309978
-1.1250600759475073
-0.8331498757227302
-0.528939165882385
-0.22694141383299116
0.05965143235144027
0.3194419431493553
0.5431808358054897
0.7398895847509277
0.9435549973023944
1.1669668318238622
1.3928554866195566
1.5826493711637428
1.6962688757775217
1.7251655449554149
1.6752013912800867
1.555237794125881
1.3764900939319982
1.1518323137032722
0.8950870128507729
0.62033298619085
0.3094077114134287
-0.05804840042151571
-0.4689778814948864
-0.8947152110579035
-1.2753132750074327
-1.5673305440831875
-1.765298014272971
-1.868374124693463
-1.879991945281587
-1.8073467404181578
-1.6607600657241912
-1.4529589767953441
-1.1983094369911653
-0.9120417453337701
-0.6095029707648072
-0.3054672332871269
-0.013529510044195336
0.25439722042431495
0.48846793064953264
0.6864698008135297
0.8833977250813425
1.104300913909319
1.3324163879986854
1.5365224236983932
1.6738311987183254
1.7254141219008556
1.6962127590588907
1.5943308458781944
1.4304087215062267
1.2169381258560898
0.9675527424438346
0.6963279603629706
0.3942573774700474
0.04105913204816636
-0.35974176177825556
-0.7909519693634155
-1.191610921965079
-1.505705961019379
-1.7266200142082433
-1.852421746083861
-1.885556108610849
-1.8323671087653512
-1.7024880786885241
-1.5081376289612718
-1.2633604251830426
-0.9832510728477091
-0.6831969163870906
-0.37817170192015415
-0.08210710663771759
0.19263658808646045
0.4356855884931601
0.6389446865953279
0.8323876499456968
1.0478515050015225
1.2750459384588928
1.4906604396935907
1.6493845211070723
1.7216604281723542
1.7115739193039974
1.6265149785080761
1.4765718928733431
1.273856874503329
1.0317988726414098
0.7644376702784359
0.4715832175353222
0.13310468914186946
-0.2566409883931552
-0.6813997889104647
-1.0913538495932724
-1.4290033585594644
-1.674884165135622
-1.8258398512019018
-1.88318526752455
-1.8522713578998613
-1.7419078697015702
-1.5636815049306154
-1.3312085320414258
-1.0593604927973594
-0.7634995734306449
-0.4587566984635667
-0.15938072611427723
0.12181841793282966
0.37391591822234105
0.588197124060197
0.7834867924300626
0.9928076626648151
1.21818167983076
1.441917441011137
1.6193655583591733
1.7128480972883162
1.72257088747586
1.6551641561354133
1.5201160401301677
1.3291113397263978
1.0953287032167864
0.8327308814124315
0.5495923821032833
0.22603404544561567
-0.15232530460796012
-0.5701831583111698
-0.9889651122347759
-1.3498089148042332
-1.6204370498912577
-1.7964658718802633
-1.8780720260513002
-1.869600190671646
-1.7790192425677427
-1.6172637159432475
-1.3974993975969114
-1.1343519879736284
-0.8431361119143561
-0.5391188044490747
-0.23684719296602252
0.05043525231740309
0.31126550578577494
0.5363187069804533
0.73321267002093
0.9360647085223308
1.1591989749139975
1.385406243046555
1.5770087551593583
1.6935843948339306
1.7253069193927935
1.6779241386022434
1.5602036868922575
1.3832900459320965
1.1600104758700853
0.9041649094832571
0.6298326188527301
0.3200116969350758
-0.04565413826738185
-0.45532100756045113
-0.8817559403089489
-1.264878219375533
-1.559669185198468
-1.7605159276982374
-1.8664404342082443
-1.8807521935840323
-1.8105401494686688
-1.6660400520507683
-1.4599157385393475
-1.2064934374396463
-0.9209869770440733
-0.6187489881767945
-0.3145790815947954
-0.022114844823009516
0.24667434441457417
0.4818769315418639
0.679881813286964
0.8758096193658785
1.0962435293984252
1.3244915205350765
1.5302850267352657
1.6705047654126686
1.724900619011785
1.698297804730274
1.598703014943143
1.436681522373086
1.2246734501855574
0.9762846246402173
0.7055855682167875
0.4046897566568627
0.05332992816208593
-0.34613473179863363
-0.7766232312997869
-1.1785559470349538
-1.4957214497567415
-1.7198894403748586
-1.848968967175262
-1.8852577646205273
-1.8349704974684673
-1.7076332538994727
-1.5153823868155978
-1.2722068280909624
-0.9931722064823842
-0.6936626747282395
-0.3886725400105082
-0.09217488012701613
0.1834113742179244
0.42764058344373235
0.6323367924852473
0.8260810330535859
1.040859985938086
1.2679183807830832
1.4849642271136103
1.6463773464155038
1.721248823314041
1.7135573118372196
1.6306036058635056
1.4824071575636222
1.2810330327753505
1.0398849833547823
0.7729988097377511
0.4812652447103839
0.14458199451283782
-0.24380822528330917
-0.6677682600335708
-1.0788798961266934
-1.419465852674457
-1.6684580758117658
-1.8225475617801383
-1.882908447094517
-1.8547680655706063
-1.746833692904383
-1.5706134552582582
-1.3396704075777608
-1.0688484597610346
-0.7735068153778448
-0.4687961196949195
-0.16900486755557997
0.11300089766112548
0.3662276371036748
0.5818834780875244
0.777394790805452
0.9859263525210961
1.2110394941945901
1.4351014163599358
1.6143099005065404
1.7106418710268803
1.7230716215458648
1.658121471261617
1.5251918374694418
1.3359021734060503
1.1033891617413147
0.841596857094776
0.5598273647976173
0.23823694941452012
-0.138617978935069
-0.5555545677798235
-0.9754081085450703
-1.3391523701673465
-1.6129085405364512
-1.7921352173976755
-1.8768614952687814
-1.871300383674946
-1.783309466791671
-1.6237355748227849
-1.4056822759822267
-1.143739145407915
-0.8532101765994475
-0.5493755890381782
-0.2468169186139325
0.04117004538814639
0.3030558753141551
0.5294393545009842
0.7265333426086584
0.9285835035604801
1.1514472138789786
1.377975912019985
1.571392481241886
1.6909332134629815
1.7254883206014286
1.6806912996054615
1.5652160429069324
1.3901362796473122
1.1682327032421023
0.9132828895742264
0.6393669131904145
0.3306395586543901
-0.03324975555280718
-0.44166402357081125
-0.8688029093405402
-1.2544536902795997
-1.5520218119061102
-1.755750374612065
-1.8645248778865935
-1.8815312384447032
-1.8137521289446636
-1.6713375790632288
-1.4668883209842978
-1.2146909827418162
-0.9299430695777133
-0.6280029275110517
-0.32369580973187007
-0.030702057610351607
0.2389524223594614
0.475289437357295
0.670647919915883
0.8343996449682607
1.0062503187009288
1.2049516870676737
1.412192963008187
1.5781773901517087
1.6619791556648278
1.665090755749239
1.5941765274668431
1.458618348461872
1.2698709311101588
1.0407796387930148
0.7848942044196754
0.47935887543626476
0.1004932077050873
-0.336480090824872
-0.783119103465972
-1.1746298900987475
-1.4811002132870055
-1.6961223487818786
-1.8178798982034965
-1.8488412067184568
-1.7952888114679781
-1.6667195887890833
-1.4751530737986631
-1.2343863348526545
-0.9592329173658216
-0.6647809147338228
-0.36570142140099315
-0.07563375638805703
0.1933317798722795
0.4718978613362801
0.7898739517996143
1.1281619952234794
1.4434165752743664
1.6844641487322438
1.8305696499587836
1.8832642219387519
1.8480880364689223
1.734006903418626
1.5527263040630246
1.3179418839631083
1.023904557744853
0.6489409986293702
0.19386304541560861
-0.31034536166481497
-0.7939245573409783
-1.2015671689314358
-1.5216160827811551
-1.7472772807261379
-1.8765108561481907
-1.9117206102347994
-1.8592729590185055
-1.7288808527152253
-1.532891379198027
-1.285516730199856
-1.0020473729643773
-0.6980837839215275
-0.38881921380726625
-0.08840095578197538
0.21310315898502408
0.5462121625814039
0.9119556635434758
1.2792651958321937
1.5907913476502842
1.8055837881692018
1.9222818641364792
1.943985205718469
1.8777404109917686
1.7338961522535936
1.5253663649822125
1.2610542129727527
0.9196908691880383
0.48664646873486905
-0.017965449805049327
-0.5329993373048686
-0.9902812704108916
-1.3651448762768745
-1.6479315621492896
-1.8338759621994465
-1.9229045441999395
-1.9192433454297335
-1.8308683055133188
-1.668835815527618
-1.4465332378198381
-1.1788893449774052
-0.8815830343190902
-0.5702855172289356
-0.25996673241623913
0.03968572586275504
0.36093157328187464
0.7261673319258808
1.1091557226038953
1.4589453677977262
1.7245530777874984
1.891372356479147
1.960340974585063
1.9366524330105324
1.8291671327083683
1.6497107392426962
1.4123003339977287
1.1050165810075319
0.7068983150275194
0.22684804339363196
-0.29425705983560146
-0.7861574948803419
-1.2017639462276117
-1.5290966309084233
-1.7610961895213992
-1.8955216241475032
-1.9346433866848922
-1.8847624826102385
-1.7555915607694446
-1.559537041497743
-1.310922427262296
-1.0251921614791772
-0.718132944348048
-0.40514552978645446
-0.1005950073028633
0.21312454007740544
0.5649188540484563
0.9458213111976441
1.3180110655627317
1.6255207492316428
1.8350967973763028
1.945710796538598
1.9608050472848517
1.8877631890984774
1.7372508502801518
1.5224664889568003
1.2463013171286048
0.8875838096316107
0.43859631588819825
-0.0792836942446482
-0.5960223758029074
-1.0441219386344613
-1.4081921064378085
-1.6791882487801384
-1.8529513769020498
-1.9299805273265231
-1.9150179830096483
-1.8164814845313588
-1.64578148311005
-1.4165633721067823
-1.1439145904767598
-0.8435746847800278
-0.5311830745977753
-0.22159466694920515
0.08363749245614782
0.4157497596544321
0.7876687150738438
1.1725401685472836
1.514136551551926
1.7636048004152607
1.9139151832410202
1.9667679581769908
1.9280374236386186
1.8071598152946404
1.616415009516507
1.3701428059438892
1.0497910800557537
0.6346197017060378
0.14107341464920098
-0.38105691457022367
-0.8621476898311903
-1.2644893700781357
-1.5768967675858019
-1.7931116946795207
-1.9116648553449365
-1.9355372314744772
-1.871652866941978
-1.730239732334039
-1.5240981048311513
-1.267816670482737
-0.9769754825475088
-0.6673721928783656
-0.35430387238381955
-0.05193154976036052
0.2654857698456599
0.6257420121752569
1.010457044512234
1.3758791301807851
1.6680215100600044
1.8616429344197474
1.9564712907111692
1.9566339383887192
1.8701039913964317
1.7080229121167323
1.4839398528135401
1.1945316384304205
0.8187010073078671
0.35573568139007494
-0.16531898060896422
-0.6733595198858291
-1.108742414970712
-1.4583052430167367
-1.7137970023928404
-1.8718295992475358
-1.9336179969407146
-1.9045383554438844
-1.793539078579073
-1.6124432595729123
-1.3751825817098913
-1.0970023906209745
-0.7936755837363443
-0.4807593983125684
-0.1729244059747701
0.13647750180384793
0.47769131731935044
0.8542392859460716
1.2365210185576165
1.5659414627612693
1.7982205567182301
1.9312573523920016
1.9675244454795087
1.9135728896849968
1.7793981710309172
1.5777070421827069
1.3193813633479623
0.983270822317023
0.5527365123926893
0.04778855059732379
-0.47302565055675083
-0.9409055890095671
-1.3276611310576871
-1.622997792805295
-1.8215387717463047
-1.922648578574226
-1.930061496655715
-1.8513477814410864
-1.6972549257012106
-1.4809637044916426
-1.2172991411210614
-0.921935148490957
-0.6106286133614212
-0.29851437157139427
0.0018385696730846002
0.3228185332688225
0.6897513702277861
1.0763856926917268
1.4333647668908205
1.708794312665272
1.8853055596798658
1.9634178722773115
1.9479659051809077
1.8475216493112165
1.6736996351468534
1.4403859229395404
1.137848044483862
0.745110182371717
0.26868143187629356
-0.25344970394484073
-0.7507236382500111
-1.1728203227187801
-1.5073783163903898
-1.7469562117793884
-1.8889475304052676
-1.935288605274032
-1.8919898423177197
-1.7685260150639495
-1.5771244859803393
-1.3319914910695483
-1.048515984575356
-0.7424882051619359
-0.42936634006439345
-0.12361971932972116
0.1895888946118106
0.5394689355385479
0.9201333952910487
1.2957322305032402
1.6095892862070196
1.8256833867359994
1.9426829805579813
1.9637586525820514
1.8960631371451073
1.7500787566839695
1.5388723705746057
1.267362025118594
0.9143730897104538
0.4699231743910106
-0.044937414551277755
-0.5630166974098613
-1.0164572778081404
-1.3866437598719439
-1.6641952029354417
-1.8446252118586466
-1.9281280741442874
-1.919175571454657
-1.8259582869263211
-1.6597092673728877
-1.4339499196231897
-1.163698103449484
-0.8646766893964093
-0.5525576032077479
-0.2422718541626876
0.06186672234236307
0.3913823441674872
0.7622962837061049
1.1478881338178875
1.493591151192061
1.749773012040117
1.9068437975853045
1.9662003356760036
1.93345044273521
1.8178095111561554
1.6313881487649975
1.388411612233125
1.0725591020322929
0.6630207458686226
0.17372186891630048
-0.34848714714919526
-0.8337309160937223
-1.2411343557332737
-1.559211433452227
-1.7814015470175388
-1.9059449454764181
-1.9355559743606086
-1.8769256638456868
-1.7400900815988092
-1.5377037483205158
-1.284258306886984
-0.9952856731712054
-0.6865822771561827
-0.37348698254720747
-0.07024014794692757
0.2461784738850053
0.6039226919140837
0.9877310330039042
1.3557824537670968
1.653406384331275
1.8526947147230175
1.9531086630005066
1.958535001667281
1.8767407994105858
1.7187022309902409
1.4978478050548634
1.2129444406719816
0.842863196108742
0.3845322074232085
-0.1359944606289165
-0.6474551137171021
-1.0871173722122858
-1.441556802727321
-1.702256022889118
-1.8655683569772876
-1.9324687830877307
-1.908121136186277
-1.8012962295855641
-1.6236792396406508
-1.3891063716320127
-1.1127705841332045
-0.8104341666434449
-0.4976824755657674
-0.18924841837837458
0.1187839717631834
0.45699573266746996
0.8320454886574945
1.216470303869262
1.5510486961692305
1.7887106727580147
1.9270978619171844
1.9684485757473047
1.9191111524959403
1.7889162499690958
1.5904477878516332
1.336530296127318
1.0060360178108547
0.5801652189032396
0.07857941359790555
-0.44307089971683966
-0.9156897161874106
-1.3079017120024101
-1.6091101907284984
-1.8136432132487048
-1.92058970762354
-1.933438488474854
-1.859552792060966
-1.709517471166468
-1.4963985038507015
-1.2349550117590682
-0.9408426990298329
-0.6298447226966506
-0.3171617545528941
-0.01678769489696308
0.30244553686435727
0.6675940246744685
1.0540418582726439
1.4142531304076538
1.6956143895706388
1.8781411771282048
1.9620793023478889
1.952021330517542
1.856336700770566
1.6864825694671242
1.456235963605169
1.158025172132265
0.7708331376297148
0.2987438770596018
-0.2232227149728387
-0.7243064291471136
-1.15106201140528
-1.4908500509738294
-1.7359493015486094
-1.883484131241332
-1.9351434277769672
-1.8967209917641288
-1.7775128271720217
-1.5896100926113088
-1.3471278314713828
-1.0654090620113703
-0.7602415633697333
-0.44712098360630714
-0.1405890091431784
0.17145991375777098
0.5185808125359059
0.8980182480646532
1.275973525131858
1.5951200858859864
1.8166987717637926
1.9391186188329637
1.9653155179799033
1.9022405410822463
1.7602135287671181
1.552181934265772
1.2850739651759073
0.9377164079722242
0.49788047198248386
-0.013727716095866982
-0.5327876337939996
-0.9911159784185826
-1.36690080574737
-1.650453266437732
-1.8369871749887052
-1.9264177431968317
-1.9229690084813933
-1.8346234750267405
-1.6724516500986302
-1.4498613019125903
-1.1818064644039061
-0.8839946233241107
-0.5721273586340838
-0.26120526236993635
0.041705164467616906
0.36842114123469055
0.738068221187324
1.1240774140865086
1.4735874158310536
1.7362055802242193
1.8997711261551082
1.965388235675352
1.938407124022621
1.8278290844880132
1.6455999452433538
1.4058326448627387
1.0944208010297525
0.690491508403466
0.205472722810351
-0.3167347950349602
-0.8060183684858746
-1.2183487229709526
-1.5419467801453255
-1.7699572787394608
-1.9003373848539524
-1.9355415018739623
-1.882033423296169
-1.7496619950904637
-1.5509394518999917
-1.3002626013813068
-1.013116176120155
-0.7052951479063956
-0.39217885731880264
-0.08808474664852084
0.22728405689228331
0.5824386889489247
0.9652413581818602
1.3358334678563475
1.6388699613566353
1.84375853916675
1.9496965065823848
1.9603323481032822
1.8832288651629923
1.7291981671078482
1.5115487780958752
1.2311184107619422
0.8667547325668816
0.41305389918741464
-0.10692319644154147
-0.6217665357570572
-1.0656643240342374
-1.4249325992049344
-1.690790044633963
-1.85933370843604
-1.9313006580958854
-1.911644174745758
-1.8089588960008092
-1.6347931071612236
-1.402888159673573
-1.128384853785592
-0.8270347275612664
-0.5144507785466874
-0.20542748694441915
0.10121724427316237
0.43639502410209513
0.8098996130719184
1.1947090049967017
1.5329270952869325
1.7764478142059887
1.9207430983508431
1.9677853707853439
1.9236890877278254
1.7980906947457131
1.6034248285147579
1.3541375749038684
1.029426718732188
0.6086340152967076
0.11075749239600985
-0.41146322773806565
-0.8886485392169107
-1.28623999865078
-1.5933340661141449
-1.8039554045614914
-1.9169061397556526
-1.9354161859817707
-1.8666268982720344
-1.7209449759227777
-1.5113061771941845
-1.252389065548709
-0.9598178308111394
-0.6493904212570134
-0.33636404666661457
-0.03482486818685537
0.283676236966485
0.6465590465817245
1.032317023034162
1.3952857530273044
1.6821573690128349
1.8703261363235164
1.959776828710776
1.9548687142179022
1.8637736697369247
1.697792763936348
1.4705918290523794
1.1767363076789168
0.7951687807377366
0.32756568343858405
-0.19403502494525482
-0.6986928988416374
-1.1298560185498705
-1.47461946564494
-1.7249937118218244
-1.8778441876122907
-1.9346208707823964
-1.9009075749856021
-1.7858261044526154
-1.6013339054583084
-1.3614553068274187
-1.0814860039686582
-0.7772082833650797
-0.4641508476553098
-0.15692227122474323
0.15385354638007648
0.4980774061034653
0.8761311505330333
1.2563001986912827
1.58061915856443
1.8075766013958665
1.9353258883547757
1.9665709735689325
1.9080630039704323
1.7699600651331955
1.5650899731545371
1.3023692482826124
0.9606329182635169
0.5254332415414635
0.017129482486796466
-0.5028397288729121
-0.9659770086909769
-1.3472790343353687
-1.6367528379968816
-1.8293158492864674
-1.9246071066009502
-1.9266052161014002
-1.8430862738976703
-1.684959256588048
-1.4655186517707763
-1.1996544136661553
-0.9030578403083434
-0.5914588957589353
-0.2799261131529215
0.021722203472043122
0.3455914424204945
0.7139090084850912
1.100262453946545
1.4535274516070755
1.7225575555378545
1.892599121996942
1.964464043299064
1.943244994617269
1.8377289584778043
1.6596965313243297
1.4231476814422253
1.1161723172060154
0.7178422436944414
0.2371132038639594
-0.2850681940117361
-0.7783612588202445
-1.1955883144996586
-1.524678567052963
-1.7584832507955777
-1.894677391688446
-1.9354561580522474
-1.8870565666098658
-1.7591404548252598
-1.5640777491153373
-1.3161701852109515
-1.0308548897388605
-0.7239248020596354
-0.410799052040527
-0.10587140474263412
0.20842722023669102
0.5609598868341364
0.9427138357308851
1.3158209622523969
1.6242677051815977
1.8347573283423222
1.9462229266250326
1.9620742993230216
1.8896695098425604
1.7396560848292768
1.5252220269866759
1.249255557721085
0.890589129302426
0.44151527300962856
-0.07657312911019254
-0.593622713246386
-1.0421132746197899
-1.406630463603759
-1.678105124018733
-1.852354413566695
-1.9298551874847591
-1.9153300613559558
-1.8171802816417417
-1.6468034418807067
-1.4178359772362115
-1.1453603360696831
-0.8451149285656063
-0.5327416175786668
-0.22310092304919127
0.08224584259825479
0.41452470482112325
0.7866504812336389
1.171756428449586
1.5136022570605752
1.763322592511613
1.9138763128358636
1.9669536338781508
1.928420490775771
1.8077066638955548
1.617087607410768
1.3709007563793516
1.0505936106089082
0.6354275021694404
0.14185025520888972
-0.3803428380311423
-0.8615227198964659
-1.2639736812291291
-1.5765039924429982
-1.7928488715563133
-1.9115326723504313
-1.935530531352481
-1.8717613683017433
-1.7304489170804158
-1.5243902184703837
-1.2681717814749394
-0.9773725487988711
-0.6677900875256053
-0.3547223268602915
-0.05233197933915268
0.2651195846960083
0.625423406651494
1.010196121876601
1.375682586638576
1.667892625332568
1.8615817144624238
1.9564747434279472
1.9566964589178188
1.8702178306618351
1.7081787008695117
1.4841271532701619
1.1947394967440268
0.818918482327804
0.3559523282846164
-0.16511268948625846
-0.6731718502401345
-1.108580110776821
-1.4581733560428516
-1.7136988110602576
-1.871766612889727
-1.9335900380739572
-1.9045437098284803
-1.7935747007086953
-1.612505019816313
-1.3752655406452956
-1.0971010861178083
-0.7937843169919692
-0.4808725062606942
-0.1730365091467171
0.13637128487595973
0.4775951958350472
0.8541566670412146
1.236454423982249
1.5658924918041084
1.7981898931216629
1.9312448112428577
1.9675290546283772
1.9135929991764602
1.7794315833356225
1.5777511557083994
1.31943332175251
0.9833276625198006
0.5527953048371423
0.04784652620421159
-0.4729709912474118
-0.9408563878413025
-1.3276191075209585
-1.622964203468441
-1.8215143936138989
-1.922633715092999
-1.9300560041927912
-1.8513511133357303
-1.6972661904571469
-1.4809817343399763
-1.217322567042222
-0.9219624778276982
-0.6106583063661917
-0.29854491358686785
0.001808603229790151
0.32279042139040515
0.6897262019306412
1.0763643347875176
1.4333478443185839
1.7087822011964775
1.8852983902765605
1.9634155459279412
1.9479681166733025
1.8475279181362023
1.673709341562346
1.440398347162454
1.13786240700994
0.7451256835421027
0.26869728900144474
-0.25343422334256005
-0.7507091882204093
-1.172807456520892
-1.507367470479768
-1.7469476963196569
-1.8889415261742826
-1.9352851665626427
-1.891988905187539
-1.7685274101465485
-1.5771279548680213
-1.3319967052688204
-1.0485225659674235
-0.7424957469367777
-0.42937442716111585
-0.12362794751930495
0.18958090173228687
0.539461512217004
0.9201268223668919
1.2957267274685162
1.6095850066544926
1.8256804171102972
1.942681341986691
1.9637583054459944
1.8960639879544208
1.750080666761006
1.5388751660066837
1.2673655074326275
0.9143770467357875
0.4699273908132795
-0.04493314738674126
-0.5630125728160245
-1.0164534664858058
-1.3866404042539036
-1.6641924132597028
-1.8446230639989083
-1.928126609145647
-1.9191747966513635
-1.8259581784586927
-1.659709773873944
-1.4339509668130737
-1.1636995993576156
-0.8646785299271105
-0.552559677773826
-0.242274051131683
0.0618645106147373
0.3913802169049122
0.7622943280259096
1.1478864218923293
1.4935897383109313
1.74977193558459
1.9068430768816818
1.9661999726615702
1.9334504233383065
1.8178098072691071
1.6313887206725197
1.3884124113502323
1.0725600738043342
0.6630218326912907
0.17372301294458414
-0.3484860014181876
-0.8337298195594192
-1.2411333528248627
-1.5592105607058881
-1.7814008321232722
-1.9059444067971096
-1.9355556209048308
-1.876925495657187
-1.7400900905103065
-1.5377039190077013
-1.2842586181507245
-0.9952860993719139
-0.6865827897239811
-0.3734875514945968
-0.07024074331673891
0.24617788069505944
0.6039221269985502
0.987730519005029
1.3557820091627606
1.653406022967475
1.8526944455909926
1.9531084902476665
1.9585349248218111
1.8767408137917492
1.718702328270547
1.4978479739363966
1.2129446676373112
0.8428634662068448
0.38453250505264647
-0.1359941509740239
-0.6474548067682175
-1.0871170813391287
-1.4415565394603886
-1.7022557965639313
-1.8655681745058632
-1.9324686488566805
-1.9081210520753729
-1.8012961950957906
-1.6236792521168437
-1.3891064265622457
-1.112770675505193
-0.8104342873373698
-0.4976826177630487
-0.18924857396693984
0.11878381080478745
0.45699557392239487
0.8320453389715858
1.2164701691098998
1.5510485810479306
1.7887105807191623
1.9270977950922503
1.9684485349711003
1.9191111373789431
1.7889162590179177
1.590447818628233
1.3365303454366446
1.0060360819062004
0.58016529369872
0.07857949487806026
-0.4430708160993848
-0.9156896341339487
-1.3079016350160648
-1.609110121792607
-1.813643154738474
-1.9205896612520899
-1.9334384552731403
-1.859552772389616
-1.7095174647563125
-1.4963985098677919
-1.2349550288892306
-0.9408427255773688
-0.6298447566916197
-0.31716179386150034
-0.01678773732989558
0.3024454934502764
0.6675939822852108
1.0540418186996385
1.4142530951665577
1.6956143598574567
1.8781411537932275
1.9620792858871727
1.9520213210807964
1.8563366981837184
1.6864825732673254
1.456235973085642
1.1580251863941826
0.7708331556382038
0.29874389770105103
-0.22322269283480894
-0.7243064066193852
-1.1510619895186829
-1.4908500306438919
-1.7359492835447214
-1.8834841161649798
-1.9351434160492418
-1.896720983622279
-1.7775128226744423
-1.5896100916500309
-1.3471278337908812
-1.0654090672323218
-0.7602415710162571
-0.4471209931351864
-0.14058901997360118
0.1714599022153072
0.5185808008527524
0.8980182367702547
1.2759735146937894
1.5951200766944496
1.81669876412089
1.9391186129467262
1.9653155139630043
1.9022405389550492
1.760213528464556
1.5521819356474311
1.285073968038605
0.9377164120642962
0.4978804770189931
-0.013727710417653527
-0.5327876277797045
-0.9911159723629763
-1.3669007999221985
-1.6504532610816247
-1.8369871702993954
-1.9264177393258448
-1.9229690055312296
-1.8346234730504671
-1.6724516491016972
-1.4498613018566033
-1.181806465212023
-0.8839946248876884
-0.5721273608201707
-0.26120526502921104
0.0417051614928447
0.3684211381027712
0.7380682180502495
1.1240774110837104
1.4735874130842408
1.7362055778335006
1.8997711241963737
1.9653882341989575
1.9384071230533098
1.8278290840259783
1.6455999452663
1.4058326453287653
1.0944208018808466
0.6904915095694681
0.20547272421308205
-0.3167347934776027
-0.8060183668559219
-1.2183487213467314
-1.5419467785983056
-1.7699572773316672
-1.9003373836360136
-1.935541500883828
-1.8820334225584978
-1.7496619946166518
-1.5509394516887858
-1.300262601419926
-1.0131161763858283
-0.705295148368213
-0.39217885793977103
-0.08808474738771488
0.22728405607757102
0.5824386881011694
0.965241357341424
1.3358334670598278
1.6388699606356003
1.8437585385467783
1.9496965060824214
1.9603323477353587
1.8832288649322768
1.729198167012995
1.511548778129633
1.2311184109119782
0.8667547328167295
0.4130538995175932
-0.10692319605241407
-0.6217665353311941
-1.065664323593601
-1.4249325987702903
-1.6907900442240609
-1.8593337080669528
-1.931300657780523
-1.911644174493562
-1.808958895817627
-1.6347931070493524
-1.4028881596319571
-1.1283848538101526
-0.8270347276453363
-0.5144507786815256
-0.20542748711977254
0.08664557864273059
0.35025848582758173
0.6156698313921908
0.9103382194056884
1.2155898289733011
1.5016127060201876
1.720973204494399
1.8456024999881326
1.8779653551222704
1.8244061563366838
1.694540805283007
1.500554945649118
1.25644750989011
0.9772577062774543
0.6609189271433533
0.2889337533871633
-0.13903954535819196
-0.6043725277638131
-1.0510253673330416
-1.4200926189192202
-1.6951373981785625
-1.8719013158070317
-1.9508388068891693
-1.9366997083278925
-1.8379567386964057
-1.6661163178806027
-1.434953091657461
-1.1597085034445047
-0.8562919473153088
-0.5405196736017359
-0.22742198102166045
0.06935636983317417
0.3380438185273366
0.5691055741358201
0.7845511981467552
1.016052512232879
1.260217883460296
1.4982590873987394
1.6828560447282739
1.7773409557734663
1.7851245844767842
1.7131710341880908
1.5713896913742018
1.3719479524316462
1.1285418577892263
0.8556604926250997
0.5589856450830859
0.21908941855672392
-0.1746347372834599
-0.606008004328804
-1.031763208764597
-1.3931357583590764
-1.6623286879274342
-1.835187492657994
-1.9121754942250189
-1.8979640328657752
-1.800870791043162
-1.632183933462983
-1.4054116297244033
-1.1354964959941947
-0.8380327132649001
-0.5285202782220502
-0.22168629312807564
0.06910228980805061
0.3323161637641648
0.5586195020910261
0.7596352275265026
0.9689206101026313
1.1960748000189996
1.4236348763932742
1.6112332627138197
1.7194912498463357
1.742449626295388
1.6862820931648994
1.560147186350106
1.3755309318244897
1.1455418072755579
0.8841932638637937
0.6049862355363285
0.28837252668924673
-0.08514604222889988
-0.5007620035746958
-0.9268768842899949
-1.3037697143553957
-1.5911334805003392
-1.7837852679730988
-1.8811748223906966
-1.8870183927389832
-1.8087744353085724
-1.6569977360053754
-1.4446108127483994
-1.1861318481172325
-0.8968970193328796
-0.5923121486586012
-0.2871643543965884
0.0049808617089055485
0.27227758392300183
0.5049792954866608
0.7036462985187857
0.9030063111996808
1.1250377142716854
1.3528482215037778
1.553349879173991
1.6844481562451425
1.7298737952375363
1.6948366437338485
1.5876718607845122
1.419207205605051
1.2020732416489148
0.949991826249234
0.6770762362649052
0.37208953744850404
0.014743931449824665
-0.3890727641998647
-0.8192860695686992
-1.21517243653836
-1.5238534438338291
-1.7390059346524516
-1.8589831075899605
-1.886493253182602
-1.8281126423857945
-1.6936681270214675
-1.4955277862753023
-1.2478387953220427
-0.9657507276733761
-0.6646599268915616
-0.359506645854358
-0.06415164199724255
0.2091468527751959
0.4501410788603766
0.6508782418930618
0.8440937720915452
1.0613021596071128
1.2891263624579938
1.5022224065351848
1.6558894172883725
1.7232463978491912
1.7085853695240139
1.6194699340167351
1.4661244116457788
1.260756605374786
1.0168497875543352
0.7484578688874912
0.4532223965825978
0.11097077001399058
-0.28168057172779715
-0.7082335750794658
-1.1160655819013252
-1.4480282738132106
-1.6878588582669989
-1.8326995770301044
-1.8841416319390465
-1.847779647324265
-1.7326263396360444
-1.550425108940064
-1.31489960966571
-1.040978857271993
-0.7440342609279169
-0.43916137629653984
-0.14053442686965112
0.13914394583087641
0.38908135491244167
0.6007127363858098
0.7956520979475813
1.006629785059934
1.2325853311287014
1.4557097872894458
1.629679850992276
1.7175098264621076
1.7218500496875608
1.6495464348939493
1.510263107761637
1.3158167094327382
1.079471462255095
0.8152295336366264
0.5292967529435741
0.2017316100986556
-0.17969759984050548
-0.5994464718277724
-1.0161221585788258
-1.3711944757839216
-1.6355902813714
-1.8052408710831012
-1.8806177454931245
-1.8663289832650376
-1.770566389734137
-1.6044404917726691
-1.3812422932238235
-1.1156706692228302
-0.8230625224785495
-0.518659572759012
-0.21694117262760726
0.06895286032012299
0.32769141457817813
0.550101579046466
0.7466086857392182
0.9510683369536653
1.1747360886478315
1.400283360115011
1.588252448299368
1.6989077805280495
1.7249732535724602
1.6724250921059673
1.5502183090708057
1.3696388867536717
1.1436073070546846
0.8859683858217995
0.6108000261569408
0.2987744135982078
-0.07046977208701677
-0.48265560622619275
-0.9076859054488239
-1.2857494161700642
-1.5749834738011703
-1.7700633324845823
-1.8702841534519155
-1.8792027712137829
-1.804120866733554
-1.6554458124047122
-1.445967815666263
-1.1900924398188497
-0.9030662630713984
-0.6002305575696942
-0.29633368834144624
-0.004927742795613477
0.26213098054655126
0.4950642510727593
0.6930575707365783
0.8909787337294488
1.1123420693816728
1.3403144320265663
1.5427278403923583
1.6771271146814302
1.725899798967546
1.69410358487408
1.5899390028187717
1.4241211972058543
1.2091932635698863
0.9588164931632845
0.6870709138548257
0.3838254525592255
0.028785508513126112
-0.3733515160603443
-0.8039543097114531
-1.2021795693151547
-1.513577884613603
-1.7316738216440093
-1.8546711208839228
-1.885137817142754
-1.8295245656075416
-1.6975515729203334
-1.501502368836286
-1.2554635577170765
-0.9745487827683499
-0.6741426122711629
-0.3691961642232763
-0.07360131167073547
0.2003354329186397
0.4423044502608348
0.6442813922945279
0.8376198778799295
1.0539934709150862
1.2815644475926085
1.495997783533178
1.6522822337028737
1.7221958017702266
1.7099223820310805
1.6229340500519673
1.4713828560413913
1.267425167163273
1.0245141765522474
0.7566946044284668
0.46269333949225355
0.12235715494553612
-0.26883051106971434
-0.694492680929295
-1.1034067924765247
-1.438245796478689
-1.6811435836594646
-1.8290904266247865
-1.8835366448286535
-1.849952373472025
-1.7372463660459496
-1.557081461030057
-1.3231257487833723
-1.05027803240798
-0.7539040616873596
-0.4491164667657376
-0.15012660661828614
0.1303090169919252
0.38133122807905345
0.5942992933676348
0.7894320043382741
0.9996053456291895
1.2252987142225122
1.4487601591945591
1.624498260236467
1.7151794503935813
1.7222337665680152
1.6523984480299811
1.5152489955969752
1.3225357114991256
1.0874798252313136
0.8240637939181308
0.5395305852064235
0.21396919853881002
-0.16593001157919174
-0.5847430421354067
-1.0024850818302828
-1.3604582325640222
-1.6279859469883209
-1.8008412976350685
-1.879347672737062
-1.8679808585157056
-1.774820714700964
-1.6108894133485525
-1.3894151196888085
-1.1250600191823668
-0.8331498947988394
-0.5289392535612549
-0.22694156044723524
0.059651238265085116
0.3194417141908136
0.5431805850573501
0.7398893251581844
0.943554741110618
1.166966590095691
1.392855268844246
1.5826491849694806
1.69626872675044
1.7251654365642197
1.675201324900903
1.5552377691576937
1.376490107989951
1.151832362874694
0.8950870919973042
0.6203330892793977
0.3094078318588682
-0.05804826941811503
-0.4689777466270573
-0.8947150786260506
-1.2753131506728983
-1.5673304326713873
-1.765297919630061
-1.868374049598507
-1.879991891413399
-1.807346708373682
-1.660760055083259
-1.4529589862250303
-1.198309464381781
-0.9120417879578051
-0.6095030254498395
-0.3054672965938674
-0.013529578441345391
0.2543971503958706
0.48846786222957217
0.6864697368974505
0.8833976681209383
1.1043008658415956
1.3324163502034314
1.5365223969839574
1.6738311833340145
1.725414117573065
1.696212765047277
1.5943308610478184
1.430408744411096
1.2169381548294378
0.9675527756905693
0.6963279960500153
0.39425741381075774
0.04105916737755555
-0.35974172894004686
-0.7909519402611338
-1.1916108975730044
-1.5057059420210002
-1.7266200009904995
-1.852421738744991
-1.885556106980376
-1.832367112434287
-1.7024880870475947
-1.5081376412447918
-1.2633604405160208
-0.9832510902938254
-0.6831969349953444
-0.3781717207682316
-0.0821071248704317
0.19263657122494376
0.43568557363421406
0.6389446742283872
0.8323876404085294
1.0478514984780865
1.2750459349841612
1.4906604391644769
1.64938452329867
1.7216604327582195
1.7115739258791398
1.6265149866135205
1.476571902021014
1.2738568842001248
1.031798882411471
0.7644376796827725
0.4715832261881234
0.13310469672318104
-0.2566409821288415
-0.681399784129658
-1.0913538463826906
-1.429003356928954
-1.6748841650242148
-1.8258398524864723
-1.8831852700305107
-1.8522713614132351
-1.7419078739817895
-1.5636815097234216
-1.3312085370912867
-1.0593604978588966
-0.763499578278648
-0.45875670290127024
-0.15938072997967911
0.12181841476272165
0.37391591582934947
0.5881971224848204
0.7834867916731539
0.9928076626908979
1.218181680572695
1.441917442375749
1.619365560233508
1.7128480995463433
1.7225708899852037
1.6551641587637238
1.5201160427509819
1.3291113422242458
1.0953287054913796
0.8327308833818259
0.5495923837059535
0.22603404664144622
-0.15232530383762727
-0.5701831579645712
-0.9889651122915561
-1.3498089152278596
-1.6204370506320385
-1.7964658728786458
-1.8780720272413403
-1.8696001919844683
-1.7790192439348385
-1.6172637172994793
-1.3974993988831137
-1.134351989138726
-0.8431361129169446
-0.5391188052584388
-0.2368471935625962
0.050435251942109904
0.3112655056297338
0.5363187070320938
0.7332126702604693
0.9360647089233063
1.1591989754450138
1.3854062436731471
1.5770087558457222
1.6935843955446115
1.7253069200942583
1.6779241392641946
1.5602036874887013
1.3832900464421327
1.1600104762784036
0.9041649097803435
0.6298326190348007
0.3200116970037501
-0.04565413830557585
-0.45532100769479034
-0.881755940525388
-1.2648782196575743
-1.5596691855280866
-1.7605159280568206
-1.8664404345774652
-1.8807521939466378
-1.8105401498091531
-1.666040052355913
-1.459915738798614
-1.2064934376454164
-0.9209869771917414
-0.618748988264717
-0.31457908162411385
-0.022114844797365252
0.2466743444894117
0.48187693165843243
0.679881813436594
0.87580961953919
1.096243529585721
1.3244915207268555
1.5302850269226649
1.6705047655877454
1.7249006191678222
1.698297804861964
1.5987030150467043
1.4366815224463019
1.2246734502277423
0.9762846246521182
0.7055855682004304
0.4046897566153437
0.05332992809933179
-0.34613473187803107
-0.7766232313908862
-1.1785559471327438
-1.4957214498563136
-1.7198894404716518
-1.848968967265223
-1.8852577647002466
-1.834970497535277
-1.7076332539515016
-1.515382386851787
-1.2722068281110446
-0.9931722064868276
-0.6936626747181656
-0.388672539987587
-0.09217488009334607
0.18341137425994555
0.4276405834915391
0.6323367925362341
0.826081033105238
1.0408599859880479
1.2679183808292618
1.4849642271542898
1.6463773464493554
1.7212488233401406
1.7135573118550644
1.6306036058730007
1.482407157565051
1.2810330327693298
1.0398849833422066
0.77299880971973
0.481265244688184
0.14458199448778353
-0.24380822530991186
-0.66776826006039
-1.0788798961524875
-1.4194658526981814
-1.668458075832544
-1.8225475617972984
-1.8829084471076036
-1.8547680655793835
-1.7468336929088257
-1.5706134552585354
-1.3396704075742114
-1.0688484597541386
-0.7735068153681897
-0.46879611968316537
-0.1690048675424244
0.11300089767498156
0.36622763711755846
0.5818834781008182
0.7773947908176293
0.9859263525317231
1.211039494203304
1.4351014163664908
1.6143099005108383
1.7106418710289295
1.7230716215457638
1.6581214712595518
1.5251918374656694
1.3359021734008822
1.1033891617350975
0.8415968570878734
0.5598273647904015
0.23823694940732643
-0.1386179789419445
-0.5555545677860806
-0.9754081085504722
-1.3391523701717376
-1.6129085405397223
-1.7921352173997762
-1.8768614952697176
-1.8713003836747744
-1.7833094667904923
-1.6237355748207365
-1.4056822759794725
-1.1437391454046362
-0.8532101765958331
-0.5493755890344167
-0.24681691861020305
0.041170045391681453
0.3030558753173556
0.5294393545037366
0.726533342610867
0.9285835035621048
1.151447213880041
1.3779759120204638
1.5713924812417766
1.6909332134623472
1.7254883206003417
1.6806912996040084
1.5652160429052084
1.3901362796454164
1.168232703240133
0.9132828895722769
0.6393669131885693
0.3306395586527323
-0.0332497555542316
-0.44166402357200474
-0.8688029093414578
-1.2544536902801882
-1.5520218119063713
-1.7557503746120149
-1.8645248778862602
-1.8815312384441252
-1.8137521289438876
-1.671337579062306
-1.4668883209832817
-1.2146909827407597
-0.9299430695766668
-0.6280029275100607
-0.3236958097309738
-0.03070205760958178
0.23895242236008132
0.4752894373577502
0.6732993543315366
0.8682268843579873
1.08818798191344
1.3165622136225423
1.5240409478324288
1.6671746180326639
1.7243862842561721
1.70038469462449
1.6030793970268937
1.4429605187284833
1.232416510890957
0.985025311481665
0.7148525688839384
0.4151270124124573
0.06559803740430392
-0.3325342203440532
-0.7623010720902735
-1.1655056511911233
-1.4857396183413671
-1.7131595969683227
-1.845515101251329
-1.8849567175378437
-1.8375698229844786
-1.7127733004837498
-1.522621267618402
-1.2810469289681081
-1.0030869281127466
-0.7041222044140973
-0.3991675932676998
-0.10223753145918446
0.1741904487825149
0.41959891340877364
0.6257312126030301
0.8197743383803722
1.0338632822542582
1.2607781719252196
1.4792520065908077
1.6433561738091302
1.7208256812312035
1.7155319314990538
1.6346863803039164
1.4882395024270658
1.2882090863977147
1.0479735719122192
0.7815646820621396
0.49094887950743804
0.15605438050927822
-0.23098323145707356
-0.6541436427238031
-1.0664096910672762
-1.4099285618417845
-1.6620289565204105
-1.8192494051537742
-1.882623421319033
-1.8572547903571273
-1.7517483477724893
-1.5775336464914151
-1.3481205039887658
-1.0783251510723872
-0.7835037422143525
-0.4788265623429543
-0.17862165202292202
0.10418892354174697
0.35854299827341496
0.5755715696816911
0.771301765535455
0.9790390113782721
1.2038838866143182
1.4282629708151948
1.609228587636884
1.7084135146912007
1.7235544336940185
1.6610655118122537
1.530259203871839
1.3426893849592785
1.1114505620273505
0.8504679119707723
0.5700656806339108
0.2504374729821057
-0.12491532474548739
-0.5409294607655608
-0.9618508718997522
-1.3284913116584716
-1.6053717972390609
-1.7877932872675162
-1.8756374030606215
-1.8729855229367824
-1.7875839376412834
-1.630191737548686
-1.4138502059504876
-1.1531127013424107
-0.8632724757033261
-0.5596228104119592
-0.25677952140340465
0.031909411139899535
0.2948482797563056
0.5225596229551444
0.7198509194011302
0.921094730019016
1.1436810057249285
1.370522575068597
1.565750024402376
1.6882591222511472
1.7256508240355408
1.6834440738547356
1.5702187802424075
1.39697768691686
1.1764547062282393
0.9224048693257585
0.6489088979630258
0.3412738197282309
-0.020843310065002396
-0.428006012246483
-0.8558469738518744
-1.2440233633084183
-1.5443662481392126
-1.750974802986204
-1.8625980728873053
-1.8822984065068362
-1.8169521825939876
-1.6766236636680785
-1.4738504105871277
-1.2228793695518914
-0.9388916312047766
-0.637251159937952
-0.3328087540136695
-0.039287415105998424
0.2312305074209517
0.4687002576001318
0.6667136298042591
0.8606378668198089
1.0801205121486106
1.3086133809784601
1.5177745058180894
1.6638251821469878
1.7238563308922485
1.702460018339757
1.607448436122989
1.4492363645668465
1.2401603996925754
0.9937704329508243
0.7241271102256814
0.42556963688901284
0.07786602856436375
-0.31893587871609325
-0.7479797099296553
-1.1524531452155982
-1.4757528163538358
-1.706422475450645
-1.8420521666231293
-1.8846453638483684
-1.8401581649290373
-1.7179022301722495
-1.5298494019188282
-1.2898770985821661
-1.0129929049495947
-0.714574463150982
-0.409657047278404
-0.11229636236945106
0.1649715456546438
0.41155752955980673
0.619124316462265
0.8134636153140569
1.0268573742860094
1.2536214000191568
1.4735200891903715
1.6403176372854287
1.720388080744328
1.7174953938426682
1.6387615144995882
1.4940677660927981
1.2953844986387892
1.0560646973414551
0.79013588920126
0.500635152509234
0.16752317741338696
-0.218164469927714
-0.6405242839036134
-1.05394149761156
-1.4003896972854841
-1.6555950501371497
-1.815943731022344
-1.8823287108246265
-1.8597302749400453
-1.75665083602069
-1.58444136176652
-1.35655839386572
-1.0877904233107056
-0.7934904769208149
-0.48884838788399976
-0.18823164336972698
0.09538177138327147
0.3508611628003132
0.5692604920088444
0.765206839802711
0.9721448786750738
1.1967142305984533
1.4214016187020673
1.6041212385931765
1.706162719494121
1.7240190950815262
1.6639961322948014
1.5353180766103378
1.3494729902262363
1.1195129911572925
0.8593441945015927
0.5803074874787126
0.26263572969060045
-0.11121728381933127
-0.526307838365236
-0.9482934077364419
-1.3178256964269202
-1.5978267348290784
-1.7834399613410068
-1.874399602570573
-1.87465544365061
-1.791842481173878
-1.6366320295179317
-1.4220030200289373
-1.1624725022525835
-0.8733228752749866
-0.5698603584769195
-0.26673491796440185
0.02265340477873351
0.28664274608292467
0.5156795122636989
0.7131654277980735
0.9135984898992813
1.1359005111471454
1.363046430716133
1.5600815618644823
1.685562229212457
1.7257944695488854
1.686182437023937
1.5752118168806817
1.4038141365276886
1.1846763143802763
0.9315306499128446
0.6584583571688782
0.3519142133693771
-0.008435152351596975
-0.41434739234747864
-0.8428885474392067
-1.233587577339514
-1.5367027493430845
-1.7461893805508555
-1.8606600991894084
-1.8830536938526408
-1.8201402298480907
-1.6818981586768538
-1.4808018056759675
-1.2310583552416106
-0.9478323925416667
-0.6464934035077325
-0.34191763347396653
-0.04787064969115029
0.2235088431400925
0.46210960297455544
0.6601248633432003
0.8530428435753911
1.0720414292587273
1.3006453397966893
1.5114859629681987
1.6604566147442397
1.7233108125423908
1.70452373247053
1.6118100019002828
1.4555088557329248
1.2479048538785062
1.0025196843535975
0.7334088626027742
0.4360172490127183
0.0901334422526292
-0.3053402256551895
-0.7336596991589215
-1.1393989403082108
-1.4657614405114823
-1.6996783501329593
-1.8385803133624559
-1.8843237332097489
-1.8427354413827235
-1.7230198625034618
-1.5370665270148187
-1.2986970105611118
-1.022889766776595
-0.72501905697491
-0.42014050378551837
-0.12235098831229396
0.15575501978877224
0.40351674403027593
0.6125163631576795
0.8071491146232681
1.0198425432568468
1.2464483547951666
1.4677687104090302
1.6372618674501844
1.719936050624726
1.7194476331149784
1.6428288590543088
1.4998917291908478
1.3025589957717219
1.064158048267141
0.7987120990989622
0.5103236857763412
0.17898793501193644
-0.20535244605822167
-0.6269107222724168
-1.0414758105516877
-1.390849639447957
-1.6491566155407265
-1.8126306754804213
-1.882024333243417
-1.8621944276943088
-1.7615409700361324
-1.5913363338859394
-1.3649837489720607
-1.0972439068869595
-0.8034666284145402
-0.4988612028785817
-0.19783446342778344
0.08657978861716331
0.3431824345789807
0.562950495634368
0.7591102562964134
0.9652442291618724
1.1895308121270203
1.4145176340221768
1.5989880581700415
1.7038895773529557
1.724465590192014
1.6669132195032335
1.540368258039524
1.3562527229960544
1.127576131928024
0.8682253548426173
0.5905523810844624
0.2748312375987486
-0.09752439770794391
-0.5116902789244259
-0.9347362526452863
-1.3071559470713567
-1.5902736528020482
-1.7790754131205118
-1.8731481442428903
-1.8763100813416922
-1.7960849305396278
-1.6430561975272722
-1.4301403971573998
-1.1718181791646347
-0.8833609788116665
-0.5800878290870968
-0.2766827150557498
0.013402392139724384
0.27843959882683034
0.5087992947621847
0.7064771325373065
0.906095079988569
1.128106038156
1.3555477749213387
1.5543873181534578
1.6828426414631918
1.725919252001096
1.6889062814070064
1.580194955967668
1.4106453587134984
1.1928972031168474
0.940659870938918
0.6680149135809939
0.36256031919726284
0.003974227354320514
-0.40068870351482655
-0.8299281421206766
-1.223146744799897
-1.5290316184786237
-1.7413942966076306
-1.8587110336306443
-1.8837970709327805
-1.8233161450480242
-1.6871608559897255
-1.4877422318786964
-1.2392276169080005
-0.9567650005503099
-0.6557292932271939
-0.21176208834145183
0.34341974168594847
0.820273940095435
1.1717699684093652
1.3738153385530243
1.425405689091107
1.3544639432248813
1.2116236348782916
1.027149837500211
0.8127244434398433
0.5803714172543795
0.3418952973919812
0.1083767527595183
-0.11025726870767463
-0.3055760451614332
-0.4708924299594885
-0.6014121088718622
-0.6942864224288994
-0.7485745428394781
-0.7651243224516561
-0.7463839481579191
-0.6961585785137484
-0.6193273825024221
-0.5215368532699934
-0.37195611760825065
-0.14516582085189478
0.13941477303118543
0.4585265237492404
0.7622766901563788
1.0078729237160153
1.1881166242659549
1.3005322144045528
1.345857593196345
1.327740551177391
1.2523318693834762
1.1278018376511003
0.9638080661858202
0.757308262501525
0.48882962298824295
0.15393286854796062
-0.2317969804852984
-0.632971475248458
-0.9934626455832032
-1.2795540150593934
-1.4848436392216096
-1.6070487748494335
-1.6477597568180022
-1.612043045779583
-1.5079237465536668
-1.345780682280168
-1.1376881940999135
-0.8967383156746287
-0.6363750046162093
-0.36976890797551665
-0.10925694265831898
0.13413394654240246
0.35106484995167464
0.534156305350686
0.6781500267325254
0.8136252543236719
0.971861245356685
1.1445840451094929
1.3173316255706782
1.4518770149469782
1.5145067664164762
1.5047641800848455
1.4291818406032128
1.2966583368011593
1.1178646000493273
0.9046217735234898
0.66928057270669
0.4241295057478398
0.16986902944258153
-0.11336033806990042
-0.4345562685373933
-0.7813354682600872
-1.1256766514030163
-1.4155936169045753
-1.61835978498548
-1.7323394266223078
-1.7599679478697827
-1.707300804685464
-1.5834400760240175
-1.399874411420867
-1.1697688959178176
-0.9072405132825159
-0.6266525185649545
-0.341957385229656
-0.06611333946884934
0.18940587417279137
0.4149941378785871
0.6031810706459628
0.7487829235514327
0.8489394567436431
0.9334310513724775
1.036539968736908
1.1563018338694324
1.2806108896123463
1.3753196043108744
1.4074194690692607
1.3744646327487469
1.2833991058992829
1.1431558225718903
0.9640932450890622
0.7574163121305912
0.5346087019931341
0.30690060789196894
0.07642155512697807
-0.17795505869513328
-0.4693214283030978
-0.7868931235976895
-1.1074059921053783
-1.379601620116111
-1.5677348049143953
-1.6705577103764766
-1.6907069383384266
-1.6342592690147917
-1.5101724525977838
-1.3296455151546478
-1.1054337022166174
-0.8511522321010667
-0.5806006460341797
-0.3071359500534172
-0.04311820535646671
0.2005529799598223
0.41479818734172796
0.5926069640421004
0.7291739723595666
0.8219259749003415
0.8975504927110797
0.9909788187357582
1.1042611362432788
1.2255029225188856
1.3227610559349199
1.3621136355640322
1.3378071586749238
1.2562848606582682
1.1259814730372553
0.9567816817371433
0.7594600043426754
0.5451284661601806
0.3247158855955742
0.10271147600437264
-0.14215767487708822
-0.425839973836526
-0.7379314591229567
-1.0587423702299477
-1.3366487249273968
-1.5319140354095673
-1.6428546884494468
-1.671664581739754
-1.623991060054617
-1.5083936122871175
-1.3357191923420988
-1.1184288657776902
-0.8699097149887096
-0.6038037282372402
-0.3333819710080098
-0.0709879465975487
0.17243102758938192
0.38769108773014466
0.5676300096145956
0.7072540709582609
0.8037764685872042
0.8803674277458937
0.9722756396974526
1.0853434767796153
1.2077711749326723
1.3098419596369124
1.356795834921323
1.339685443032243
1.264669392053084
1.1399523401035168
0.9752490469667121
0.7812267086607148
0.5689521102802433
0.34936768205783086
0.12957996291984863
-0.11156298662549297
-0.392608413155209
-0.703369772896199
-1.0276243312336084
-1.3133369142856786
-1.5167831012836037
-1.63588528333074
-1.6724774333797507
-1.6318941148809067
-1.5224390608422913
-1.3547670174638176
-1.141213548468502
-0.8951068767123369
-0.6300937627468599
-0.35950810059898675
-0.09580660091364412
0.14990909476869851
0.36826998440676634
0.5519086907391253
0.6956170991279231
0.7963950511981783
0.8739138103584113
0.9637762147166677
1.0756784076975692
1.19799462300903
1.3033612547308602
1.356273786760003
1.3446428635856207
1.2744247483779956
1.1536690039292283
0.9919854318634271
0.7999868302912232
0.588734294249655
0.36920941776113125
0.15111410561768246
-0.08657235356676679
-0.36496354188248725
-0.6741139148961901
-1.0013024065952865
-1.294133538077756
-1.5049488894394414
-1.6313232708791692
-1.6747766710635805
-1.6403743430843294
-1.5362035479550935
-1.3727605336808415
-1.1622824738678477
-0.9180586009047436
-0.6537528044123491
-0.3827667373287964
-0.1176682292367216
0.13029517717837802
0.3515831920836826
0.5386414919231629
0.6860689589939788
0.7906754357072916
0.8686522836726763
0.9559717461010248
1.0662044409737592
1.1879226738970983
1.2961756548111498
1.354733958049354
1.3483410819829913
1.2827556154371764
1.165872929957307
1.007195284066282
0.8172754126397339
0.6071604855945038
0.38786103738735
0.16986628870779974
-0.06572473232596632
-0.34074625288539656
-0.6474613094219387
-0.9733810784913596
-1.2695439670098199
-1.4878137702404866
-1.6217732790371542
-1.672595444980917
-1.645037324122966
-1.5469271993946931
-1.3885588832478284
-1.1820278576242653
-0.9405435633680135
-0.6777503152603606
-0.4070861990021488
-0.14120514912870918
0.10851751634680135
0.332381235148563
0.5226487537382547
0.6737233807202307
0.7822164708817199
0.8608217050502588
0.9458545541424757
1.0547370058056202
1.1762211280042674
1.287788013065343
1.3524670524712685
1.3517793584307973
1.2912658114194537
1.1786504809752847
1.0233144065803537
0.8357403350454058
0.6269554608983426
0.4079970247240804
0.18942251652403164
-0.04475899846232462
-0.31634279894830664
-0.6205512058393967
-0.9451301446005141
-1.2445632862932232
-1.4702477307239592
-1.6117750020181125
-1.6699698917527663
-1.6492792860781411
-1.557269826088625
-1.404029710280499
-1.201509220069572
-0.962834348734344
-0.7016262074037443
-0.4313558713993281
-0.16476025961709395
0.08666022159293507
0.3130469084203916
0.5064812195052701
0.6611719001416099
0.7735322412240329
0.8527546784028759
0.935488518375698
1.0430024080627747
1.1642305776840725
1.2791255930909908
1.3499801009117498
1.355057455252828
1.299677743355253
1.1913908171400058
1.0394538656054015
0.8542773928388452
0.6468668082237488
0.42828473628739283
0.20915611919774013
-0.02362829284908069
-0.29181281075073695
-0.5935382144193188
-0.9167843973965077
-1.2194885089043954
-1.452590783967462
-1.6016927655129536
-1.6672704605019364
-1.653459874403112
-1.5675652482763607
-1.4194683986334518
-1.220973663355978
-0.9851229009757254
-0.7255134133509034
-0.45564876132140886
-0.18834845933146227
0.0647622639491156
0.2936667849641949
0.49026521628378916
0.6485716507617697
0.7648011286845102
0.8446419569476179
0.9250680648888829
1.0311897555551632
1.1521267655324214
1.2703433656264909
1.3474015110366209
1.3582737678497547
1.3080579654977975
1.2041283874125577
1.0556171851975271
0.8728616360249732
0.6668446091717594
0.44865360149596245
0.228980741220964
-0.0024302853049659734
-0.2672607458863645
-0.5665284935970957
-0.8884469130581161
-1.1944145239749622
-1.4349253015001577
-1.5915938296235224
-1.664547594173765
-1.6576118979505243
-1.5778286738396945
-1.4348733652703094
-1.240404299131849
-1.0073790648173198
-0.7493709651840981
-0.4799158145923015
-0.21191546260895433
0.04288031469577336
0.27429721003268975
0.474054294688256
0.6359712518526682
0.7560650830710474
0.836518341917588
0.9146207050602119
1.0193186015922597
1.139920977852699
1.2614437938590763
1.344724873387783
1.361414046021141
1.3163856791627704
1.2168373180436496
1.071774990577537
0.8914617852342326
0.6868572260154924
0.4690730560264056
0.24886815518542904
0.018809508632741168
-0.24270925526295156
-0.5395411846569645
-0.8601328387091748
-1.1693513546892
-1.4172553539579953
-1.5814766339080917
-1.6617946450762666
-1.661724345126086
-1.58804558297262
-1.4502275211430042
-1.25978244273899
-1.029583522231097
-0.7731798206871816
-0.5041390851269762
-0.2354451221033712
0.021028158746523307
0.25494919458830073
0.4578564377883546
0.6233755601926197
0.7473258832616723
0.8283835324269779
0.9041450474064275
1.0073865581509298
1.1276099105161568
1.2522010083561415
1.3415298303501715
1.3641195760131886
1.3243745088994288
1.229310160199114
1.0878012959974155
0.9100320316352344
0.7069342972573442
0.48964051251900986
0.26897351912952494
0.040291579699541114
-0.21792596245380566
-0.5123251288499261
-0.8315850149639588
-1.1440469466468761
-1.3993439118626896
-1.571128407615293
-1.6588304819185944
-1.6656530810091337
-1.5981121035076358
-1.465468464224126
-1.2790864307670875
-1.0517528738474955
-0.7969908834647812
-0.5283986327338399
-0.25904064930940784
-0.0009140431232486645
0.2354929822717772
0.44153855631136263
0.6106543304148175
0.7384616579239749
0.8227809762780782
0.8985133007625162
0.9995309522408637
1.1184745705496724
1.2428979250790966
1.335340714789626
1.3635661757712514
1.3290062488054593
1.2384847468608016
1.1007293332441452
0.9258243915326574
0.7246499158625512
0.5083324572187239
0.28773143248378175
0.06093870497137277
-0.19349408342471314
-0.48498546877848164
-0.8024662312570523
-1.1177731757952136
-1.380136332861327
-1.55924223624101
-1.6541750809003093
-1.6678251306709457
-1.6064398279571948
-1.4790640218837092
-1.2969034600927702
-1.0726462103786976
-0.8197756196957449
-0.5519059598548436
-0.2821682783169607
-0.022669428603279917
0.21595792376666284
0.4249020543089563
0.5974090336406476
0.7289084544243967
0.817031829505075
0.8932294933238072
0.9917802027681353
1.1091994016472668
1.233221097517597
1.3286062932780103
1.3623682140541613
1.3329310930262832
1.246926673879991
1.1129335756148475
0.940933138133718
0.7417489995129241
0.5264966030994406
0.3060661841863085
0.0812458417359464
-0.16933445916036083
-0.45782742804121174
-0.7734202497754709
-1.0914544997894184
-1.3607723404686212
-1.5471044724958072
-1.649192077661537
-1.6696144886713895
-1.614351368584969
-1.4922311638935197
-1.3142998518970768
-1.0931446660628932
-0.8422065536879451
-0.5751127738578292
-0.30505750378549035
-0.04425384556255252
0.19652450963061274
0.408299213704358
0.5841336550575834
0.7192681320856811
0.8111471944489145
0.8877640869246923
0.9837968121270877
1.0996376123648126
1.2232047227846152
1.321524268245697
1.3608637292581562
1.3366006105011292
1.2551714656101196
1.1250027017068935
0.9559695449150942
0.758836432401105
0.5447051873166762
0.32449476639473596
0.10165584303758618
-0.1450924710690522
-0.4305930274132024
-0.7442890976623435
-1.0650307378103374
-1.3412831559477185
-1.5348286514276346
-1.6440653523803495
-1.6712613043323008
-1.6221277617527816
-1.5052759169670675
-1.3315909595751478
-1.1135581645821877
-0.8645749075161433
-0.5982802706178012
-0.3279304556216208
-0.06584381084558066
0.1770658105962985
0.3916541355412112
0.5708023864887921
0.7095618941600383
0.8051903834233088
0.8822169578360296
0.975710489417616
1.089940391416768
1.2130128208777127
1.3142624259791265
1.359215887735538
1.3401665088391996
1.2633536162422458
1.1370494852916837
0.9710215003818323
0.7759734221329664
0.5629922742799895
0.34302487944041515
0.12215128588532254
-0.12080849663108453
-0.4033420126040518
-0.7151476989653087
-1.0385866154374144
-1.321757916310585
-1.5225040008275883
-1.638880263183146
-1.6728436109631168
-1.6298368765595699
-1.5182538362346532
-1.3488186012639316
-1.1339140925652496
-0.8868936396492257
-0.621407622677562
-0.3507737192519935
-0.08741497812233712
0.15761510466090878
0.37500680232904876
0.5574595785405877
0.699836126388146
0.7992075908531602
0.8766328900367759
0.9675635228448184
1.080145780418804
1.202677723657632
1.30684571430191
1.3574411267661837
1.3436367040439772
1.2714728881681046
1.149066233024721
0.9860748247869295
0.7931404775255229
0.5813343725838722
0.36163040958333714
0.14270417955772408
-0.09651172007958639
-0.37610350942659654
-0.6860239296566252
-1.012146855167342
-1.302216552532573
-1.5101451811327222
-1.6336459948176991
-1.6743651723386084
-1.6374773460599046
-1.5311589171060418
-1.365972791685192
-1.154199261965666
-0.9091472134964171
-0.6444778311552348
-0.3735697098252373
-0.10895000497810059
0.13818874397095232
0.35837193502568687
0.5441178063528694
0.6901008819057384
0.7932061151210763
0.8710171487486652
0.9593598660945363
1.0702562734666596
1.1922003463394515
1.2992728328875642
1.355535523223387
1.3470050450851039
1.2795213627566078
1.1610437584782862
1.001119577740039
0.8103274081441423
0.5997215142643942
0.3803020341567964
0.16253223610912293
-0.07365828672977975
-0.35011300783397103
-0.6578965916174095
-0.9844224801270732
-1.2793497777433536
-1.4947281077259933
-1.625733589318835
-1.6736753108065758
-1.6434317289041689
-1.5429336553656803
-1.382555608493787
-1.1744502175169191
-0.9318599663634017
-0.6684386768722272
-0.39761196869971915
-0.13200174181275592
0.11706522010994141
0.3399498478916849
0.5289855232898257
0.678651432570164
0.7856362472353116
0.8640314421389338
0.9500148954171496
1.0594675004323566
1.1810684528843285
1.291321009999228
1.353550577305952
1.3505719015140654
1.2880139928543615
1.1736706960112224
1.0169729272586627
0.828432879734385
0.6190871816441706
0.39996376375612475
0.18159405526164474
-0.053172491479280826
-0.32614728454669906
-0.6313730705084083
-0.9565014379621476
-1.254636589658081
-1.4773609972827846
-1.6158626451650986
-1.6711058889501196
-1.6476621364035733
-1.5532032595540226
-1.397900361624646
-1.1937625119707438
-0.9539498037623617
-0.6920933305492736
-0.42165162348471585
-0.15532898540532736
0.09542372833742468
0.3208107171463148
0.5129856680290338
0.6662350054586532
0.7770512130011373
0.8560276562874892
0.939681332004827
1.0477429670112561
1.1690737774340076
1.2826331742622683
1.3510081078585636
1.353769375374557
1.2963258847098593
1.186297643615549
1.0329917976333205
0.8468480978322377
0.638880941190418
0.4201429901587683
0.20123231393505325
-0.03210957662936326
-0.30164885403524183
-0.6043639093482949
-0.9281412085861196
-1.2295356498925414
-1.4596691037740777
-1.6057389661962087
-1.668360903013662
-1.6517954225538987
-1.5634518748777557
-1.4132947702136271
-1.2131869511522206
-0.9762040393016473
-0.7159529479790143
-0.4459243080594091
-0.17890463563799475
0.07353075375705748
0.30142842743466913
0.49676104788590225
0.6536206140117509
0.7683015255124698
0.8478940718608862
0.9292434831033319
1.0359240969483152
1.1569810807775776
1.2738692614524223
1.3484421530531756
1.3569925625117298
1.3047074019336582
1.1990313424866568
1.0491466863788785
0.8654201085744018
0.6588435704689964
0.44049466435410034
0.22103865739380335
-0.010918464242699988
-0.27708465462365606
-0.5773319696415753
-0.8997804769082287
-1.204443271658949
-1.441991566653464
-1.5956343139771927
-1.6656383775923416
-1.6559533185173927
-1.5737259779121415
-1.428714341298405
-1.2326351403316869
-0.9984796792897692
-0.7398308738211485
-0.4702116549432558
-0.2024909599027832
0.05163123006947079
0.2820436559349862
0.4805377803421187
0.641011026392574
0.759559589331785
0.8397684687463143
0.9188021157808842
1.0240732349134785
1.1448146470518576
1.2650168768719507
1.3458065990973056
1.3601665153990523
1.3130605141243836
1.2117569679814593
1.065312477096805
0.8840199140583385
0.6788482318912303
0.46089954585802784
0.24090608417591364
0.010309110285132983
-0.25252912970960106
-0.5503326779353023
-0.8714548661283827
-1.1793745694791646
-1.424323234276894
-1.5855252073537083
-1.6628990874143779
-1.660083919813476
-1.5839643531935932
-1.4440920451932902
-1.25203769515535
-1.020708256930226
-0.763662514565471
-0.4944554788868145
-0.2260382186011829
0.029764959726402418
0.26268534240509267
0.4643335761554237
0.6284128863769166
0.7508216198802403
0.8316384980978829
0.9083383853935559
1.0121663615651184
1.1325466714435126
1.2560452250970173
1.343068587912791
1.3632579427986586
1.321353008201667
1.2244447213278677
1.081462901882705
0.9026256432633659
0.69887804954907
0.48134608038986537
0.26082842486951074
0.031571507587247916
-0.22798044371550308
-0.5233612174235549
-0.8431571131426208
-1.1543195682830771
-1.4066512740525186
-1.5753967655850696
-1.6601269354660078
-1.6641707287848386
-1.594150867041724
-1.4594127962336054
-1.2713811579214624
-1.0428784014231125
-0.7874389141145297
-0.5186494316907867
-0.24954273281146344
0.00793301441588068
0.24335212361333616
0.44814490282937536
0.6158208315621612
0.7420808166645693
0.824822904844604
0.9003272204653293
1.0023016832023888
1.1218373383574094
1.246416002942297
1.3376998128208901
1.3637513797803082
1.3271926135207797
1.234921118477959
1.0957211049186741
0.9197152075545398
0.7178032236435361
0.5011137371688215
0.2804918358473465
0.0529405239044306
-0.20301759102909167
-0.4956955856419727
-0.8139216520387252
-1.1281316552272687
-1.387713268268345
-1.563936453545771
-1.656021639412232
-1.6669822854841887
-1.60317163384533
-1.4737197167602787
-1.2898948128330172
-1.0644240080983212
-0.8108064086440043
-0.5426500489207571
-0.2730598731549899
-0.014099596825510874
0.22365494034876318
0.4314588561817957
0.60263127458125
0.7326772926456808
0.8193028273230765
0.895338386300175
0.9949001496775791
1.1129525767147568
1.2371564445277228
1.3313784267248527
1.3629308794601946
1.3314456224698605
1.2436315315683968
1.1081272916814464
0.9349560201954779
0.7349645352011169
0.5192734034823713
0.2987612223932469
0.07314207218208973
-0.17898622687275537
-0.46868748800690047
-0.7850459269198387
-1.1020003234939555
-1.3685463508861628
-1.5519959448249503
-1.6512273176389527
-1.6689441155533293
-1.6112331630845114
-1.4870096147841707
-1.30738358567061
-1.0849829379661142
-0.8332659207112085
-0.5658549677233847
-0.2959193830022885
-0.03563013940617932
0.20429513613047157
0.41494443640880285
0.5894539621407608
0.7231395243306791
0.813520312700138
0.8899732106961988
0.9870174718045766
1.103494509619794
1.2272484479561045
1.3243941811882267
1.361496989649943
1.335157714716844
1.2518913538986491
1.120185560319718
0.949958344817327
0.75199812890638
0.5374124420861732
0.3171089574804924
0.09347735149373027
-0.15480026844848088
-0.4414960690071584
-0.7559509702688119
-1.0756112811843828
-1.3490917039172523
-1.5397529645302064
-1.6461304245448003
-1.6706166868728292
-1.6190304380581388
-1.5000698616125514
-1.3246845668918912
-1.1054007262028718
-0.8556332611131494
-0.5890166398631782
-0.3187823626386408
-0.057206776319240205
0.18485224826437724
0.3983167424774838
0.5761407481366729
0.7134511549763377
0.807580408353967
0.8844440658637858
0.9789556651445841
1.0938337658323851
1.2171089106967754
1.3171871586309472
1.3598908950291484
1.33875153979919
1.2600875390020132
1.1322330354942494
0.9649987431597946
0.7691128573471555
0.5556684521280428
0.335601297839629
0.11394371135295245
-0.13052607047774945
-0.41424321372760264
-0.7268042046569168
-1.049165453024464
-1.3295712178901706
-1.5274387718251639
-1.6409605533715823
-1.6722178962192764
-1.626760992262396
-1.5130705933518562
-1.3419352677839875
-1.1257789177986595
-0.8779725420586137
-0.6121620601802573
-0.3416406226582609
-0.07878946273560783
0.165393717604753
0.3816653141525308
0.5627974416943738
0.7037282042173787
0.8016033440128643
0.8788705210239698
0.9708291753127583
1.0840749397556682
1.206828635340133
1.3098307890240886
1.35816622390237
1.3422602179015375
1.268232960553537
1.1442634808474514
0.9800537560790465
0.7862705297143164
0.5739914448657888
0.35417966586243754
0.1344766685225639
-0.10623138460592085
-0.3869968052370133
-0.6976707184713141
-1.022721709163504
-1.3100346515411767
-1.5150925778131374
-1.6357455197032498
-1.6737638920691715
-1.6344295752259819
-1.526005911110162
-1.3591203000171257
-1.1460941166484737
-0.9002540711702718
-0.6352570861730391
-0.3644574580936075
-0.10034077326772528
0.14595597128309531
0.36502405074044064
0.5494541256517302
0.6939959274816264
0.7956088358298263
0.8553989032863559
0.915042615960858
1.009102814599645
1.1257931209457483
1.2400643616698228
1.3109769291194113
1.3178352891730096
1.2657353861637253
1.1619554273710704
1.0154494936720977
0.8363095976142745
0.6352226796198135
0.42294702410512786
0.18971691164645677
-0.08832692668144698
-0.4140805721753279
-0.7739046068902506
-1.1131969742684436
-1.3778866130694587
-1.5592225383605711
-1.6561982867002694
-1.671629395354109
-1.611706479334243
-1.485436468100345
-1.304006183276619
-1.080102997544379
-0.8272262875781506
-0.5590209597223632
-0.28866071248911807
-0.02830416453436757
0.21135820091666993
0.42145386065957646
0.5951680502589367
0.7602249844170075
0.9497866869809094
1.15805463133611
1.3646267330489472
1.5234772033942268
1.601446538979035
1.601898977897273
1.531349151493854
1.3989079080450655
1.2156598410926134
0.9940058552238504
0.7470028409774077
0.47621629843407987
0.1607278442462069
-0.20863416129793178
-0.6165333201010785
-1.017131512649885
-1.3528106527242416
-1.6002625293746457
-1.755962582772124
-1.8207479792513899
-1.7994128313266171
-1.7001622479441336
-1.5339613011568682
-1.31381660854252
-1.054028037757128
-0.7694462014163039
-0.47476814715626914
-0.18389922395133262
0.09059618464847174
0.3379382193233853
0.5494586573591776
0.7406426493953262
0.9449418701585468
1.1682248846465528
1.3928753141888686
1.5762404477712664
1.6795954045669772
1.6998314620824924
1.6430590861791954
1.518285104046808
1.336769538498907
1.1113368445711924
0.8556759045270808
0.5804234692586132
0.2656324599633374
-0.10584008282333973
-0.5190679601974781
-0.9390378493740862
-1.3064761199205983
-1.585062452147557
-1.7699456899376462
-1.860834676717793
-1.8616267457337752
-1.7798819784957038
-1.6261795234884422
-1.4133944325477548
-1.1559337514115016
-0.8689691405075051
-0.5677003133782328
-0.26667932449330256
0.02077948910368138
0.2830849933471465
0.510737478377609
0.7078367251669098
0.9087945962485324
1.131727356021607
1.3595260947309087
1.5567156193939595
1.6819535750103547
1.7221234275953292
1.6826168937649175
1.5719008323426238
1.4008829280254511
1.1822227193306885
0.9296230997625448
0.6571353248045149
0.35062257740707137
-0.010260533526430304
-0.41667173767666543
-0.8449471113754299
-1.2346580359542727
-1.5368209785983447
-1.7454304158256146
-1.8591315100735508
-1.8808880761801274
-1.81748722198914
-1.678916375872334
-1.4776510566320304
-1.2278924619948857
-0.9447928808192787
-0.6437042697164814
-0.3394813293812099
-0.045865360024614166
0.22503061856431092
0.46312120975579063
0.6612873694770937
0.8549421680298509
1.0744812582903902
1.3033742009492837
1.5137457872110307
1.6616345163640862
1.7234458165746103
1.7036977745031319
1.6101406809677905
1.4531412182506052
1.2450026542719765
0.9992565536524978
0.7299597839884355
0.43200657031500356
0.08517906944640541
-0.3110422766033809
-0.7398493799291612
-1.145113802924419
-1.4701256519472221
-1.7026124357161407
-1.8400748527111144
-1.8844338719783096
-1.841573005392641
-1.72074362572125
-1.533871220136706
-1.2948016632908828
-1.0185259564033764
-0.7204195917378171
-0.4155290056995792
-0.11793276111187345
0.15980054137434468
0.4070417624780911
0.6154085985650123
0.8099895998512601
1.0231345456174494
1.2499221947108634
1.4706304295982284
1.638866259229336
1.7203180331386814
1.7186933336394252
1.6410674816277298
1.4972861995045115
1.2992959008262306
1.0604373759199268
0.7947372489099718
0.5057677586444295
0.17350877132191223
-0.21154898456031568
-0.6335577523598656
-1.0476017861471185
-1.395566034627161
-1.6523733216263525
-1.8143316161834648
-1.8822619359124853
-1.861081525927426
-1.7592407129055223
-1.5880507168396505
-1.3609413906861354
-1.0926876771199658
-0.7986416875110098
-0.494003948069351
-0.1931627951631517
0.09087456037878261
0.3469418238237518
0.5660530941649179
0.7621338215623652
0.9686965630440496
1.1931493092673662
1.4180082737045065
1.601620670105549
1.7051044989842594
1.724328511783492
1.6655441872317405
1.5379317737453353
1.3529467091389156
1.1236203462639633
0.8638498144398761
0.5854829298666138
0.26877361286679025
-0.1043446223563701
-0.5189871227894676
-0.9415168264977992
-1.3125056145570329
-1.5940760490579962
-1.781292526957259
-1.8738153968254074
-1.8755285666843051
-1.794011400819983
-1.6398914269816978
-1.4261165767226909
-1.1671859819917032
-0.8783768973943051
-0.5750023220739
-0.2717296205851314
0.018014814360055365
0.28253573716321245
0.5122412130177331
0.7098296926206777
0.9098611204747714
1.1320227902090318
1.3593208624277637
1.5572605929679615
1.6842290066410368
1.7258826380472738
1.6875682674604708
1.5777245240656366
1.4072474118228788
1.1888004597984323
0.9361047254605761
0.6632418021894977
0.35723882348879943
-0.0022319054306705333
-0.40752255030825824
-0.8364158234013227
-1.2283772127549784
-1.5328791464610751
-1.7438050209675222
-1.8596992818242144
-1.8834389783058747
-1.8217410716351807
-1.6845411690233878
-1.4842820444140328
-1.235151069441705
-0.9523046432832769
-0.6511150751525552
-0.346471389785995
-0.05216048452831623
0.21965072088074464
0.45881771473880467
0.6574973062517012
0.8504894734228086
1.0690555004256628
1.297492671391181
1.5089338803047743
1.6591210098118905
1.72314830356689
1.70544262661033
1.6136784298623703
1.4581640004573606
1.2511627722309324
1.0061852367341617
0.7372853014924454
0.4404580001167039
0.09550047970941344
-0.299258993581072
-0.7271375091365906
-1.133408581754839
-1.4611860923682132
-1.696601414944968
-1.8370117831464403
-1.8842059353151415
-1.8439512975215602
-1.7254030832137726
-1.5404131267857613
-1.3027775221680222
-1.0274615547875152
-0.7298381765800979
-0.4249726179330675
-0.12698093890554696
0.15151529717346932
0.3998221728862398
0.6094846567175632
0.8042025828080548
1.016479105845864
1.2429371780153322
1.464903225179692
1.6356856773411812
1.7196102932792425
1.7202813281014548
1.6446873318532602
1.502606260687689
1.3059371664729111
1.067994260425689
0.8027977956213896
0.5149799745619192
0.1845524797619834
-0.19908730605638542
-0.6202127178906411
-1.0353167042359557
-1.3861177637333482
-1.645941276981723
-1.8109464694929693
-1.8818167956769791
-1.8633482693151866
-1.7638903113950306
-1.594676318532744
-1.3690829043577475
-1.1018566423346552
-0.8083453049446845
-0.5037672762876386
-0.20254828510683942
0.08225083414765139
0.3393976756962477
0.5598317214689535
0.7560794549455432
0.9617925721508103
1.1859194350753781
1.4110389854535108
1.5963723352095933
1.702696588644666
1.7246282486382036
1.6683100382796137
1.542833318358466
1.3595867699233908
1.1315582116137863
0.8726244319951906
0.5956404441065763
0.2809011137623384
-0.09069758708034847
-0.504391563601286
-0.9279575513726959
-1.3018112366215042
-1.5864788184215053
-1.7768679114196937
-1.8724919554022423
-1.8771034988527426
-1.7981706041911893
-1.6462327947839352
-1.4341752299007842
-1.176460155052678
-0.8883532761454338
-0.5851797569968276
-0.2816403022774895
0.008787441799901208
0.2743428433798322
0.5053585366448485
0.7031272170616569
0.9023324337769967
1.1241924332220683
1.3517767372480092
1.5515158724019205
1.6814590462156256
1.7259593747294832
1.6902483252491065
1.5826697164313899
1.414047715899096
1.1969982361973446
0.9452190057709082
0.6727915625137693
0.3678836661583288
0.010179830814056268
-0.39385679112440597
-0.8234428417458629
-1.2179185966564217
-1.525186251596141
-1.738985492278733
-1.8577243996638344
-1.884156426251264
-1.8248921033144423
-1.6897810426243647
-1.4912025441622012
-1.2433039404140125
-0.9612248244014554
-0.6603427181477723
-0.3555717910373284
-0.06074122273934124
0.21192596481847842
0.45221898822371526
0.6522220085775801
0.8453574679822193
1.0630524951873657
1.2911499392819836
1.503790603669303
1.6564142744399628
1.7227926174069657
1.7072555531107216
1.6173968423318459
1.4634625407563284
1.2576735102481216
1.0135175585077647
0.7450451256572259
0.4493477897061151
0.10624116175743648
-0.28708954429623046
-0.7140837493528904
-1.1214153193284762
-1.452020324638963
-1.6904308276202693
-1.8338572395366735
-1.88395292921705
-1.8463664374930557
-1.7301544538404516
-1.54709329810463
-1.310927964691303
-1.036597260048895
-0.7394713751876762
-0.4346346204994441
-0.13624129054330458
0.14303297086860078
0.3924280514340035
0.6034145640292164
0.7983007042099874
1.0097397968167732
1.2358973430850273
1.4589318658168027
1.6321025986755728
1.7185940084806628
1.7216604778634903
1.648198884707993
1.5079148932629398
1.3126562125251566
1.0757071683587043
0.8110791010571934
0.5244573215854875
0.19588644742161065
-0.18632233936520964
-0.6065627954645556
-1.0227365275145872
-1.3763957847559727
-1.6392672333472198
-1.807359080384943
-1.8812147774563333
-1.8655066246232894
-1.7684807256032595
-1.601290413726394
-1.3772570798126686
-1.1110972673121693
-0.8181531180635326
-0.5136599774663415
-0.21208047161973465
0.07347104677675753
0.33169580480021504
0.5534580915696456
0.7498838230797749
0.954761290299988
1.1785776115457995
1.4039738964132753
1.591051082210866
1.7002451523707915
1.724913302166209
1.67108826764791
1.5477714732827013
1.3662840084160561
1.139569555264838
0.8814841992160352
0.6058845738093268
0.2931086081558315
-0.07697736484695522
-0.4897292352300688
-0.9143376930590669
-1.2910635538745623
-1.5788373091866683
-1.7724092441289943
-1.8711453354407674
-1.878666235894932
-1.8023282101906648
-1.652582340341821
-1.4422506496440919
-1.1857582166929481
-0.8983590068400884
-0.5953902463748089
-0.2915859645023484
-0.0004751253642824027
0.26611611808808233
0.4984447756861106
0.6963972092156534
0.8947787427317704
1.1163373590051604
1.3442063222980094
1.5457480622418471
1.6786748244745022
1.7260305659267239
1.6929310643039694
1.5876250045193474
1.4208644578743619
1.2052175298277141
0.954358501244031
0.6823688071648419
0.3785523680055283
0.022608007624789095
-0.3801791111333205
-0.8104595640170046
-1.2074501446833543
-1.5174843779900584
-1.7341581674840478
-1.8557431497041508
-1.8848690963912051
-1.8280400248024105
-1.6950194708498043
-1.4981231870367566
-1.2514584027634206
-0.9701478525619072
-0.6695742318738889
-0.36467682893785713
-0.06932709354738587
0.20419584939381788
0.445614932116932
0.6469416446737075
0.8402193267485656
1.0570395558086103
1.2847912406452855
1.4986296347305843
1.65369357972155
1.7224270085681126
1.7090626928833426
1.6211135117160667
1.4687631179521705
1.2641896562572896
1.020858135611089
0.7528154467477919
0.4582448313641696
0.11698237541066547
-0.2749228020624106
-0.7010324022583299
-1.1094221995113556
-1.4428523266851214
-1.684255936065988
-1.8306966832083242
-1.883692612300433
-1.8487734018451676
-1.7348972191295402
-1.5537648518094014
-1.3190701601191936
-1.0457254228451904
-0.7490980106913436
-0.4442912475084396
-0.14549759219723057
0.13455330130558085
0.385035193238268
0.5973444026205743
0.7923964183880297
1.0029933476302606
1.2288432997043621
1.452164319348543
1.6270467186503985
1.7163294256095039
1.7220522068174555
1.6510056448075638
1.512808757910131
1.319244440602733
1.0835550665256477
0.8197328172361744
0.5345028202451245
0.20793883253325363
-0.17273031426760693
-0.5920198715170721
-1.0092402262972073
-1.3657763861681314
-1.631752653854688
-1.8030204796095053
-1.8799766204064903
-1.867162394250282
-1.7727131132937548
-1.6076947158029498
-1.3853664933105492
-1.1204088043206006
-0.8281529384811019
-0.52384706695716
-0.22198775533648418
0.0642588738759749
0.323528244133118
0.5466089052624867
0.7432239613540395
0.9472944168601676
1.1708426179188671
1.396569031631192
1.5854578037491451
1.6976009475637108
1.7250867023776364
1.6738340671454188
1.552751179888735
1.3730887027587189
1.1477439429185519
0.8905506896616189
0.6155874321022357
0.30410969826454115
-0.06424302970845003
-0.4758041409098888
-0.9011920195300431
-1.280527053456244
-1.5711567955543548
-1.7676842043505367
-1.8693359423324718
-1.879606856557201
-1.8057453489673017
-1.6581158475079794
-1.4494769809770742
-1.19421454063744
-0.9075670198681982
-0.6048786661196424
-0.3009108156829896
-0.00923710590339022
0.25825771393330915
0.49176190373052914
0.6897617275810412
0.8871886293278055
1.1083244262571252
1.3363709040244949
1.5396323038003008
1.6754869483355799
1.725664974525269
1.695166034735698
1.5921423002315966
1.4272715626459311
1.2130712980135225
0.9631890571876269
0.6917026140299425
0.38904386682658754
0.034924391909073926
-0.3665453805422617
-0.7974530740149439
-1.1968964736388839
-1.5096442808923232
-1.7291502063507678
-1.8535504281517263
-1.8853514272877423
-1.8309505339677454
-1.7000245272998533
-1.504824496434681
-1.2594161029793864
-0.9789035037303864
-0.6786726913828209
-0.3736861362878964
-0.07785565194992006
0.1964853279397463
0.438995063196983
0.6416137464724083
0.8350052259378811
1.0509249507325196
1.2783088392261037
1.4933333057848088
1.6508373323908698
1.7219316757291245
1.7107511926891643
1.6247269465333427
1.4739791405970295
1.2706420987726992
1.0281569245985294
0.7605658988475272
0.4671380805626306
0.12773121037528312
-0.2627353941242443
-0.6879462247899973
-1.097380877137324
-1.4336256765344046
-1.678015421871837
-1.8274670284884016
-1.8833630753051533
-1.851114101139235
-1.7395793608150352
-1.5603836334160597
-1.3271691108764865
-1.054820980975171
-0.7587032289673363
-0.45393765041050904
-0.15475437221283672
0.12606337432180048
0.37762357734111196
0.5912485307696842
0.7864601244983751
0.9962078929616597
1.2217425140948976
1.4453422158886098
1.6219356696603922
1.7140170069156473
1.7224049340339211
1.653783220318422
1.5176837204090334
1.3258240195278863
1.0914040873659343
0.8283965544149239
0.5445608359512841
0.22000161433053345
-0.15912743554343928
-0.5774630627097896
-0.9957255305271459
-1.3551345205228646
-1.6242128734027814
-1.7986552908431779
-1.878711783108996
-1.868792581085077
-1.7769220564497057
-1.6140785699403744
-1.3934591086954211
-1.1297076295182105
-0.8381443520479821
-0.5340300640727684
-0.23189507873544157
0.05504287932592866
0.3153535679685867
0.5397499024976602
0.7365515912124876
0.93981087562057
1.1630847813173362
1.3891338035729284
1.5798323791326159
1.694929514212997
1.7252385833264663
1.6765645286723077
1.5577218882053114
1.3798906026821878
1.1559213408298423
0.8996253723528875
0.6250817500233072
0.3147088065542768
-0.05185163574876939
-0.4621496879281908
-0.8882360452955675
-1.2700965563282869
-1.563500948835605
-1.762908259021139
-1.8674086970833959
-1.8803735429362103
-1.8089449043315586
-1.663401440699391
-1.4564386072284323
-1.2024025103188558
-0.9165152251716313
-0.6141266136872146
-0.3100235531645905
-0.01782233723883242
0.2505358457240645
0.48517269589761314
0.6831762675286934
0.8796045154302876
1.1002737716017947
1.3284564521240463
1.5334065638921714
1.6721704137193238
1.7251593216782812
1.6972567067459505
1.5965178101435697
1.4335454635354097
1.220805621711699
0.9719180595118988
0.7009557487691649
0.3994728151650897
0.04719445138113132
-0.35293807798162724
-0.7837876075340079
-1.1850838072952827
-1.500714399713119
-1.7232556852828402
-1.8506965136210043
-1.8854082245768504
-1.8336701539503644
-1.70506201485769
-1.5117612946323324
-1.26778479976976
-0.9882126567943021
-0.688430624775688
-0.38342274137868004
-0.08714139510896435
0.18802379747354142
0.431663110093264
0.6356409528820124
0.829234891227643
1.0443569469267073
1.2714842816852001
1.4878148364075425
1.647883125093578
1.721456434601735
1.7125669940654973
1.6285602155293628
1.4794899908758736
1.2774449795648724
1.0358415501126648
0.7687175090932872
0.4764238292575178
0.13884370537242796
-0.2502239226739811
-0.6745834677390949
-1.0851167132560515
-1.424234872317843
-1.671671765727045
-1.824194669800143
-1.8830480691877325
-1.8535210975419316
-1.744372264984764
-1.5671489876733407
-1.3354409324853416
-1.0641058330405901
-0.7685043940753331
-0.46377741175731013
-0.16419357470784768
0.11740912023790273
0.3700714839731873
0.5850402437055752
0.7804410739509597
0.9893679071323258
1.214612395604055
1.4385123421710442
1.6168410211161506
1.7117478050903578
1.7228235194100365
1.6566444691027016
1.522654962755025
1.3325071569424098
1.0993587441072494
0.837163150110142
0.5547093613266305
0.232135690561884
-0.14547116641470853
-0.5628685355591794
-0.9821867389835959
-1.3444812907702688
-1.616673890660202
-1.7943020010231667
-1.8774684830372073
-1.870452176818916
-1.7811663137817486
-1.620501581298083
-1.4015926657112852
-1.1390472166174446
-0.8481745571860619
-0.5442483300614023
-0.2418328828616313
0.045802138849969254
0.3071604934802282
0.5328791289539823
0.7298734392123187
0.9323250946718488
1.1553249375540242
1.3816939834918527
1.5742039105489052
1.6922616740603906
1.7253999759469822
1.679309500050083
1.5627110404190738
1.3867137318443938
1.1641215780618528
0.9087233569350399
0.6345987611369952
0.32532478256555963
-0.039452252714767044
-0.4484926926763241
-0.8752798320287518
-1.2596667143434732
-1.5558465470336476
-1.7581344177944496
-1.8654840663418217
-1.8811431953777078
-1.8121476162806363
-1.6686902251002158
-1.4634033150243655
-1.21059332461233
-0.9254659321117027
-0.6233766380063299
-0.31913788633035967
-0.02640865305623874
0.24281340918326516
0.47858341754916023
0.6765910127651074
0.8720190587137113
1.0922172669713879
1.3205293269351364
1.5271657962244325
1.6688421079160167
1.724645401151321
1.6993426854958855
1.6008921078027356
1.439821393433457
1.2285448525564064
0.9806543871070423
0.7102180985462176
0.4099076838050888
0.05946396417334132
-0.33933424064563317
-0.7694620887675685
-1.1720311080807326
-1.4907311796872882
-1.7165254439972641
-1.8472431746568303
-1.8851085279844972
-1.8362715242369285
-1.7102046513815836
-1.51900314985174
-1.2766280953624303
-0.9981306333420137
-0.6988933203128669
-0.3939207386822171
-0.09720665695940889
0.17880068257746842
0.4236197331532051
0.6290341835867203
0.8229282046218153
1.0373628013197025
1.2643503634664723
1.482110591921908
1.6448689367414158
1.7210390591949944
1.714546010003398
1.6326459366155028
1.4853238244221405
1.284621120864778
1.0439289395629916
0.7772810571223052
0.48610670788467647
0.1503186075286964
-0.23739498105547288
-0.660955327548037
-1.0726445725900484
-1.4146974270226893
-1.6652441298095533
-1.8208994306009214
-1.882767144759956
-1.856012826102518
-1.7492925283115601
-1.5740750926201779
-1.3438969601545052
-1.0735882089208442
-0.7785065277609875
-0.473812393143095
-0.1738140850572517
0.10859432962499121
0.36238498614713394
0.578727435438142
0.774348530504145
0.9824835475716026
1.207463463760678
1.4316850734122024
1.6117725107599798
1.7095305028540344
1.7233152949381265
1.6595951614837707
1.5277265696258864
1.3392962130271948
1.1074197132526682
0.8460317091120408
0.5649460610655728
0.24433746450232785
-0.13176610888988938
-0.5482416146391274
-0.9686295519421585
-1.3338224366198106
-1.6091412271768788
-1.7899656873260503
-1.8762511655361027
-1.8721448512997985
-1.7854486824410334
-1.6269656239849242
-1.4097681102141328
-1.1484276195717333
-0.8582427887434605
-0.5545003836126756
-0.25179909624037433
0.03653917256989048
0.2989518399746038
0.5259995530062248
0.7231925309443462
0.9248400684904349
1.1475659146741195
1.3742521127791614
1.5685745173877321
1.6895990246238328
1.7255719291090945
1.6820694812867159
1.5677186117947624
1.3935575860984726
1.1723437338042177
0.9178433818508418
0.6441369477511432
0.3359558964158115
-0.02704677740221717
-0.43483512762746984
-0.8623252848757919
-1.2492392348542187
-1.5481950407454224
-1.7533638318949754
-1.8635628761976735
-1.8819163056500972
-1.8153536486593822
-1.6739820570173738
-1.4703706854249168
-1.21878633109338
-0.9344183033645548
-0.6326277695342197
-0.3282527675154161
-0.0349949805658647
0.2350914525829073
0.471995048067815
0.6680182898239408
0.8291870985998917
0.9931517450970512
1.1808611778871558
1.3761181747077251
1.5403858067172462
1.6330276099467227
1.6455165860433147
1.5840563566932453
1.4576035280758757
1.277238836617189
1.055497208186328
0.8056898727095345
0.5339154347392855
0.21852127677555244
-0.15493697658869354
-0.5711982539086504
-0.9840194930335662
-1.333680724026243
-1.5947834571718746
-1.7632263227606153
-1.8393585286819298
-1.8275892068234678
-1.7358498369353945
-1.574945948152648
-1.3578361516911246
-1.0988765695513907
-0.8130670481549098
-0.5153323991788898
-0.2198675558279235
0.0604297339517334
0.3144209249889034
0.5337346866041108
0.7537039708187516
1.0042673183436681
1.266670070888007
1.5069093524161996
1.6791613214609724
1.7625056029745496
1.7607449633447594
1.6811317437595878
1.5337557823368966
1.3308582333046135
1.0861079279203574
0.8138754920731222
0.494968864220124
0.10884990414884954
-0.32944504250599177
-0.7832882695134818
-1.1899603759321664
-1.5096347791259608
-1.7354838094152383
-1.8654118336940346
-1.9017491812934828
-1.8507758017589964
-1.7221101101013436
-1.5280014583729415
-1.2825657013793226
-1.0010025181291617
-0.6988306996738676
-0.39117376551880245
-0.09212331310052635
0.1857982489492424
0.4320601608897642
0.6707747238947052
0.9329918900706301
1.2107952160597528
1.4774599324957096
1.6840779353061759
1.798673387945656
1.8239272128416355
1.7662521647699996
1.6351941523514917
1.4427452294306928
1.2026061370483376
0.9294353182825734
0.613592276805222
0.2349902376211025
-0.20056213889376617
-0.6675701190746
-1.101913010410206
-1.4508260496450482
-1.7060541256731174
-1.8641882771247014
-1.9264081789322922
-1.8980430606908025
-1.7879858143284677
-1.6079986222597267
-1.3719500115162746
-1.0950229131483245
-0.7929312541203217
-0.48117906739084937
-0.17439135731725686
0.11425968592628627
0.3735157421378642
0.6162055108818506
0.8744470482054989
1.1525754796176368
1.4299237084954384
1.6575754560243647
1.794832030337109
1.8410068164913551
1.8017324662022312
1.6859521953897216
1.505244519150942
1.2730881678207047
1.0041047910731489
0.6975406698402733
0.33348838201912867
-0.09145872478272554
-0.5587209402834583
-1.008516520941739
-1.3803568106283817
-1.6597011571836031
-1.8419720140609857
-1.927278077480703
-1.920014420921743
-1.8283064517638699
-1.663335488592866
-1.4385858154725137
-1.1690531881707746
-0.8704531051146069
-0.5584639365034971
-0.24803550241919892
0.04721178742896348
0.3154782485598227
0.5584176971451992
0.8092548030002751
1.0846599813593558
1.364481685403621
1.6067007162940254
1.7677848649844898
1.8369767504215353
1.818957689872564
1.721877810466516
1.5567025778907313
1.3364896932205257
1.075634261318349
0.7817845450359824
0.43519545313571595
0.023573332753118015
-0.4355426042994319
-0.8936154006192352
-1.2887183838291958
-1.5934239611509233
-1.8018541768254432
-1.912891585285234
-1.9298274429837283
-1.8598442521540601
-1.7133695439409082
-1.5033403828335428
-1.2444187010480021
-0.9521963685805561
-0.6424260796119972
-0.33030995067667634
-0.029872480595626416
0.24656146164797726
0.4894322247689008
0.732935254321655
1.0059685065935047
1.2888715882750592
1.5468994939739704
1.733668942900916
1.8278921931128096
1.833196799176943
1.7568436087463313
1.609098820401558
1.4025258399704599
1.151235067079012
0.8701283928707126
0.5406036214451708
0.1427400075594658
-0.3078108501743852
-0.7738352096772321
-1.192080349672631
-1.5222582648759204
-1.757166140693569
-1.8944288225470647
-1.9361970634814756
-1.8886707117928863
-1.7614827190192202
-1.5669829895838228
-1.319462240901266
-1.0343553140607227
-0.7274609607399471
-0.4142112808433335
-0.10901898922064468
0.175275133440726
0.427838573150319
0.6725104614702853
0.9401058572626086
1.2225188793648183
1.4928853362470864
1.7022096773980697
1.8184800878812906
1.8443902348676349
1.7864096690583942
1.6541789166075855
1.4598150905826641
1.2171663265788315
0.9410523851130799
0.6219996901187739
0.24008612279940555
-0.1987243677423539
-0.6687972161996361
-1.1058922470133172
-1.457149140186715
-1.7142433703553237
-1.8737235756139776
-1.936753645169628
-1.9086720933807224
-1.7984036426708558
-1.617761540985512
-1.3806807322065844
-1.1024216791709687
-0.7987825839189815
-0.4853541959291261
-0.17684663016715518
0.11348805351748659
0.3743200025966884
0.6184171877012618
0.877849518903228
1.1569176308177869
1.4349339678334827
1.6629755474956194
1.8003498670405447
1.8463880323379365
1.8067501904681875
1.6904147852303177
1.5090010796682973
1.2760318016558498
1.0061736249664976
0.6987168000854973
0.33379496096391803
-0.09196197541108109
-0.5599434578491049
-1.010343513713676
-1.38265638556694
-1.6623316044423584
-1.8447889122897827
-1.9301409202712319
-1.9227925112118294
-1.8308838647894503
-1.665614962050305
-1.440491484993241
-1.170532144266887
-0.8714758019727415
-0.5590235313066001
-0.2481462446207321
0.047516965434215686
0.3161507653127956
0.5593967934973331
0.81047126032299
1.0860399010633892
1.365950157167334
1.6081852218796713
1.7692182891434118
1.8382998986277657
1.8201212429233786
1.722843676833366
1.5574446346810231
1.3369939344657533
1.075898396981798
0.7818171148083204
0.4350145351806225
0.023204938751383297
-0.43606635026275453
-0.89425820042758
-1.2894417252119357
-1.5941890104300813
-1.8026235263422847
-1.9136307903461263
-1.9305062979821106
-1.8604377713237739
-1.7138586281930916
-1.5037121695993718
-1.2446666083518503
-0.952319857167508
-0.6424301674354851
-0.3302045221304797
-0.02967143839430597
0.24684115110377602
0.4897715412727633
0.7333141395922904
1.0063668403663384
1.2892700848552616
1.5472804862383942
1.7340170285060426
1.8281947258977107
1.8334442170419927
1.7570295972678514
1.6092203187817042
1.40258290234991
1.1512305975492148
0.8700677765717881
0.5404942768517726
0.14259088643232298
-0.30798978860745413
-0.7740335248447697
-1.1922876227540655
-1.5224645585216026
-1.7573623986614293
-1.8946071966167675
-1.9363511592943479
-1.8887957495614687
-1.761575609163498
-1.5670423271151332
-1.319488225652245
-1.0343496065462838
-0.7274264854609547
-0.4141519901771985
-0.10893960168101313
0.17536940681941265
0.42794230118115256
0.6726182519743058
0.9402125926539812
1.2226199202117443
1.4929766864901612
1.7022881071394043
1.8185432118816405
1.8444365470077493
1.7864385349502838
1.6541905282109652
1.4598103880400253
1.2171468934953222
0.941020324158895
0.6219574861236568
0.24003650045866276
-0.19877858479244837
-0.668853238809737
-1.1059474411731067
-1.4572011306332757
-1.7142901239848984
-1.8737634627044484
-1.9367854775721332
-1.9086951399300265
-1.798417623052249
-1.6177666001460536
-1.3806773980843803
-1.102410807021368
-0.7987652908339213
-0.4853317892771336
-0.176820533636606
0.11351637279352678
0.37434910269684607
0.6184457136676087
0.877876255434918
1.1569415443358515
1.4349542369491242
1.6629915815101133
1.80036131266609
1.8463947693345102
1.806752317324264
1.6904125963610166
1.508995035856178
1.2760224956134683
1.0061617439575425
0.6987030875083233
0.3337801786868675
-0.09197708235739332
-0.559958192857341
-1.0103572553773685
-1.3826686088693028
-1.6623418958889569
-1.8447969788249734
-1.9301465921075374
-1.9227957389600172
-1.8308847114969045
-1.6656135909296192
-1.440488143747974
-1.1705271469957061
-0.8714695096577445
-0.5590163318695349
-0.24813853346705117
0.04752480356269356
0.3161583724830035
0.5594038521813468
0.8104775040584764
1.08604512195312
1.365954210151794
1.6081880258660357
1.7692198252056384
1.8383002056043027
1.820120410827089
1.7228418385499544
1.5574419564680193
1.3369906057740581
1.0758946201078072
0.7818130948492963
0.4350104707128343
0.023201013582883734
-0.4360699739899768
-0.8942613875939263
-1.289444371427989
-1.5941910440705807
-1.802624908957075
-1.9136315155668395
-1.93050638909979
-1.8604372777567921
-1.7138576210953829
-1.5037107368760048
-1.2446648493527133
-0.9523178773213101
-0.6424280730668201
-0.33020241567412345
-0.029669414185267473
0.24684301032648528
0.4897731670539066
0.7333154795888693
1.006367859308189
1.2892707646681765
1.547280825395203
1.7340170406994233
1.8281944381505135
1.833443667386409
1.7570288321325003
1.6092193902270262
1.4025818652871265
1.1512295070674408
0.8700666854825871
0.5404932335416182
0.14258993309209833
-0.3079906173292874
-0.7740342027411822
-1.1922881325087997
-1.5224648917268673
-1.7573625554393515
-1.8946071848949102
-1.9363509937965206
-1.8887954505825395
-1.7615752012006907
-1.5670418374285413
-1.3194876828242998
-1.0343490391040795
-0.7274259206171629
-0.41415145273535314
-0.10893911313980376
0.17536982893993408
0.4279426437803109
0.6726185065786388
0.9402127554024636
1.222619991637981
1.492976671128452
1.7022880129865534
1.8185430497507127
1.8444363298116966
1.7864382769528813
1.6541902442810512
1.4598100929418056
1.2171466012431367
0.9410200474595947
0.6219572359239276
0.2400362856084559
-0.19877875775527803
-0.668853365754059
-1.1059475203546183
-1.457201162570641
-1.7142901112459732
-1.8737634096197786
-1.936785389894516
-1.9086950244597658
-1.7984174872475975
-1.6177664517373465
-1.3806772447086448
-1.10241065589187
-0.7987651484563396
-0.48533166122100857
-0.17682042436752532
0.1135164600186907
0.3743491658723207
0.6184457520221389
0.8778762693617864
1.156941535277304
1.4349542072441648
1.6629915342151795
1.8003612513591598
1.846394697912692
1.806752239804229
1.690412516690982
1.5089949577467714
1.2760224223933758
1.0061616784582452
0.6987030319805918
0.333780134749994
-0.0919771137341584
-0.5599582113428225
-1.0103572612393659
-1.3826686029123072
-1.6623418793732043
-1.8447969533722146
-1.930146559598719
-1.922795701430106
-1.8308846710317535
-1.6656135495692752
-1.440488103400165
-1.1705271093624836
-0.8714694761774207
-0.5590163036751987
-0.24813851136210274
0.04752481911234041
0.3161583813411113
0.5594038545196278
0.8104775003229485
1.0860451128212434
1.3659541964830644
1.608188008648451
1.7692198055010826
1.8383001844953393
1.8201203893672369
1.7228418177194649
1.557441937136628
1.3369905886717715
1.075894605804343
0.7818130837424087
0.43501046302510304
0.02320100936656011
-0.4360699748407474
-0.894261385325142
-1.2894443664031539
-1.5941910367446297
-1.8026248998485321
-1.9136315052294857
-1.9305063780951586
-1.8604372666286397
-1.7138576103470997
-1.5037107269517171
-1.2446648406226044
-0.9523178700714547
-0.6424280674936016
-0.33020241188309496
-0.029669412194132994
0.24684301058124955
0.48977316570742035
0.7333154768357495
1.0063678553889313
1.2892707598547517
1.547280819976241
1.7340170349660062
1.8281944323831403
1.8334436618434369
1.757028827040566
1.6092193857736803
1.402581861615819
1.1512295042748846
0.8700666836184134
0.5404932326101217
0.14258993305589152
-0.3079906165440297
-0.774034201238468
-1.1922881304156987
-1.5224648891858732
-1.7573625526007879
-1.8946071819096104
-1.9363509908091037
-1.8887954477255262
-1.7615751985896535
-1.5670418351584134
-1.3194876809669094
-1.034349037706915
-0.7274259197033222
-0.41415145230457495
-0.10893911317044946
0.17536982848812013
0.42794264296284856
0.6726185054625478
0.940212754062344
1.2226199901521289
1.492976669574993
1.7022880114399794
1.8185430482789564
1.84443632847365
1.7864382757965485
1.6541902433423394
1.4598100922439547
1.2171466007967566
0.9410200472632608
0.6219572359652339
0.24003628586555625
-0.19877875731187444
-0.6688533651597172
-1.1059475196484572
-1.4572011617933696
-1.7142901104380197
-1.8737634088195216
-1.936785389136758
-1.9086950237744928
-1.7984174866590568
-1.617766451263456
-1.3806772443607331
-1.1024106556747293
-0.7987651483685652
-0.48533166125558336
-0.1768204245126036
0.11351645977885128
0.37434916555633335
0.6184457516504029
0.8778762689554976
1.1569415348574184
1.4349542068303507
1.6629915338252315
1.8003612510083908
1.8463946976133383
1.8067522395652178
1.6904125165178145
1.5089949576415682
1.276022422355068
1.0061616784828904
0.6987030320617671
0.33378013487935443
-0.09197711356636362
-0.5599582111473131
-1.0103572610271572
-1.3826686026941784
-1.6623418791593174
-1.8447969531716875
-1.9301465594193088
-1.9227957012779804
-1.8308846709113515
-1.665613549483257
-1.4404881033494423
-1.1705271093463279
-0.8714694761936335
-0.5590163037203333
-0.2481385114317215
0.04752481902338557
0.31615838123839113
0.559403854408835
0.8104775002097006
1.0860451127108088
1.3659541963800554
1.6081880085567786
1.7692198054238668
1.838300184434782
1.820120389324616
1.7228418176951565
1.557441937130165
1.3369905886819362
1.075894605829283
0.7818130837797508
0.43501046307216373
0.023201009420476093
-0.43606997478298837
-0.8942613852664402
-1.2894443663461592
-1.594191036691723
-1.8026248998017125
-1.913631505190314
-1.9305063780647256
-1.860437266607557
-1.713857610335513
-1.5037107269493388
-1.2446648406287633
-0.952317870085158
-0.642428067513606
-0.33020241190798316
-0.029669412222390612
0.2468430105511584
0.48977316567691714
0.7333154768062495
1.0063678553617503
1.2892707598308542
1.547280819956381
1.7340170349507384
1.8281944323727537
1.83344366183798
1.7570288270398653
1.6092193857773658
1.4025818616233579
1.151229504285618
0.8700666836315967
0.5404932326250214
0.14258993307172008
-0.3079906165281386
-0.7740342012232408
-1.1922881304017245
-1.5224648891736656
-1.7573625525907388
-1.894607181901983
-1.9363509908040315
-1.8887954477230187
-1.7615751985896055
-1.56704183516062
-1.3194876809710825
-1.0343490377127043
-0.7274259197103345
-0.4141514523123967
-0.10893911317866589
0.17536982847990631
0.427942642955001
0.6726185054553654
0.9402127540561169
1.2226199901470551
1.4929766695711721
1.7022880114374908
1.8185430482777978
1.8444363284737604
1.7864382757978159
1.6541902433446103
1.4598100922470436
1.217146600800458
0.9410200472673589
0.6219572359695289
0.24003628586985837
-0.19877875730780092
-0.6688533651560504
-1.105947519645296
-1.4572011617908114
-1.7142901104361268
-1.8737634088183217
-1.9367853891362459
-1.9086950237746334
-1.7984174866597884
-1.6177664512646963
-1.3806772443623845
-1.102410655676684
-0.798765148370711
-0.48533166125780913
-0.17682042451480395
0.11351645977677172
0.3743491655544565
0.6184457516488245
0.8778762689542452
1.1569415348564323
1.4349542068296923
1.6629915338249603
1.8003612510084634
1.8463946976137224
1.8067522395658702
1.690412516518684
1.508994957642598
1.2760224223561991
1.006161678484064
0.6987030320629422
0.33378013488045166
-0.09197711356543004
-0.5599582111464774
-1.0103572610264189
-1.382668602693628
-1.6623418791589633
-1.844796953171529
-1.9301465594193365
-1.9227957012781776
-1.8308846709116953
-1.6656135494837192
-1.4404881033499926
-1.1705271093469343
-0.8714694761942647
-0.5590163037209595
-0.24813851143231525
0.04752481902284783
0.3161583812379285
0.5594038544084915
0.8104775002094637
1.086045112710634
1.3659541963799864
1.6081880085568259
1.769219805423995
1.8383001844349784
1.8201203893248665
1.7228418176954456
1.5574419371304766
1.3369905886822542
1.075894605829593
0.7818130837800537
0.4350104630724204
0.023201009420636187
-0.43606997478287923
-0.8942613852663539
-1.289444366346116
-1.5941910366917211
-1.8026248998017484
-1.9136315051903827
-1.9305063780648213
-1.8604372666076732
-1.7138576103356429
-1.503710726949476
-1.2446648406289014
-0.9523178700852908
-0.6424280675137284
-0.3302024119080905
-0.02966941222247954
0.24684301055109029
0.48977316567690093
0.7333154768062635
1.006367855361745
1.289270759830874
1.54728081995644
1.7340170349508064
1.8281944323728267
1.8334436618380545
1.7570288270399377
1.6092193857774328
1.4025818616234167
1.1512295042856666
0.870066683631634
0.5404932326250209
0.1425899330716569
-0.3079906165282126
-0.7740342012232933
-1.192288130401773
-1.5224648891737083
-1.7573625525907743
-1.8946071819020105
-1.9363509908040506
-1.888795447723029
-1.7615751985896075
-1.567041835160614
-1.319487680971069
-1.034349037712684
-0.727425919710309
-0.4141514523123675
-0.10893911317863458
0.17536982847993812
0.4279426429550319
0.6726185054554236
0.9402127540561803
1.222619990147157
1.492976669571322
1.7022880114376118
1.818543048277887
1.8444363284738166
1.7864382757978394
1.6541902433446027
1.4598100922470079
1.2171466008003977
0.9410200472672792
0.6219572359694097
0.2400362858696804
-0.19877875730802919
-0.6688533651562869
-1.1059475196454998
-1.4572011617909764
-1.7142901104362491
-1.8737634088183996
-1.9367853891362796
-1.908695023774625
-1.798417486659742
-1.617766451264617
-1.3806772443622786
-1.1024106556765583
-0.7987651483705727
-0.48533166125766525
-0.1768204245146613
0.11351645977690689
0.37434916555457887
0.6184457516489117
0.8778762689542787
1.156941534856501
1.434954206829794
1.6629915338250194
1.8003612510084945
1.8463946976137264
1.8067522395658493
1.6904125165186412
1.5089949576425368
1.2760224223561234
1.0061616784839784
0.6987030320628274
0.33378013488033176
-0.0919771135655073
-0.5599582111465586
-1.010357261026518
-1.3826686026937092
-1.6623418791590248
-1.8447969531715696
-1.930146559419356
-1.9227957012781767
-1.8308846709116755
-1.6656135494836832
-1.4404881033499437
-1.1705271093468759
-0.8714694761942003
-0.5590163037208924
-0.24813851143224874
0.04752481902291089
0.31615838123798556
0.5594038544085222
0.8104775002094513
1.0860451127106276
1.3659541963799506
1.6081880085567382
1.769219805423916
1.8383001844349114
1.820120389324813
1.7228418176954066
1.5574419371304526
1.336990588682245
1.0758946058295982
0.7818130837800483
0.43501046307242197
0.023201009420684815
-0.43606997478278764
-0.8942613852662445
-1.2894443663460133
-1.5941910366916294
-1.802624899801671
-1.913631505190322
-1.9305063780647786
-1.8604372666076487
-1.7138576103356362
-1.5037107269494854
-1.244664840628925
-0.9523178700853263
-0.6424280675137732
-0.3302024119081419
-0.029669412222534608
0.2468430105510343
0.4897731656768283
0.7333154768061612
1.0063678553616655
1.2892707598307824
1.5472808199563137
1.7340170349507082
1.828194432372759
1.8334436618380177
1.757028827039931
1.6092193857774542
1.4025818616234627
1.1512295042857332
0.8700666836317166
0.5404932326250886
0.14258993307172518
-0.30799061652810295
-0.7740342012231678
-1.1922881304016566
-1.5224648891736057
-1.7573625525906886
-1.894607181901944
-1.9363509908040046
-1.8887954477230042
-1.7615751985896029
-1.5670418351606277
-1.3194876809710991
-1.0343490377127282
-0.7274259197103641
-0.41415145231243
-0.10893911317870109
0.17536982847987093
0.427942642954967
0.6726185054553929
0.9402127540562105
1.2226199901471153
1.4929766695711881
1.7022880114374959
1.818543048277793
1.8444363284737468
1.786438275797795
1.6541902433445836
1.459810092247013
1.217146600800425
0.9410200472673256
0.6219572359694867
0.2400362858697992
-0.198778757307922
-0.6688533651562121
-1.1059475196454287
-1.4572011617909117
-1.714290110436193
-1.8737634088183537
-1.9367853891362454
-1.9086950237746032
-1.7984174866597324
-1.6177664512646193
-1.3806772443622912
-1.1024106556765798
-0.7987651483706015
-0.48533166125769944
-0.17682042451469893
0.11351645977686775
0.3743491655545401
0.6184457516489046
0.8778762689543292
1.1569415348565568
1.4349542068298464
1.6629915338250825
1.800361251008542
1.8463946976137575
1.806752239565864
1.6904125165186399
1.508994957642521
1.2760224223560954
1.0061616784839404
0.6987030320627967
0.3337801348803259
-0.09197711356553429
-0.5599582111466022
-1.0103572610265457
-1.3826686026937391
-1.6623418791590554
-1.8447969531715993
-1.930146559419384
-1.9227957012782018
-1.8308846709116966
-1.6656135494836999
-1.4404881033499555
-1.1705271093468828
-0.8714694761942023
-0.5590163037208897
-0.24813851143224197
0.04752481902292116
0.3161583812379986
0.5481403178695017
0.7362835611613501
0.8759489672842478
0.9650360404202929
1.0038619767003505
0.9949438009841736
0.9427014170972714
0.853101393394626
0.7332622599627316
0.591042047362797
0.43462783598686483
0.2721453294957056
0.11130406020509132
-0.0409090599514097
-0.17847834272287022
-0.2965439443740735
-0.3915197190703088
-0.46114471240483673
-0.5044716080417296
-0.5217979541401838
-0.5145480398941281
-0.485114815251705
-0.43667222513098763
-0.37296876578414395
-0.2981129917360016
-0.2163611539062128
-0.13191619688742995
-0.04874606222321734
0.029572280645290674
0.09997833517739708
0.16002011906408822
0.2079114892945922
0.24255513803891424
0.26353313457896604
0.27106816814884327
0.2659596785397861
0.24949982084545988
0.22337468709131147
0.1895564034744927
0.15019165249265173
0.10749185981315548
0.06362977026681796
0.020646456046416656
-0.019628002788061073
-0.055637804219281224
-0.08614722466293535
-0.1102683789106214
-0.12747123066948696
-0.13757690650642185
-0.14073601691206863
-0.13739420876131472
-0.12824755158954315
-0.11419059108193516
-0.09625998916018878
-0.07557661946064925
-0.05328881358467413
-0.030519175302242657
-0.008317018061130811
0.012381941224663401
0.030787458246412575
0.04627750578291222
0.058411648805901925
0.06693524752995214
0.07177507541598804
0.07302726997030284
0.0709387964640045
0.0658837925909317
0.05833627353258067
0.0488407134133553
0.037981985407968995
0.02635604621986372
0.014542600857775756
0.0030807917217123455
-0.007551265977452776
-0.01695252012977712
-0.024810251915311388
-0.030906482751476824
-0.035119644142263096
-0.03742183579230383
-0.03787216536064707
-0.03660679522090231
-0.03382641475565206
-0.029781910189947025
-0.02475901873771627
-0.01906273250482774
-0.013002164151407848
-0.006876505838273886
-0.0009626113123015843
0.004495385586266212
0.00929412776481315
0.013276606117727359
0.016335207894475578
0.018412319831718652
0.019498665464106994
0.019629641279625056
0.018879982725207554
0.01735713715220075
0.015193746285155928
0.012539646307770574
0.009553780627044572
0.006396390941425696
0.003221809087599335
0.0001721183414698851
-0.002628108317287968
-0.005075850670256677
-0.007092388158177753
-0.008624738740459808
-0.009645836242453118
-0.010153544679487718
-0.010168651265978995
-0.009732013116146186
-0.008901055381299006
-0.007745830630107899
-0.006344851028528421
-0.004780897106798285
-0.0031369907588388347
-0.0014926970253958064
7.91092245430087e-05
0.0015149076689647265
0.0027625578947865557
0.0037826498918325604
0.0045491767433194046
0.005049556851496859
0.005284059548033644
0.005264709829274489
0.00501376464636987
0.0045618643685499255
0.00394596869262344
0.0032071866090943382
0.002388605488423861
0.0015332155330887282
0.0006820135028725166
-0.00012764539437372076
-0.0008633953556113445
-0.001498873180863054
-0.002014380143533811
-0.0023971928288928756
-0.002641538762556216
-0.0027482661668304957
-0.0027242482597338628
-0.0025815708642992654
-0.0023365575840113475
-0.0020086894222799984
-0.001619475605175598
-0.0011913297435438197
-0.0007465006704086093
-0.00030610070843959574
0.00011073379811930395
0.0004875236485186032
0.0008109528168998674
0.001071191696597927
0.0012620386465781517
0.0013808888866316316
0.001428546673770822
0.0014089022918061312
0.0013284995597140521
0.001196022247442003
0.0010217289870328068
0.0008168660543505526
0.0005930859006856829
0.000361896708574386
0.00013416474116822617
-8.031291941934684e-05
-0.00027315225088911035
-0.00043763458200158517
-0.0005688638406186081
-0.0006638298045948117
-0.0007213824774642711
-0.000742126216259168
-0.0007282450664933739
-0.0006832728412071797
-0.0006118227876471336
-0.0005192922241094314
-0.00041155734154990967
-0.0002946725193594947
-0.00017458709507210609
-5.6890663740450005e-05
5.340421483364941e-05
0.00015203542842682157
0.00023561686123478115
0.0003017145523043289
0.00034887425334963196
0.00037660326217342727
0.00038531119103909383
0.00037621575573835287
0.0003512207076542553
0.00031277366477456365
0.00026371183426011685
0.00020710348180031474
0.00014609252920912
8.375290087739895e-05
2.295824970517321e-05
-3.372846283517306e-05
-8.414231460476996e-05
-0.00012657877413319854
-0.00015983040042927987
-0.00018319842788958447
-0.0001964808402794768
-0.00019993944408052035
-0.00019424917020836885
-0.00018043334818340897
-0.0001597890026306282
-0.00013380632259140998
-0.0001040863623886984
-7.226076897725607e-05
-3.99169210247059e-05
-8.531339853161242e-06
2.058637518111724e-05
4.633749041748256e-05
6.786503581392781e-05
8.457138804689572e-05
9.612288229614698e-05
0.00010244234189446704
0.00010369087530272381
0.00010024065156875387
9.264062083106179e-05
8.157729318174111e-05
6.783272996530704e-05
5.224184349055525e-05
3.565095507899343e-05
1.8879341250526867e-05
2.6852196504016936e-06
-1.2262692729345724e-05
-2.540725880757042e-05
-3.63181964002254e-05
-4.470044585328958e-05
-5.039584192615971e-05
-5.337858031275802e-05
-5.374520274551091e-05
-5.170000642555661e-05
-4.75369098707223e-05
-4.161887724818752e-05
-3.4356018513637706e-05
-2.6183447150256292e-05
-1.7539896844051575e-05
-8.847980398468431e-06
-4.968269775957979e-07
7.172333645004765e-06
1.387724964664639e-05
1.9402179070003188e-05
2.3601840410169868e-05
2.6401908769189973e-05
2.7796326807069565e-05
2.7841818126802724e-05
2.6650081985265016e-05
2.43782105685117e-05
2.121790318400562e-05
1.7384056600961956e-05
1.310328957744626e-05
8.60291548573207e-06
4.100813773931456e-06
-2.034268137495278e-07
-4.1358081120399e-06
-7.553473367521026e-06
-1.0348410571783912e-05
-1.2449299981397408e-05
-1.3821580424604581e-05
-1.4465881613639407e-05
-1.441502965695437e-05
-1.3729878706414806e-05
-1.2494252354311548e-05
-1.0809293924394592e-05
-8.787525769268955e-06
-6.546905278041794e-06
-4.2051411904078314e-06
-1.8745000606263447e-06
3.427083746003094e-07
2.357824157742563e-06
4.098614070177929e-06
5.511086789686112e-06
6.56034691415666e-06
7.230531041837201e-06
7.523906122400885e-06
7.4592406424506905e-06
7.069582101999731e-06
6.3995892893902e-06
5.502575065363667e-06
4.43741506502696e-06
3.2654705653379443e-06
2.0476606409282416e-06
8.418007267531555e-07
-2.9969696885213556e-07
-1.3316898329977509e-06
-2.2176918390940902e-06
-2.93076012760464e-06
-3.453884085740865e-06
-3.7799016292078855e-06
-3.9109862515867276e-06
-3.857763749353741e-06
-3.638128969962624e-06
-3.2758402891048347e-06
-2.798972819236013e-06
-2.238310781184978e-06
-1.6257553853351506e-06
-9.928174457851167e-07
-3.6925436169086987e-07
2.1810032263713742e-07
7.462791627834685e-07
1.1968723597941562e-06
1.5564591047579619e-06
1.816781548780541e-06
1.9746753881610387e-06
2.0317806571862263e-06
1.9940640689192406e-06
1.8711899507900392e-06
1.6757804059991307e-06
1.4226068138483342e-06
1.1277542736623688e-06
8.077982882908373e-07
4.790291283148419e-07
1.567542181404754e-07
-1.4529712896981505e-07
-4.154488847053452e-07
-6.444224618399234e-07
-8.25545651362548e-07
-9.548284836530544e-07
-1.0309138713556407e-06
-1.054915776373844e-06
-1.0301615519056513e-06
-9.618579518107068e-07
-8.567020379385519e-07
-7.224588673251418e-07
-5.675274681719385e-07
-4.005153191273333e-07
-2.2983946560984743e-07
-6.336969821736939e-08
9.187394541495221e-08
2.299605341071867e-07
3.4621917171171747e-07
4.373396968593572e-07
5.014046131661814e-07
5.378566326650784e-07
5.474086980931555e-07
5.319053190801187e-07
4.941454692826317e-07
4.376781305338524e-07
3.665818472589455e-07
2.8523940483054194e-07
1.9811802466485973e-07
1.0956434835449126e-07
2.3622046324982884e-08
-5.6121776295634674e-08
-1.2665699997943755e-07
-1.8563519920760676e-07
-2.3141789691594433e-07
-2.630893003740927e-07
-2.804359485141469e-07
-2.8389696169681783e-07
-2.744895760650206e-07
-2.5371534482230347e-07
-2.2345279149771933e-07
-1.8584241275504865e-07
-1.4316977005533647e-07
-9.775201032175862e-08
-5.183255367646746e-08
-7.487925098506848e-09
3.345016637219554e-08
6.945533436162946e-08
9.934839537733391e-08
1.223203374341986e-07
1.379369538273346e-07
1.461264824039783e-07
1.471522305511147e-07
1.4157266431603312e-07
1.3019178648536867e-07
1.1400282051452739e-07
9.412825942623446e-08
7.175924194510246e-08
4.8096998219461846e-08
2.4298784618770573e-08
1.430324266006036e-09
-1.9573688244004517e-08
-3.793994811021178e-08
-5.3077192568415397e-08
-6.458704768801165e-08
-7.226541580844701e-08
-7.609513957601546e-08
-7.62310029467604e-08
-7.297837960481005e-08
-6.676701019409302e-08
-5.81214806731011e-08
-4.7629987696910416e-08
-3.5912919123639476e-08
-2.3592657113918055e-08
-1.1265838481469579e-08
5.209059849925928e-10
1.1290951757796831e-08
2.0652893509083274e-08
2.8310700388283878e-08
3.4068790120366894e-08
3.783222548570305e-08
3.960243566072473e-08
3.946902921822197e-08
3.759839094445496e-08
3.421983875832715e-08
2.9610159664496017e-08
2.4077346445137673e-08
1.794432293265164e-08
1.1533379796351713e-08
5.15195044146349e-09
-9.197558233644882e-10
-6.4388720670924205e-09
-1.1207484778901893e-08
-1.5077611863400475e-08
-1.7953549029127185e-08
-1.9791702469792802e-08
-2.059812715599849e-08
-2.04240732081463e-08
-1.935990556497717e-08
-1.7527803437598704e-08
-1.5073665827272624e-08
-1.2158648621348854e-08
-8.950739231958703e-09
-5.616738856118372e-09
-2.314973180635337e-09
8.110069603066228e-10
3.637539367025592e-09
6.064652097898917e-09
8.018495137622699e-09
9.45240987450108e-09
1.0346703841620216e-08
1.0707249847127432e-08
1.0563070656142647e-08
9.963101740890761e-09
8.972344798073149e-09
7.66763379098042e-09
6.1332337448451745e-09
4.45648136770249e-09
2.7236570913637124e-09
1.0162518923728818e-09
-5.922390071751405e-10
-2.0388979358734056e-09
-3.2732803383232155e-09
-4.258597985258787e-09
-4.972197463810726e-09
-5.405372158673921e-09
-5.562572240130894e-09
-5.460098404483246e-09
-5.124380753862086e-09
-4.5899540337922e-09
-3.897244522527211e-09
-3.0902824907139048e-09
-2.214447843843834e-09
-1.314346018222629e-09
-4.3189724789402885e-10
3.952941391775757e-10
1.1352417619534773e-09
1.762520590074831e-09
2.2588401508452397e-09
2.613253353960259e-09
2.8220224004722433e-09
2.888176624022347e-09
2.8208078220829865e-09
2.634156423628838e-09
2.3465466084976174e-09
1.979230286025514e-09
1.5551988278668788e-09
1.0980179135565136e-09
6.307351567519587e-10
1.749027689019159e-10
-2.502511413147231e-10
-6.284784513398571e-10
-9.469796037355167e-10
-1.1966799125387388e-09
-1.372317565184383e-09
-1.472355295574331e-09
-1.4987345056984634e-09
-1.4564960098066896e-09
-1.353295445884156e-09
-1.1988437012476238e-09
-1.0043034627186817e-09
-7.816723228992919e-10
-5.431809042622379e-10
-3.0073139815747037e-10
-6.539798447895885e-11
1.5299395313887205e-10
3.4619781829146776e-10
5.077780342613877e-10
6.332424711072639e-10
7.20077614456981e-10
7.676931169018727e-10
7.772858274119069e-10
7.516361102715978e-10
6.948511846011849e-10
6.120713206869554e-10
5.091550397942634e-10
3.9235903311793944e-10
2.6802742463730494e-10
1.4230335584015532e-10
2.087378737888656e-11
-9.124397724198192e-11
-1.898681061134914e-10
-2.7176706382030493e-10
-3.347226584651946e-10
-3.7754288271151204e-10
-4.0002821234974493e-10
-4.02896778892381e-10
-3.876751979705404e-10
-3.5656278505031606e-10
-3.122774171615376e-10
-2.5789141620552705e-10
-1.966655653922034e-10
-1.318887692555683e-10
-6.672998455522989e-11
-4.107947089333319e-12
5.341703467424564e-11
1.0372628583908582e-10
1.4519939266805847e-10
1.7674398349615372e-10
1.977996068485609e-10
2.083177185689689e-10
2.0872067853874118e-10
1.998433429237954e-10
1.8286130660966543e-10
1.5921010007400844e-10
1.3049968281602874e-10
9.842841778414664e-11
6.470038148661453e-11
3.094939174910736e-11
-1.327447608013406e-12
-3.08245434782939e-11
-5.6469506890621326e-11
-7.745100073203503e-11
-9.32326753101884e-11
-1.035537472051621e-10
-1.0841732173820083e-10
-1.080680095851021e-10
-1.0296073162188957e-10
-9.372283678012616e-11
-8.111177480416382e-11
-6.597057372895065e-11
-4.918327948818543e-11
-3.163233487059011e-11
-1.4159622449490928e-11
2.4674115890220378e-12
1.7583480324694684e-11
3.0646316287566146e-11
4.1250323367228363e-11
4.9133023324906834e-11
5.417461874285963e-11
5.6391272056770326e-11
5.592292814420342e-11
5.301667990667769e-11
4.800678947570956e-11
4.1292532034298115e-11
3.3315027326078255e-11
2.4534170554216065e-11
1.540667625267008e-11
6.366113962751138e-12
-2.1943477746775136e-12
-9.935952981222716e-12
-1.6584778151787993e-11
-2.193840168835041e-11
-2.586884356598669e-11
-2.832195942336502e-11
-2.931361481151129e-11
-2.892308051428688e-11
-2.7284175791535576e-11
-2.4574741749347178e-11
-2.1005051937419183e-11
-1.6805763175809046e-11
-1.2215979148114304e-11
-7.471946037692766e-12
-2.7968277090099745e-12
1.6080776120739991e-12
5.570411576375715e-12
8.951951554653352e-12
1.1651856258891042e-11
1.360798176429262e-11
1.4796372297430683e-11
1.5229102215849027e-11
1.495070377398259e-11
1.4033458143578069e-11
1.2571854124056137e-11
1.0676530185684215e-11
8.468011768091235e-12
6.0705385317749e-12
3.6062474323224036e-12
1.1899393113018706e-12
-1.0753883466073044e-12
-3.1021091792000317e-12
-4.8205540089666305e-12
-6.1805833969866835e-12
-7.152162463110135e-12
-7.7249966168436e-12
-7.907323501291162e-12
-7.723985798272595e-12
-7.213930892755018e-12
-6.4272964772235236e-12
-5.422246108980332e-12
-4.261715984152214e-12
-3.0102245307491636e-12
-1.7308808601558025e-12
-4.827078388885596e-13
6.816281539486179e-13
1.7176144953696975e-12
2.5901768660641027e-12
3.27443739374233e-12
3.755957182394497e-12
4.030495949683211e-12
4.103340128318519e-12
3.98826557501036e-12
3.706211641573121e-12
3.2837496790029518e-12
2.751431149097617e-12
2.1420986713582775e-12
1.489237950351193e-12
8.254401469244478e-13
1.8103349981782426e-13
-4.170694509796405e-13
-9.462761463464808e-13
-1.3889506840107474e-12
-1.7327772428482403e-12
-1.9708571909175556e-12
-2.1015580258069796e-12
-2.1281417597719758e-12
-2.0582078050058248e-12
-1.9029906768647027e-12
-1.6765558656407708e-12
-1.3949380841551302e-12
-1.0752649245206567e-12
-7.349059760871044e-13
-3.9068295226584176e-13
-5.817067456733489e-14
2.488877790045208e-13
5.190354763303687e-13
7.434164511702124e-13
9.159487610442169e-13
1.0333600670815838e-12
1.0950957490482865e-12
1.103114371342357e-12
1.0615890571265711e-12
9.765359316684686e-13
8.553922429135711e-13
7.065670907596401e-13
5.389869768116334e-13
3.616567433966883e-13
1.832540549261498e-13
1.1772558460449266e-14
-1.4577457219299062e-13
-2.83582666184196e-13
-3.972108257399829e-13
-4.836636918649357e-13
-5.414022798259382e-13
-5.702893838255392e-13
-5.714774852545024e-13
-5.472489771362295e-13
-5.008198025651921e-13
-4.3611829015685494e-13
-3.5755107499059197e-13
-2.697675634407617e-13
-1.7743349885415637e-13
-8.502289191296275e-14
3.3640149748324727e-15
8.415087974860148e-14
1.5439952784907873e-13
2.1188631583097154e-13
2.551404037946788e-13
2.8344545225494127e-13
2.9680775159510976e-13
2.958950257052386e-13
2.8195109296914145e-13
2.5669220034416433e-13
2.2219116789222628e-13
1.80755503738361e-13
1.3480539725705718e-13
8.675700565363965e-14
3.891575811193398e-14
-6.616440346364575e-15
-4.8017166167284606e-14
-8.380065034029038e-14
-1.1285521798743689e-13
-1.3446099942508548e-13
-1.48288791213009e-13
-1.5438170670247428e-13
-1.5312187980925803e-13
-1.4518495704758977e-13
-1.3148542327752192e-13
-1.1311595595307658e-13
-9.12839978753607e-14
-6.724859275771779e-14
-4.226025963232529e-14
-1.7506313487691363e-14
5.9364046844546486e-15
2.713991898716741e-14
4.535367862302997e-14
6.002285035858909e-14
7.079639864595508e-14
7.752545635268031e-14
8.025287677830486e-14
7.919517322077036e-14
7.471828789945588e-14
6.730878385678233e-14
5.754212188005069e-14
4.604967350867129e-14
3.348603799856502e-14
2.0498085478624282e-14
7.69695216941149e-15
-4.366020582939594e-15
-1.5218670020443258e-14
-2.4482254028459727e-14
-3.188035405113964e-14
-3.724249455744215e-14
-4.050276411016868e-14
-4.169392048951989e-14
-4.0937621708406066e-14
-3.843154227285775e-14
-3.443420801103856e-14
-2.924841361260172e-14
-2.3204076958914852e-14
-1.6641337275853862e-14
-9.89462530675459e-15
-3.278329255561156e-15
2.9254430245380296e-15
8.47664017543782e-15
1.3184356246744864e-14
1.6911144871509928e-14
1.957460149739941e-14
2.1146373883391613e-14
2.1648861494210425e-14
2.114994483524369e-14
1.9756144294426555e-14
1.760464394695721e-14
1.4854629351929323e-14
1.1678380906971819e-14
8.25253793174538e-15
4.74990608895421e-15
1.3321252707696646e-15
-1.8565497739370192e-15
-4.694174357389519e-15
-7.084635264424617e-15
-8.959730974782644e-15
-1.0279840034574619e-14
-1.1033266987094475e-14
-1.1234406319988623e-14
-1.0920905407144299e-14
-1.015003651171626e-14
-8.994505246703774e-15
-7.537928684902864e-15
-5.870211286520574e-15
-4.083032104829048e-15
-2.2656338059101907e-15
-5.01074605988371e-16
1.136929858425324e-15
2.586484553760703e-15
3.79926052254771e-15
4.741492236017108e-15
5.394245709985479e-15
5.753006981145959e-15
5.826666467882844e-15
5.6359951353606e-15
5.2117228116735066e-15
4.592337324316099e-15
3.821725490075717e-15
2.9467737942514456e-15
2.015038447299821e-15
1.0725821868808359e-15
1.6205959833635012e-16
-6.788851762001357e-16
-1.4188636929375297e-15
-2.0336063591168286e-15
-2.506437456828337e-15
-2.8283737136652694e-15
-2.997873788535477e-15
-3.0202791982620045e-15
-2.9069974634655785e-15
-2.674485391280966e-15
-2.343094383947769e-15
-1.9358405573238748e-15
-1.477160491594927e-15
-9.91708945629274e-16
-5.032482586971488e-16
-3.367090981311811e-17
3.978126898647099e-16
7.752991199286904e-16
1.0866176929254363e-15
1.3235549464219597e-15
1.4818849053222333e-15
1.5612201473814389e-15
1.5647053760060558e-15
1.4985803517005493e-15
1.3716425573636628e-15
1.1946418537981658e-15
9.796396754199812e-16
7.393641430579725e-16
4.86590006536613e-16
2.3356879243443214e-16
-8.469830823780226e-18
-2.2972938463583183e-16
-4.221597463221601e-16
-5.796665517562592e-16
-6.982163052494615e-16
-7.758413322006357e-16
-8.125527983633378e-16
-8.101733989610283e-16
-7.721039013543597e-16
-7.030394595659352e-16
-6.086525021615038e-16
-4.952590594205113e-16
-3.6948470757025593e-16
-2.379449610356147e-16
-1.0695305335996605e-16
1.7734256762471893e-17
1.311247990670108e-16
2.2914769005660847e-16
3.0875600866627527e-16
3.6797545483323115e-16
4.059013890392005e-16
4.226487354571701e-16
4.192609415913522e-16
3.9758547903592583e-16
3.601242212526304e-16
3.0986744449897527e-16
2.5012018623434863e-16
1.8432929759124834e-16
1.159187929774691e-16
4.8140091373729567e-17
-1.6057471732670937e-17
-7.413183427144455e-17
-1.2402648778997455e-16
-1.642206486077966e-16
-1.9375146693535084e-16
-2.1220964729265623e-16
-2.1971091567077613e-16
-2.1684663356040512e-16
-2.0461750456521247e-16
-1.8435473569207562e-16
-1.5763320344378527e-16
-1.2618114545146608e-16
-9.179067120439944e-17
-5.623298720200561e-17
-2.1181694627964726e-17
1.1853123054103347e-17
4.15780122542763e-17
6.695518735201024e-17
8.722695178931114e-17
1.0192565252028109e-16
1.1086994637298182e-16
1.141486976295768e-16
1.1209426285025058e-16
1.0524724107855547e-16
9.431497046243425e-17
8.012613706776621e-17
6.358383445616664e-17
4.5619284088316726e-17
2.7148211031364128e-17
9.031583684423201e-18
-7.957911134390552e-18
-2.3162656076724803e-17
-3.605953535622137e-17
-4.627177029617577e-17
-5.3573274406571424e-17
-5.788596566424962e-17
-5.927074876997927e-17
-5.791310048938583e-17
-5.410435160716662e-17
-4.821985747952101e-17
-4.069528652049314e-17
-3.2002235700453474e-17
-2.2624310023013062e-17
-1.3034686546161396e-17
-3.676031714413377e-18
5.056536719966796e-18
1.282894505863419e-17
1.9377817108254428e-17
2.451618194619601e-17
2.8135315768082634e-17
3.020296212025816e-17
3.075831466301785e-17
2.9904257646851203e-17
2.7797439023391896e-17
2.4636798661153944e-17
2.0651190100763535e-17
1.608672062055021e-17
1.1194394194028493e-17
6.2185792224670965e-18
1.386742393453034e-18
-3.0992032789051123e-18
-7.069689025827971e-18
-1.0392275600441052e-17
-1.2974390317714712e-17
-1.4764067273247442e-17
-1.57488262812239e-17
-1.595289710056972e-17
-1.543305140828945e-17
-1.4273344530481182e-17
-1.2579091779771833e-17
-1.0470410770103388e-17
-8.075652372434413e-18
-5.5250207075900856e-18
-2.9446488747458947e-18
-4.513544422592263e-19
1.8517502713608997e-18
3.8786707206015615e-18
5.5628966630485874e-18
6.858706036374276e-18
7.74143800211723e-18
8.206809959654257e-18
8.26938937995823e-18
7.960359405598427e-18
7.324736736409145e-18
6.418211220809593e-18
5.303779049093219e-18
4.048336097577705e-18
2.719385697752256e-18
1.381997030221668e-18
9.612775892508845e-20
-1.0856011925215707e-18
-2.119618260532571e-18
-2.972568600768651e-18
-3.621930438308778e-18
-4.056099554527194e-18
-4.273983003982843e-18
-4.2841614315729396e-18
-4.10369346629851e-18
-3.756645329939692e-18
-3.2724339633595934e-18
-2.684072790405367e-18
-2.0264060397162246e-18
-1.334410808550748e-18
-6.416363765537231e-19
2.1161662307282732e-20
6.271483648520931e-19
1.1542677158094282e-18
1.585816845670702e-18
1.9107346976214584e-18
2.1236164275481352e-18
2.224476019901611e-18
2.218288860938048e-18
2.1143530829355573e-18
1.9255132494446315e-18
1.667292376966594e-18
1.356978471738835e-18
1.0127098824237456e-18
6.526000873965464e-19
2.9393736421847304e-19
-4.7511516630567144e-20
-3.580714966372991e-19
-6.265887030284312e-19
-8.447120293766314e-19
-1.0070268164122935e-18
-1.1110471789337845e-18
-1.1570792348679472e-18
-1.1479721783822097e-18
-1.088777679255888e-18
-9.863404252148793e-19
-8.488437508525085e-19
-6.853342679761195e-19
-5.052483264348681e-19
-3.1796112890447944e-19
-1.3237656411543416e-19
4.3427503652208366e-20
2.024874500952458e-19
3.3916844901391583e-19
4.493020774324254e-19
5.302473589449982e-19
5.808789952247978e-19
6.015094450777518e-19
5.937538795911573e-19
5.603488114091945e-19
5.049363381295437e-19
4.318264565682289e-19
3.4574982599656033e-19
2.5161273809043577e-19
1.5426496239739122e-19
5.828966636106591e-20
-3.217714443919238e-20
-1.1359215559033268e-19
-1.8311174880878012e-19
-2.386589898466835e-19
-2.789510052148835e-19
-3.0348887415652497e-19
-3.12513643621252e-19
-3.069332706076811e-19
-2.882261791512339e-19
-2.5832767576816555e-19
-2.195057001837601e-19
-1.7423231462297947e-19
-1.2505698392717468e-19
-7.448710922105238e-20
-2.488049601416356e-20
2.1646485672811983e-20
6.329230348826991e-20
9.862352981735437e-20
1.266073113959882e-19
1.4662335629270092e-19
1.5845663392085409e-19
1.622727373622601e-19
1.5857846101840745e-19
1.4817058634722612e-19
1.3207613853564325e-19
1.1148747973744778e-19
8.769554952357127e-20
6.202436618283034e-20
3.5769584175814484e-20
1.0143487713001488e-20
-1.377168532368234e-20
-3.506072361353459e-20
-5.3001905919472714e-20
-6.708266212478762e-20
-7.700464864986636e-20
-8.267890577569189e-20
-8.421214749994719e-20
-8.18855388126001e-20
-7.612753386819818e-20
-6.748247899024815e-20
-5.657672841924131e-20
-4.408398355239795e-20
-3.069145660645825e-20
-1.706828815439517e-20
-3.837427637601303e-21
8.448069381972577e-21
1.9323649529174995e-20
2.84263805958258e-20
3.550246277316286e-20
4.04092721220993e-20
4.31123066879114e-20
4.367760025355107e-20
4.2260321880375006e-20
3.9090387814757066e-20
3.4455975010676983e-20
2.8685843513007866e-20
2.2131351232966007e-20
1.514898379251128e-20
8.084129945278637e-21
1.2567163207918589e-21
-5.0508188681617634e-21
-1.0602877564827028e-20
-1.5217190237241573e-20
-1.876839482386177e-20
-2.1188792973132806e-20
-2.246648802971051e-20
-2.2641207973302537e-20
-2.1798193512432455e-20
-2.0060585198012966e-20
-1.7580773340227066e-20
-1.453118136308046e-20
-1.1094938655222845e-20
-7.456865425211257e-21
-3.795142630152789e-21
-2.739782482019799e-22
2.962489212745724e-21
5.794884194610901e-21
8.13179490968358e-21
9.911465536976649e-21
1.1102032007100846e-20
1.1700413705879004e-20
1.1730023500279723e-20
1.123749714795007e-20
1.0288669643467617e-20
8.964040232407421e-21
7.353970098403952e-21
5.553848001337679e-21
3.659440730594834e-21
1.7626187684102595e-21
-5.23851138027296e-23
-1.7120635082037026e-21
-3.1559866005432496e-21
-4.338376769794507e-21
-5.228901356875987e-21
-5.812714391156892e-21
-6.089808739119666e-21
-6.073765506406177e-21
-5.790006906276641e-21
-5.273671850189971e-21
-4.567240176367991e-21
-3.7180319528361015e-21
-2.7757031670373107e-21
-1.7898490475816047e-21
-8.078121175881501e-22
1.2722517601601123e-22
9.778027504718324e-22
1.7133599735551256e-21
2.311007875904005e-21
2.7558964111823263e-21
3.0411946319213082e-21
3.16771729045788e-21
3.1432442129125344e-21
2.9815884971722363e-21
2.7014759878441156e-21
2.325301576790861e-21
1.8778278087375613e-21
1.3848883074040806e-21
8.721530540150113e-22
3.640050021937756e-22
-1.1743159045611421e-22
-5.530808588884125e-22
-9.275034119431113e-22
-1.2292737426262193e-21
-1.4511480076343998e-21
-1.5900324153641867e-21
-1.646770431521719e-21
-1.6257735028007592e-21
-1.534524848996903e-21
-1.382989005898149e-21
-1.182961221411332e-21
-9.473905970482318e-22
-6.897091728697044e-22
-4.2319617639129892e-22
-1.6040263490188852e-22
8.734324776611825e-23
3.10334846649173e-22
5.007804200398279e-22
6.529868589858862e-22
7.63434977275717e-22
8.307521497004009e-22
8.55592164257956e-22
8.404354327116818e-22
7.893251239656309e-22
7.0755631125519465e-22
6.013358648676431e-22
4.774306232969256e-22
3.4282041697856587e-22
2.0437090658069332e-22
6.853905874783673e-23
-5.887844461523921e-23
-1.7294633734835276e-22
-2.697367839795328e-22
-3.4641845642941105e-22
-4.0128952627194167e-22
-4.337578389129e-22
-4.442736005343841e-22
-4.342215629475039e-22
-4.0578089689062316e-22
-3.6176168525008285e-22
-3.0542725049426137e-22
-2.403113813914599e-22
-1.7003898585838284e-22
-9.815782619521787e-23
-2.7987856591209556e-23
3.7506646622171437e-23
9.581841876930221e-23
1.4496975257294978e-22
1.8355546889796821e-22
2.1075690206460762e-22
2.263287236538372e-22
2.305614782252297e-22
2.2422353810087614e-22
2.0848678359113677e-22
1.8484067297348107e-22
1.5499948766816853e-22
1.2080743698039396e-22
8.414600670736733e-23
4.684746690922046e-23
1.0617851231978904e-23
-2.3027978653247855e-23
-5.281732562481112e-23
-7.775562312149246e-23
-9.714704803492145e-23
-1.1060016160020136e-22
-1.1801959053303925e-22
-1.1958529374622524e-22
-1.1572137966558186e-22
-1.0705673642275142e-22
-9.437990918176371e-23
-7.859070850043914e-23
-6.065096904998076e-23
-4.153671170628187e-23
-2.219370992806851e-23
-3.498141849945103e-24
1.3776357523145068e-23
2.898432396080841e-23
4.162625327631292e-23
5.1358424930379734e-23
5.799499628959289e-23
6.15029263475954e-23
6.199055826450983e-23
5.969090107971059e-23
5.494079807775875e-23
4.8157251404026734e-23
3.981219147769195e-23
3.040694002068544e-23
2.0447523818588216e-23
1.0421861097164328e-23
7.79673296552096e-25
-8.084217599505781e-24
-1.5842751653367873e-23
-2.2245407388245193e-23
-2.712284769737309e-23
-3.038757763544787e-23
-3.203092115049261e-23
-3.211676100025225e-23
-3.077259203836597e-23
-2.8178510692667094e-23
-2.4554802380725483e-23
-2.014879493401441e-23
-1.5221622299484245e-23
-1.0035492450177821e-23
-4.841981031625052e-24
1.2821713404470806e-25
4.6737475753103265e-24
8.629042782791005e-24
1.186864000900342e-23
1.4309358436647274e-23
1.5910419722097273e-23
1.667167994749493e-23
1.6630210514217538e-23
1.585551862838559e-23
1.4443733793291792e-23
1.2511105012753576e-23
1.0187154886349749e-23
7.607822794136473e-24
4.90890184751653e-24
2.220035584851665e-24
-3.4050682827948074e-25
-2.67011106349089e-24
-4.685043741561331e-24
-6.3225701571192664e-24
-7.541963237885283e-24
-8.324452510504406e-24
-8.67220469122639e-24
-8.606462695292184e-24
-8.164996452213788e-24
-7.39903647059383e-24
-6.369869599777126e-24
-5.1452762729001454e-24
-3.795980424589418e-24
-2.3922682834819727e-24
-1.0009115909116343e-24
3.174941159524101e-25
1.5106932323911238e-24
2.5363819531191268e-24
3.363243394166582e-24
3.971408733372157e-24
4.352372327594316e-24
4.508410596711119e-24
4.4515722503070726e-24
4.202320725816284e-24
3.787918296686407e-24
3.240645211788971e-24
2.5959466650661377e-24
1.890595768569609e-24
1.1609525601001041e-24
4.413880756921437e-25
-2.3707061443338773e-25
-8.478330087619378e-25
-1.3695491309604371e-24
-1.7866135575560555e-24
-2.08937247238993e-24
-2.274049610176435e-24
-2.3424180675167215e-24
-2.301253943512231e-24
-2.161614405463727e-24
-1.937986962310669e-24
-1.6473584901850507e-24
-1.3082520171444243e-24
-9.397766554216248e-25
-5.607316608568791e-25
-1.8879974675798158e-25
1.601421357637574e-25
4.725739209745793e-25
7.37732681992955e-25
9.478570016451937e-25
1.0982777759778665e-24
1.1873643735584756e-24
1.216340729214399e-24
1.1889904837843305e-24
1.1112735856123708e-24
9.908788021136793e-25
8.367373679302915e-25
6.585225912492516e-25
4.661587694500814e-25
2.6936038434194256e-25
7.721943807207176e-26
-1.0214484753384173e-25
-2.618637071174275e-25
-3.9651770461281494e-25
-5.022546358049935e-25
-5.768280633315102e-25
-6.195614677119556e-25
-6.312458730834899e-25
-6.139810909046051e-25
-5.709723675363262e-25
-5.06295203666134e-25
-4.246414471877894e-25
-3.3105948627015016e-25
-2.307005494161003e-25
-1.2858183659971353e-25
-2.9375555912380863e-26
6.276897243992813e-26
1.4436505157304867e-25
2.1268720945056107e-25
2.658277660403393e-25
3.027124036740122e-25
3.230775068724077e-25
3.274134983167308e-25
3.1687954770686626e-25
2.9319584516999915e-25
2.58520102815959e-25
2.1531508498761743e-25
1.6621379189725367e-25
1.138884668333592e-25
6.092890759163321e-26
9.734688587675391e-27
-3.7575104458682807e-26
-7.923210482371335e-26
-1.1386743781428133e-25
-1.4053868473857175e-25
-1.5873568181322577e-25
-1.6836668133016053e-25
-1.697271436048916e-25
-1.6345400644816614e-25
-1.5046868226809885e-25
-1.3191225829193446e-25
-1.0907642781462804e-25
-8.333357209437053e-26
-5.606916186755012e-26
-2.86192775521182e-26
-2.2155844889183592e-27
2.2060427641912817e-26
4.3312695005578187e-26
6.085464384173945e-26
7.422194566882326e-26
8.317435175875504e-26
8.768744623239272e-26
8.793553297380773e-26
8.426716189218178e-26
7.717499922091325e-26
6.726185339734619e-26
5.52046856612034e-26
4.1718369590426146e-26
2.752082619155953e-26
1.330096310093128e-26
-3.0939819652826304e-28
-1.2758699696505763e-26
-2.3593314683479954e-26
-3.246938778657406e-26
-3.9158814048132106e-26
-4.354958621350855e-26
-4.564096961608533e-26
-4.553415444383231e-26
-4.3419180748738446e-26
-3.955902962897189e-26
-3.4271824236038196e-26
-2.791208844407232e-26
-2.0851972861296763e-26
-1.346328262439374e-26
-6.101035554201002e-27
9.108499630255935e-28
7.291282877787953e-27
1.2810841466349839e-26
1.729758098893666e-26
2.063980553195952e-26
2.2785937160939747e-26
2.374173287736731e-26
2.356519624843266e-26
2.2359603463511632e-26
2.026511171692588e-26
1.744944117551749e-26
1.40981214166744e-26
1.0404771134743106e-26
6.5618389203095e-27
2.7521764273829364e-27
-8.582529331229821e-28
-4.126302493600904e-27
-6.936060275664017e-27
-9.201688006487293e-27
-1.086868854091478e-26
-1.1913678027927504e-26
-1.2342798964547866e-26
-1.2188959012081662e-26
-1.1508116883373141e-26
-1.0374860168181317e-26
-8.877530688629732e-27
-7.113151474698046e-27
-5.182396818171677e-27
-3.184824600145475e-27
-1.2145599903124381e-27
6.43416320482515e-28
2.316261885280078e-27
3.745476167447299e-27
4.888283091409907e-27
5.7182004507330096e-27
6.2248394966977026e-27
6.413008481383863e-27
6.301218544935674e-27
5.919708518589417e-27
5.308116700090638e-27
4.5129325020772905e-27
3.584859422114444e-27
2.5762136303927955e-27
1.5384704150868817e-27
5.200547134429077e-28
-4.355469683580001e-28
-1.291296697684832e-27
-2.017702281121974e-27
-2.5934876628216608e-27
-3.0058428333810648e-27
-3.25027762554353e-27
-3.330119265915121e-27
-3.255705972523347e-27
-3.043337945181715e-27
-2.7140526715734327e-27
-2.2922936131796257e-27
-1.8045402363445594e-27
-1.277963336706625e-27
-7.391630938920648e-28
-2.1303878648735354e-28
2.781708600445303e-28
7.156485642738036e-28
1.0845436666392197e-27
1.3742956274431139e-27
1.5787402016555099e-27
1.696011907328462e-27
1.728264280718533e-27
1.6812356713959898e-27
1.5636928335964944e-27
1.3867872644951718e-27
1.1633601590519545e-27
9.072311035515986e-28
6.3250338954258685e-28
3.5291532166779815e-28
8.126237916497073e-29
-1.7109014368187653e-28
-3.945900554876274e-28
-5.817685852700516e-28
-7.27395616664354e-28
-8.28522663493886e-28
-8.844211462829091e-28
-8.96427530192485e-28
-8.677100363509562e-28
-8.0297387262992105e-28
-7.081232249530636e-28
-5.898986280099446e-28
-4.555078553682901e-28
-3.122672268675117e-28
-1.672683451991182e-28
-2.708288156304938e-29
1.0248471914174194e-28
2.1658969804914016e-28
3.1148070361106783e-28
3.8457380223415466e-28
4.344685332043422e-28
4.609101823327904e-28
4.6470447936236794e-28
4.475925087165991e-28
4.120947290601234e-28
3.6133361573132503e-28
2.9884458507924674e-28
2.28384564592128e-28
1.5374688762064207e-28
7.859017969625798e-29
6.287637289355241e-30
-6.019834312456404e-29
-1.1841276878917172e-28
-1.6647403271289267e-28
-2.031089324386628e-28
-2.276577844105177e-28
-2.4005192831175923e-28
-2.4076694545791516e-28
-2.307557109748645e-28
-2.113659455625485e-28
-1.8424722598606986e-28
-1.5125246235870543e-28
-1.1433867322263718e-28
-7.547151328697664e-29
-3.6537466895279235e-29
7.3304916905895035e-31
3.4829186650984115e-29
6.45080867745444e-29
8.882734737357624e-29
1.0716144281546024e-28
1.1920272209486855e-28
1.2494824094222006e-28
1.246742054769995e-28
1.1890020389886595e-28
1.0834567162104929e-28
9.388117316144009e-29
7.647709595092415e-29
5.715224709862876e-29
3.692463845811262e-29
1.6766455742297616e-29
-2.4351461599579707e-30
-1.9910176046967272e-29
-3.5030040115621033e-29
-4.732346886616528e-29
-5.648413190226752e-29
-6.237030400115589e-29
-6.499726732485676e-29
-6.45233986978785e-29
-6.123109063383848e-29
-5.5503786824518e-29
-4.780047696999708e-29
-3.86289950064414e-29
-2.851940449362811e-29
-1.799864284197725e-29
-7.567441519660968e-30
2.3196471905050312e-30
1.1270493951864663e-29
1.8967501449174072e-29
2.5175390900261887e-29
2.97446854537414e-29
3.261109891076185e-29
3.379120203160872e-29
3.337487220936793e-29
3.1515132152267045e-29
2.841604782763434e-29
2.4319385392803963e-29
1.9490722828328573e-29
1.4205677496743503e-29
8.736849973505315e-30
3.342002156649822e-30
-1.7461106847843415e-30
-6.327942910349658e-30
-1.0243198808371328e-29
-1.3374624926978922e-29
-1.564957593952273e-29
-1.7039472367588235e-29
-1.7557351900883658e-29
-1.725378350031313e-29
-1.6211463306846824e-29
-1.453884288119641e-29
-1.2363153617791327e-29
-9.823187254023134e-30
-7.062172859367376e-30
-4.2210577205111225e-30
-1.4324557308418094e-30
1.1845248999746723e-30
3.5284196105444466e-30
5.51841500826607e-30
7.096188009093574e-30
8.226593617148474e-30
8.897267935204669e-30
9.11725543871916e-30
8.914803579752121e-30
8.334492613912983e-30
7.433883839697739e-30
6.279875331050231e-30
4.944951262516182e-30
3.503499952030087e-30
2.0283579391430368e-30
5.877141412383278e-31
-7.575191209598718e-31
-1.955791122096241e-30
-2.96640724682795e-30
-3.7604165912102976e-30
-4.3209044928705975e-30
-4.642727195386767e-30
-4.73174742932519e-30
-4.603646846423497e-30
-4.282403587363856e-30
-3.7985306561227235e-30
-3.187173304918982e-30
-2.4861616010138054e-30
-1.7341082248229235e-30
-9.686319538852771e-31
-2.247749370305567e-31
4.663324630137644e-31
1.0785209811228393e-30
1.591323527691577e-30
1.9904011873078332e-30
2.267661827620702e-30
2.421091976991599e-30
2.4543335901898014e-30
2.3760459573499873e-30
2.1990991360479648e-30
1.939648840054778e-30
1.61614376039939e-30
1.2483149903732583e-30
8.561938315867942e-31
4.5919909974673416e-31
7.532850368201093e-32
-2.7951885384756925e-31
-5.920698939119585e-31
-8.5204418499862e-31
-1.052357085951237e-30
-1.1891641904459085e-30
-1.2617584823949256e-30
-1.2723371747625454e-30
-1.2256595465215939e-30
-1.128620124430448e-30
-9.897632541093168e-31
-8.18765505799214e-31
-6.2591155576474795e-31
-4.21587311797809e-31
-2.1581128368464005e-31
-1.7821734874181667e-32
1.6426679782648134e-31
3.237282480767653e-31
4.554059366811496e-31
5.558087131412093e-31
6.231252095535304e-31
6.571624785350714e-31
6.5921810794236475e-31
6.318970856087766e-31
5.788861845654411e-31
5.046994445038098e-31
4.144084612378552e-31
3.133707130283836e-31
2.0696812440581314e-31
1.0036658609294783e-31
-1.694682304060522e-33
-9.507711134913118e-32
-1.7637548559293586e-31
-2.4300697287622073e-31
-2.9325621688310812e-31
-3.262781992122932e-31
-3.4206230420602336e-31
-3.4136244907245526e-31
-3.2559923523273716e-31
-2.96740814198897e-31
-2.5716953998919844e-31
-2.09541513573856e-31
-1.5664584073400511e-31
-1.012698623700372e-31
-4.607582407915914e-32
6.506515790504661e-33
5.436792575963645e-32
9.578611975721853e-32
1.2946943489555965e-31
1.545777506018653e-31
1.7072164094246677e-31
1.7794163263360424e-31
1.7667016469951015e-31
1.6767939321607188e-31
1.5201834664921547e-31
1.3094311355138478e-31
1.058437426733749e-31
7.81713709599507e-32
4.936878844844236e-32
2.080722631438817e-32
-6.268356257492645e-33
-3.0783779036356983e-32
-5.186883026365244e-32
-6.887862249180709e-32
-8.140316625874125e-32
-8.926573072086062e-32
-9.251100912788921e-32
-9.138447286083981e-32
-8.630457145336748e-32
-7.782961321916088e-32
-6.662124209848907e-32
-5.340641563832683e-32
-3.8939694835978405e-32
-2.3967490116034107e-32
-9.195682441840802e-33
4.7382305775915554e-33
1.7287611114898458e-32
2.8013237700520385e-32
3.659370753484133e-32
4.282974251833555e-32
4.664272215915894e-32
4.8067995024610174e-32
4.724370520791364e-32
4.4396006882054047e-32
3.9821626420189423e-32
3.3868768180845595e-32
2.691734946066699e-32
1.9359496757491896e-32
1.1581145330837569e-32
3.945464191294096e-33
-3.221313091860189e-33
-9.64122688007516e-33
-1.509283558515628e-32
-1.9416261059976637e-32
-2.2515081402312672e-32
-2.4355253083667327e-32
-2.496136058067732e-32
-2.4410584941965362e-32
-2.2824850776667758e-32
-2.036165311209836e-32
-1.7204081777786207e-32
-1.3550552884200637e-32
-9.60472698357424e-33
-5.5660448009983115e-33
-1.621247741729309e-33
2.062824200401925e-33
5.34494576573369e-33
8.113603385685985e-33
1.0289430538290413e-32
1.1826013689084022e-32
1.270917047383931e-32
1.2954860889648648e-32
1.2605939265993822e-32
1.1727988625729574e-32
1.040449932831978e-32
8.731660858437065e-33
6.813030095536702e-33
4.754322672716565e-33
2.6585477912388207e-33
6.216730651177708e-34
-1.2710332383759917e-33
-2.947877628025174e-33
-4.352773056705415e-33
-5.446407954335862e-33
-6.206573557718984e-33
-6.627705992129957e-33
-6.719729586868727e-33
-6.506311571872736e-33
-6.022655092906944e-33
-5.3129672345021914e-33
-4.4277416140725126e-33
-3.420991559941644e-33
-2.3475606092685932e-33
-1.2606229527466825e-33
-2.0946854386289117e-34
7.623530048451226e-34
1.6184777588824117e-33
2.3307326314358667e-33
2.8796929626604566e-33
3.254805539716956e-33
3.454108241118131e-33
3.483592729709654e-33
3.356268517986773e-33
3.090995041965317e-33
2.7111530396134066e-33
2.243227638404888e-33
1.715373364136911e-33
1.1560261651584593e-33
5.926199759373713e-34
5.045586353359555e-35
-4.482390089490802e-34
-8.850369155850222e-34
-1.2458056233311378e-33
-1.5209723399006864e-33
-1.7055634276058215e-33
-1.799037026774476e-33
-1.8049334612471038e-33
-1.730374273960442e-33
-1.5854448458255984e-33
-1.3824977618124477e-33
-1.1354144661333142e-33
-8.588614314302258e-34
-5.675742561402489e-34
-2.756990501802039e-34
3.7845438403922625e-36
2.595400155929228e-34
4.822376783859485e-34
6.647987990530247e-34
8.025194304498174e-34
8.930786018509334e-34
9.364402530409389e-34
9.346622138259133e-34
8.916285272442263e-34
8.127234366844563e-34
7.044663970137534e-34
5.741275643995816e-34
4.2934244427188295e-34
2.77742839489705e-34
1.2661907360127071e-34
-1.7374183783304852e-35
-1.4845913322876029e-34
-2.6191688183392974e-34
-3.542072243664403e-34
-4.2302611098402685e-34
-4.673035087431585e-34
-4.871467764338734e-34
-4.837366544622404e-34
-4.591844719801389e-34
-4.163601663725583e-34
-3.5870119435739245e-34
-2.9001241077307256e-34
-2.142665418476637e-34
-1.3541404186881534e-34
-5.720996558339537e-35
1.693590854650813e-35
8.408102473865045e-35
1.4184101823987295e-34
1.8844828718091604e-34
2.227783042281146e-34
2.4434522196092883e-34
2.5326955519599765e-34
2.5022172584416747e-34
2.3634600605179996e-34
2.131698813698343e-34
1.8250407825387471e-34
1.4633847167394384e-34
1.0673883143354542e-34
6.574891063290652e-35
2.5301763414723734e-35
-1.2856557412238503e-35
-4.722858630012566e-35
-7.661082677966835e-35
-1.0012228476044629e-34
-1.1721630961855688e-34
-1.2767662566502666e-34
-1.3159906255181836e-34
-1.2936099953800796e-34
-1.2158091295672803e-34
-1.0907065323026695e-34
-9.27831784606457e-35
-7.375844300829692e-35
-5.306999372931359e-35
-3.1774580002339976e-35
-1.0866755758446575e-35
8.759936181785797e-36
2.6344032818603467e-35
4.127874945507327e-35
5.312582087822893e-35
6.162071031550703e-35
6.666968310624563e-35
6.833956052911827e-35
6.684122475380282e-35
6.250813242775299e-35
5.577120951823971e-35
4.713154462834038e-35
3.713227606162408e-35
2.633098600555203e-35
1.5273782021160893e-35
4.4720717891164976e-36
-5.617167050624416e-36
-1.460704255583251e-35
-2.2191979570728183e-35
-2.8154401700284893e-35
-3.236695164899735e-35
-3.479052767898277e-35
-3.546857587346148e-35
-3.4518206693951295e-35
-3.211879707973177e-35
-2.8498794985358836e-35
-2.3921462449690145e-35
-1.8670278260257051e-35
-1.3034675571063777e-35
-7.29671806077137e-36
-1.7192257585044417e-36
3.4642456437831305e-36
8.057284324838268e-36
1.1906192149490122e-35
1.4903192732301413e-35
1.6987334727940756e-35
1.814324462489993e-35
1.839796558066238e-35
1.7816183684630708e-35
1.6494189065205366e-35
1.4552946016608983e-35
1.2130654248473497e-35
9.375173693184457e-36
6.436659954098212e-36
3.460718887250386e-36
5.8233980563264024e-37
-2.079189572794256e-36
-4.4242439265449785e-36
-6.375616192328572e-36
-7.880047978786453e-36
-8.908570040185693e-36
-9.455738039028753e-36
-9.537890580440368e-36
-9.190589109897476e-36
-8.46542205575289e-36
-7.426368387202838e-36
-6.145918823358469e-36
-4.7011469538714e-36
-3.169908542925588e-36
-1.627326581570904e-36
-1.426937119948288e-37
1.2231059381173543e-36
2.4195850846664815e-36
3.408013419910793e-36
4.16214225199196e-36
4.668315121765441e-36
4.925011258722809e-36
4.94188991257325e-36
4.738419972777105e-36
4.3421905441117494e-36
3.787004215178732e-36
3.11085580704235e-36
2.353895797459889e-36
1.556469932857756e-36
7.573154506159849e-37
-8.019383235093167e-39
-7.084812319152107e-37
-1.3185084281777504e-36
-1.8187004084270835e-36
-2.196157776648078e-36
-2.444505699222533e-36
-2.563626289448403e-36
-2.5591363692956678e-36
-2.4416552082520097e-36
-2.2259123833587682e-36
-1.9297487600212332e-36
-1.5730638600621118e-36
-1.176760768168793e-36
-7.617355248922034e-37
-3.479520258711058e-37
4.636379892860326e-38
4.053848834051597e-37
7.1618194012549384e-37
9.690519450167443e-37
1.1576760073314207e-36
1.2791140140681878e-36
1.3336500460138246e-36
1.3245079934280316e-36
1.2574609117663592e-36
1.140360380697516e-36
9.826134595328763e-37
7.946348275651094e-37
5.873004714110909e-37
3.714269905973448e-37
1.5729742853273513e-37
-4.574928753382811e-38
-2.2965247199823148e-37
-3.87879013502764e-37
-5.15584017260292e-37
-6.096831172364295e-37
-6.688407009910048e-37
-6.9338165738116796e-37
-6.8513700372565465e-37
-6.472358051082547e-37
-5.838571313680058e-37
-4.999564089044572e-37
-4.009804484301183e-37
-2.925847275583119e-37
-1.8036526252516554e-37
-6.961571726444857e-38
3.4881617605605025e-38
1.290245714861848e-37
2.095154858377937e-37
2.7393948008694774e-37
3.207970126530463e-37
3.4949314756329284e-37
3.6028765186355178e-37
3.5421143647374353e-37
3.3295587940550933e-37
2.9874222034046317e-37
2.5417849237351786e-37
2.021113794620392e-37
1.4547999005882992e-37
8.7177863222705e-38
2.9928626338099584e-38
-2.38203380239114e-38
-7.198302371574557e-38
-1.128967470531506e-37
-1.4536011761875782e-37
-1.6864737283517338e-37
-1.8250043382024692e-37
-1.8710091254604183e-37
-1.8302500048946256e-37
-1.7118468029756971e-37
-1.527590177606711e-37
-1.291194140888353e-37
-1.0175263896239984e-37
-7.218524107308861e-38
-4.1912568646308484e-38
-1.2335155714074463e-38
1.529532870610573e-38
3.9918980227984246e-38
6.06984471024687e-38
7.703726371279475e-38
8.858596730039351e-38
9.523675682415027e-38
9.710789646374447e-38
9.4519419218377e-38
8.79619403334199e-38
7.806054296169417e-38
6.553575133520188e-38
5.116356585867345e-38
3.573640965027714e-38
2.0026639762741357e-38
4.7540233352354005e-39
-9.441714761182732e-39
-2.202248417215242e-38
-3.256709867295101e-38
-4.0780079700120555e-38
-4.649414889598436e-38
-4.966683126254475e-38
-5.037181588067336e-38
-4.878589885197989e-38
-4.517245930966258e-38
-3.9862492773344564e-38
-3.323424798617899e-38
-2.569248704878374e-38
-1.764831938214979e-38
-9.500454501183844e-39
-1.618584495280884e-39
5.6705471622654e-39
1.2093999781792174e-38
1.7440191155159447e-38
2.1563098127578296e-38
2.4383198795170515e-38
2.5885389269858653e-38
2.6114222342875847e-38
2.5166904738048296e-38
2.3184552127412168e-38
2.0342236182608307e-38
1.6838366409061867e-38
1.288393322550395e-38
8.692100517430143e-39
4.468579253724804e-39
4.03142771609817e-40
-3.337436639845192e-39
-6.614836763769401e-39
-9.322914788611815e-39
-1.1389696710824512e-38
-1.2777685352705155e-38
-1.3482615090950423e-38
-1.353083940373251e-38
-1.297558222136172e-38
-1.189231492705846e-38
-1.0373537514396278e-38
-8.52324532573376e-39
-6.451353000645487e-39
-4.2683262606335584e-39
-2.0802418214585693e-39
1.5541812184582617e-41
1.9339623832318396e-39
3.604985566562642e-39
4.975440634939933e-39
6.009954320925179e-39
6.691017526764883e-39
7.018255027916616e-39
7.00699770998455e-39
6.686279385401841e-39
6.096395438808153e-39
5.28616839097311e-39
4.310066223550453e-39
3.2253135351382406e-39
2.0891241087525538e-39
9.56167252993442e-40
-1.2363954913278631e-40
-1.106941405813191e-39
-1.958313411697913e-39
-2.6511614733483354e-39
-3.1681559901322956e-39
-3.501218558788507e-39
-3.6510999707526693e-39
-3.6266026509839097e-39
-3.443511957833069e-39
-3.1233082303828396e-39
-2.6917351225507048e-39
-2.177299761779823e-39
-1.6097769224750808e-39
-1.0187831408580824e-39
-4.324780418913836e-40
1.2356031448821068e-40
6.272509154931775e-40
1.060693183277078e-39
1.4106075598676213e-39
1.6685342396094463e-39
1.8308016334343373e-39
1.8982853735986487e-39
1.8759861924166882e-39
1.7724606438843072e-39
1.599142292569131e-39
1.3695926747090119e-39
1.0987211341448913e-39
8.020107182077075e-40
4.94783915517427e-40
1.91537404836515e-40
-9.463053202825372e-41
-3.524823792464708e-40
-5.729823463435735e-40
-7.495110482713702e-40
-8.779550411882318e-40
-9.566777971775631e-40
-9.86383398422028e-40
-9.698880329314887e-40
-9.118171868929368e-40
-8.182482117960779e-40
-6.9631870551731794e-40
-5.5382093796344025e-40
-3.988014646625741e-40
-2.3918322807641893e-40
-8.242499183069131e-41
6.476995223762108e-41
1.966870536368481e-40
3.087703069120079e-40
3.977264173398698e-40
4.6156424737050664e-40
4.995732521710474e-40
5.122470027957251e-40
5.01159814018892e-40
4.68805895494909e-40
4.184113111320733e-40
3.5372936914787387e-40
2.7882990381969157e-40
1.978922986794627e-40
1.1501110482105488e-40
3.402180366133812e-41
-4.16472653128118e-41
-1.0909245791908332e-40
-1.6601922490283075e-40
-2.1079241376665284e-40
-2.4245311887939196e-40
-2.6070415338477016e-40
-2.6586743168639962e-40
-2.588175184034942e-40
-2.4089629674506297e-40
-2.138141281266312e-40
-1.7954302044672346e-40
-1.402072113384421e-40
-9.797623147569587e-41
-5.496497616100581e-41
-1.3144621225411558e-41
2.573258450939782e-41
6.019248830699644e-41
8.908089498245754e-41
1.115877253274544e-40
1.272538936423618e-40
1.3596205647996588e-40
1.3791300208829746e-40
1.3358993698933511e-40
1.2371327206958776e-40
1.0918871204989236e-40
9.105151249604706e-41
7.040969686101603e-41
4.83888367130751e-41
2.6080709609216365e-41
4.49778218452464e-42
-1.5464956209040014e-41
-3.305973819596669e-41
-4.770673365931412e-41
-5.900557910399376e-41
-6.673798472337998e-41
-7.086205582580619e-41
-7.149927866121467e-41
-6.891536556690639e-41
-6.349632565183433e-41
-5.57212235752266e-41
-4.613311239929436e-41
-3.5309582116204477e-41
-2.383426094823121e-41
-1.2270451594711444e-41
-1.1378903640476797e-42
9.106604497998441e-42
1.8084065863912743e-41
2.5503603118909135e-41
3.1167863765141656e-41
3.4973890874101004e-41
3.690972653205241e-41
3.704727035866859e-41
3.5532025163812006e-41
3.257044642412496e-41
2.84156579956048e-41
2.33523045824036e-41
1.768128476893478e-41
1.1705051010477571e-41
5.714079998094149e-42
-2.4985901860921557e-44
-5.2791416709973405e-42
-9.856506132770376e-42
-1.3611355548734216e-41
-1.644668810812338e-41
-1.8314413849566172e-41
-1.9213361777469554e-41
-1.9185376468308776e-41
-1.8309838143164173e-41
-1.6696981869087087e-41
-1.448041308211414e-41
-1.1809218744345356e-41
-8.840057698875982e-42
-5.72958237347947e-42
-2.6274996188687435e-42
3.294757926441844e-43
3.022582399352435e-42
5.354759718823867e-42
7.253118634719959e-42
8.670132738487917e-42
9.583605672993221e-42
9.995519107806127e-42
9.929906743588493e-42
9.429930632933435e-42
8.554356581367649e-42
7.373635425794271e-42
5.965797014273042e-42
4.412354573110758e-42
2.7944000221496476e-42
1.1890471188533296e-42
-3.3364932206031136e-43
-1.7132017880376606e-42
-2.900563141923051e-42
-3.859334986488712e-42
-4.566313824656038e-42
-5.011406644333596e-42
-5.1969728249683566e-42
-5.1366698804295095e-42
-4.8538959984122596e-42
-4.3799323619194004e-42
-3.75189285634986e-42
-3.010588227563533e-42
-2.1984065205028286e-42
-1.3573023224890663e-42
-5.2697471548159845e-43
2.567012541509746e-43
9.629414739846335e-43
1.5669873359887955e-42
2.050694592841703e-42
2.4027795574790227e-42
2.6187406252010952e-42
2.700485965217789e-42
2.6557086448119275e-42
2.497058159551112e-42
2.241162233729669e-42
1.9075548475007498e-42
1.5175658841866453e-42
1.0932248218104515e-42
6.562258513863677e-43
2.2699508895261825e-43
-1.7610740264856718e-43
-5.374267962704411e-43
-8.444789579352106e-43
-1.0882362045351102e-42
-1.2632358513857327e-42
-1.36752167979046e-42
-1.4024350024459515e-42
-1.3722772613932294e-42
-1.2838699352315317e-42
-1.1460399085345085e-42
-9.690593851399656e-43
-7.640689891058822e-43
-5.425110272400814e-43
-3.1559716305283216e-43
-9.383118329332762e-44
1.1339664579234511e-43
2.981316974774947e-43
4.540863501073332e-43
5.7677800021072146e-43
6.635754788010591e-43
7.136595362353443e-43
7.279063901726935e-43
7.08705981238474e-43
6.597284918085447e-43
5.8565383255043985e-43
4.918792022858088e-43
3.842195246912248e-43
2.6861463297404306e-43
1.5085560538786963e-43
3.634076050852798e-44
-7.0130378638012945e-44
-1.645192249808365e-43
-2.4366288991030894e-43
-3.053404778632002e-43
-3.4829206198232295e-43
-3.721934892143868e-43
-3.7759185455859025e-43
-3.658078185473319e-43
-3.388118904101758e-43
-2.9908235226981125e-43
-2.4945266598912674e-43
-1.9295600915858565e-43
-1.3267406929313381e-43
-7.159643568865376e-44
-1.249592449602399e-44
4.2175983058240953e-44
9.03706527562013e-44
1.3049909188152385e-43
1.614635938182302e-43
1.826649510355246e-43
1.9398697650852734e-43
1.9576093217482818e-43
1.8871313408311495e-43
1.7389947353065117e-43
1.5263085788535226e-43
1.2639363953463093e-43
9.676898045949124e-44
6.535481431003036e-44
3.36936440930347e-44
3.2088820920103443e-45
-2.484816794900372e-44
-4.943923483141942e-44
-6.976711667261559e-44
-8.529067480600206e-44
-9.572722009483814e-44
-1.01043248765624e-43
-1.0143492029914546e-43
-9.730000695313893e-44
-8.920327649417672e-44
-7.783739526421299e-44
-6.398146121173056e-44
-4.845920366819273e-44
-3.20987297130742e-44
-1.569546998608298e-44
2.0304266306355115e-47
1.4410339270221894e-44
2.6948916293636524e-44
3.7236654282169194e-44
4.5007552173568465e-44
5.01295288114337e-44
5.259898469238037e-44
5.253013042069079e-44
5.013999578646803e-44
4.573014768856971e-44
3.966620424272058e-44
3.2356238381404017e-44
2.422912128190024e-44
1.5713770081096447e-44
7.220142971927844e-45
-8.773237055942486e-46
-8.253308502043404e-45
-1.4641876213511373e-44
-1.9843252550644039e-44
-2.372709677456289e-44
-2.6232422543292245e-44
-2.7364453031049867e-44
-2.718880807941401e-44
-2.582350579928302e-44
-2.342931719445884e-44
-2.0199039937306813e-44
-1.634625758371001e-44
-1.2094125571563063e-44
-7.664678525219863e-45
-3.2690886062161534e-45
9.00773707870918e-46
4.6792123536217676e-45
7.931839514270375e-45
1.0558889714794127e-44
1.2496720769048347e-44
1.3717587935360095e-44
1.4227846854015311e-44
1.4064797330195017e-44
1.329242235950513e-44
1.1996304288318325e-44
1.0278012690560067e-44
8.24925711230102e-45
6.026083539214274e-45
3.7233679975515496e-45
1.449826173759459e-45
-6.962833737845022e-46
-2.630630533011854e-45
-4.285375294103915e-45
-5.610782946307111e-45
-6.575901048908172e-45
-7.16834727899333e-45
-7.393292507422904e-45
-7.271751995017031e-45
-6.838318734427718e-45
-6.138486377770935e-45
-5.225714942245067e-45
-4.1583909667925736e-45
-2.9968256826418146e-45
-1.8004209742039323e-45
-6.251145335301296e-46
4.7880614803025605e-46
1.4684552037773607e-45
2.3096242785976472e-45
2.977566444868708e-45
3.457294893015435e-45
3.743424069222809e-45
3.839598869609332e-45
3.757571904399578e-45
3.515999376992105e-45
3.1390326412443317e-45
2.6547850553129723e-45
2.0937525629252614e-45
1.4872618711082455e-45
8.66012643721309e-46
2.587703660862374e-46
-3.0874491476181786e-46
-8.147412577104335e-46
-1.2419890712319086e-45
-1.5781997782179498e-45
-1.8161536724300124e-45
-1.9535924456713485e-45
-1.9929009849851996e-45
-1.9406103008000486e-45
-1.8067586849662634e-45
-1.6041513506032607e-45
-1.3475599096953343e-45
-1.0529022232564428e-45
-7.364406112940894e-46
-4.1403239413983414e-46
-1.0046155463128799e-46
1.911257099768538e-46
4.496652992265546e-46
6.6648982834676924e-46
8.355105502663878e-46
9.532697079513816e-46
1.0188719205812841e-45
1.0338078406047348e-45
1.0016869752314188e-45
9.278991658063216e-46
8.192257356705403e-46
6.834217756050003e-46
5.2879050471368385e-46
3.637692305996892e-46
1.9654427297793812e-46
3.4709467990777993e-47
-1.1502029236795601e-46
-2.470324349765483e-46
-3.569724170937751e-46
-4.418305806412655e-46
-4.999621062792944e-46
-5.310448229978646e-46
-5.3598198103825394e-46
-5.167589348958438e-46
-4.762639707273529e-46
-4.180842381350441e-46
-3.462879252508845e-46
-2.6520348645424534e-46
-1.792059513982398e-46
-9.25191849005135e-47
-9.041512927452777e-48
6.779953032096508e-47
1.3515935443032255e-46
1.908531859659979e-46
2.333972313649221e-46
2.6201531638725096e-46
2.766136183262423e-46
2.777273001199241e-46
2.664437791430859e-46
2.4430799956855643e-46
2.132154218312727e-46
1.7529850521011664e-46
1.3281226087931582e-46
8.802402378864782e-47
4.3111970830886044e-47
7.614362965533508e-50
-3.9335136501305354e-47
-7.368149917021823e-47
-1.0186837305290106e-46
-1.231663245410302e-46
-1.372125905415424e-46
-1.439962385572211e-46
-1.4382899167709317e-46
-1.3730421937766482e-46
-1.2524690846464772e-46
-1.0865759081661407e-46
-8.865322137313364e-47
-6.64078825669088e-47
-4.3095956624334666e-47
-1.9840075160261498e-47
2.3342508259898842e-48
2.253587382000892e-47
4.0036160785405756e-47
5.428757163682616e-47
6.493264912996043e-47
7.180383023396624e-47
7.491486109153965e-47
7.4444903701464425e-47
7.071665448539765e-47
6.416994888454219e-47
5.533240183025362e-47
4.478863459156134e-47
3.3149570418684655e-47
2.1023153386033745e-47
8.987667614234013e-48
-2.4313803823135677e-48
-1.2780092481815695e-47
-2.1690250054385353e-47
-2.888840326617812e-47
-3.4199995897525067e-47
-3.75487614517891e-47
-3.8951815937514422e-47
-3.851102748406121e-47
-3.6401358979690196e-47
-3.285695532743738e-47
-2.8155781782064e-47
-2.260361603362016e-47
-1.6518157667480762e-47
-1.021394905693752e-47
-3.988707289040743e-48
1.8884463307268396e-48
7.186497727896816e-48
1.1719561542939534e-47
1.535131150202193e-47
1.7996841840014112e-47
1.9622093877000926e-47
2.0241078408518612e-47
1.991120277053198e-47
1.8727069366093056e-47
1.6813149234730412e-47
1.4315750059343082e-47
1.1394693906812007e-47
8.21509784786753e-48
4.9396129020315393e-48
1.7214264855695258e-48
-1.3017260092954697e-48
-4.0123602866315566e-48
-6.316740533690434e-48
-8.14702992027976e-48
-9.462112486111214e-48
-1.0247162008508349e-47
-1.0512082579190487e-47
-1.0288985087505982e-47
-9.628892674993966e-48
-8.59788610735448e-48
-7.272907038811199e-48
-5.73743392392678e-48
-4.077232869797161e-48
-2.3763653483986542e-48
-7.136079741199816e-49
8.405917867605139e-49
2.2265342916452927e-48
3.397006374248398e-48
4.318320277908857e-48
4.970665831179377e-48
5.347818157987945e-48
5.456268199247685e-48
5.313863220802557e-48
4.9480588413588007e-48
4.3938927644299584e-48
3.6917934383219703e-48
2.885334636087223e-48
2.019039986502201e-48
1.1363305044751488e-48
2.776939904347281e-49
-5.2086130924834356e-49
-1.2290242411684307e-48
-1.8230432640438932e-48
-2.2862256666938094e-48
-2.6090819957658018e-48
-2.7891392038846e-48
-2.830458722626896e-48
-2.742905684526845e-48
-2.5412226457140893e-48
-2.2439653238681145e-48
-1.8723591304063982e-48
-1.449133829576501e-48
-9.973897929563254e-49
-5.395434107952652e-49
-9.63917055521522e-50
3.1367246349492672e-49
6.752725329585117e-49
9.764751433562542e-49
1.2090285248467849e-48
1.3684176926269513e-48
1.453749449779876e-48
1.4674866391795604e-48
1.4150561253971972e-48
1.3043585175715914e-48
1.1452096357572626e-48
9.48744217815835e-49
7.268114657576284e-49
4.913898967648656e-49
2.5404579361150902e-49
2.54555696969906e-50
-1.8499218007911058e-49
-3.6950403097158185e-49
-5.220925042617767e-49
-6.3868907131481144e-49
-7.171626219060292e-49
-7.572505480319702e-49
-7.604128627076782e-49
-7.296223044382737e-49
-6.691051221443645e-49
-5.840481814068365e-49
-4.8028820633715914e-49
-3.639984296251195e-49
-2.41386750657512e-49
-1.1841780317274604e-49
-5.692292803932038e-52
1.073699266899557e-49
2.0145332405963916e-49
2.7868110877521627e-49
3.3705301812052816e-49
3.755727268052908e-49
3.942073522504535e-49
3.938076930658939e-49
3.759960443477736e-49
3.430292928519844e-49
2.9764544083394742e-49
2.429017545120871e-49
1.820124132222741e-49
1.181928934974456e-49
5.4517414103483315e-50
-6.205343822352272e-51
-6.153427652370971e-50
-1.0947301174834238e-49
-1.4852085717308694e-49
-1.7769749525575778e-49
-1.9654254370822936e-49
-2.0509211988988307e-49
-2.0383538588830153e-49
-1.9365468696820153e-49
-1.757533183343746e-49
-1.5157516307416648e-49
-1.2272044657820836e-49
-9.086166689944489e-50
-5.766341050395577e-50
-2.4709278037281153e-50
6.561442079504345e-51
3.490536860632278e-50
5.931359429767032e-50
7.903661433585046e-50
9.359566176973385e-50
1.0278109368854165e-49
1.0663899124619156e-49
1.0544756072752527e-49
9.968524086135317e-50
8.999262838974142e-50
7.7130429711821e-50
6.19356363462156e-50
4.527801537119338e-50
2.8018815763421673e-50
1.0973333144265542e-50
-5.1213339483866905e-51
-1.963234551121481e-50
-3.20503658931497e-50
-4.2001715947820943e-50
-4.925349117639493e-50
-5.371201209408583e-50
-5.541523756264739e-50
-5.451998610018393e-50
-5.128496895176799e-50
-4.605073962440019e-50
-3.921770806396856e-50
-3.122335659684751e-50
-2.251973426116442e-50
-1.3552203060609832e-50
-4.7402721446769826e-51
3.538807051051917e-51
1.096319071821927e-50
1.7276029493427304e-50
2.2291367853326473e-50
2.589640559358378e-50
2.805032788454163e-50
2.878004500108654e-50
2.8173290971158574e-50
2.636960951593121e-50
2.354980470582376e-50
1.9924453092740383e-50
1.572206534863153e-50
1.117745139640668e-50
6.520787303493566e-51
1.9678091160682655e-51
-2.2885269539989062e-51
-6.084672149297264e-51
-9.291251328418101e-51
-1.1815913448890131e-50
-1.3604301586820535e-50
-1.4639258044427258e-50
-1.4938448541289607e-50
-1.4550644008887333e-50
-1.355093786897286e-50
-1.2035200409057678e-50
-1.0114080238892092e-50
-7.906856744488543e-51
-5.535428436882371e-51
-3.1186920558535104e-51
-7.675284936710723e-52
1.4194334924890145e-51
3.3591536794985424e-51
4.986544946741381e-51
6.255843189015004e-51
7.141005736191594e-51
7.635202526527912e-51
7.749499055513692e-51
7.510857578946713e-51
6.959602588106991e-51
6.146507998341916e-51
5.1296669781674905e-51
3.971301408860948e-51
2.734657404634408e-51
1.481117166938861e-51
2.676368807856575e-52
-8.554033310636355e-52
-1.8458768854879142e-51
-2.6710811732471113e-51
-3.308391843573361e-51
-3.7454154657208074e-51
-3.979676091389792e-51
-4.0178888954663136e-51
-3.874887882090027e-51
-3.5722843209647725e-51
-3.136938044623637e-51
-2.5993251040012327e-51
-1.9918828321660424e-51
-1.347407534381603e-51
-6.975713504272869e-52
-7.161394595639079e-53
5.047477471234769e-52
1.0101618242791417e-51
1.428219325915018e-51
1.7477644640249545e-51
1.962945981235918e-51
2.073029189577246e-51
2.0819971903571277e-51
1.9979767131384443e-51
1.832528793757263e-51
1.5998471084164686e-51
1.3159072622470536e-51
9.976088533921758e-52
6.6194892819849064e-52
3.2526079717944016e-52
2.5464222902464545e-54
-2.9307593730324615e-52
-5.5079406796047355e-52
-7.623863829926477e-52
-9.223677491010354e-52
-1.02800179476131e-51
-1.0791904108644974e-51
-1.078255691428889e-51
-1.0296330417114024e-51
-9.394965376172848e-52
-8.153388442018556e-52
-6.655281335432049e-52
-4.988635694771143e-52
-3.2414917203395906e-52
-1.4980338997415739e-52
1.648133283385817e-53
1.680181304646181e-52
2.9933717287552236e-52
4.063253832528018e-52
4.862942730171775e-52
5.379789490797554e-52
5.6147413950602485e-52
5.581153809992429e-52
5.303152544563162e-52
4.813657128085434e-52
4.152181164442594e-52
3.362525998950039e-52
2.4904788621550197e-52
1.5816170853983532e-52
6.793067195391266e-53
-1.7703217015375047e-53
-9.533391663077068e-53
-1.6219705576184531e-52
-2.162383026939206e-52
-2.5614451570028124e-52
-2.8133943290468317e-52
-2.9194708171107652e-52
-2.887272500032902e-52
-2.7298823293332452e-52
-2.4648263628341068e-52
-2.1129228064372947e-52
-1.697082239519562e-52
-1.2411162891822778e-52
-7.686068168476515e-53
-3.0188061104448326e-53
1.3887388667874855e-53
5.363206670640433e-53
8.765036783119206e-53
1.1491801487623838e-52
1.3479613121636994e-52
1.4702705373614324e-52
1.5171361100698853e-52
1.4928417853229195e-52
1.4044625810623178e-52
1.2613160513798241e-52
1.0743604730734386e-52
8.555710810611279e-53
6.17323835904447e-53
3.7181338758390737e-53
1.3052813698682213e-53
-9.619916345344503e-54
-2.9955172952561003e-53
-4.72491532659907e-53
-6.099211354931488e-53
-7.087459165052018e-53
-7.678423243767582e-53
-7.87941490094852e-53
-7.714404881317086e-53
-7.221557070098236e-53
-6.450341351159784e-53
-5.458388995471465e-53
-4.308251590868285e-53
-3.0642152239976873e-53
-1.789306388431184e-53
-5.426060946954358e-54
6.230348142733967e-54
1.662811752343845e-53
2.5412729339061217e-53
3.2331014468906578e-53
3.723382422133341e-53
4.0073868698625583e-53
4.0899225043132916e-53
3.9843168178387495e-53
3.7111084557037547e-53
3.296529453909064e-53
2.7708632071574935e-53
2.1667613849300034e-53
1.5175978169638918e-53
8.559291544858229e-54
2.1212149871093307e-54
-3.8681015407502777e-54
-9.181161787056083e-54
-1.3639605587431725e-53
-1.7117968047912477e-53
-1.9544778568452176e-53
-2.0901175271527947e-53
-2.121730566800574e-53
-2.0566859630967802e-53
-1.9060134313200287e-53
-1.68360619896458e-53
-1.405364141682565e-53
-1.0883202583528862e-53
-7.497905869428665e-54
-4.065832438311424e-54
-7.429664204201696e-55
2.3326954045874652e-54
5.045740531323731e-54
7.30654964833849e-54
9.053092407367509e-54
1.0251349618164002e-53
1.0894458958005685e-53
1.1000729648659063e-53
1.0610709396654763e-53
9.783513425622621e-54
8.592640430193405e-54
7.121504057221304e-54
5.458901850755848e-54
3.6946276583069466e-54
1.9154097750184896e-54
2.0132730625793038e-55
-1.3771768100533398e-54
-2.7616040966742065e-54
-3.9069851015502665e-54
-4.7827310477165974e-54
-5.372776625207262e-54
-5.675067356018781e-54
-5.700469494351259e-54
-5.471199433822549e-54
-5.01888270447807e-54
-4.3823597716089523e-54
-3.605357184098425e-54
-2.734138591459475e-54
-1.815241386578333e-54
-8.933920226432513e-55
-9.677293484800793e-57
7.99968988106969e-55
1.5059234619874139e-54
2.085653564353695e-54
2.52411796618963e-54
2.8138013930485956e-54
2.9544131053112974e-54
2.952290749664962e-54
2.8195608283894555e-54
2.5731134947798213e-54
2.2334527435747328e-54
1.8234834371558728e-54
1.3672942270021177e-54
8.889906330081303e-55
4.116257469455758e-55
-4.373229981159421e-56
-4.587663223454812e-55
-8.184896286998567e-55
-1.1116291697771546e-54
-1.3308118753205084e-54
-1.472562512709859e-54
-1.5371290520542404e-54
-1.5281578151258878e-54
-1.4522454622605186e-54
-1.318398046763559e-54
-1.1374289349213675e-54
-9.213274173904562e-55
-6.826284531970036e-55
-4.338113712084319e-55
-1.867517254869632e-55
4.775389353925809e-56
2.603751913977798e-55
4.435378928679065e-55
5.916112499500532e-55
7.009936446573877e-55
7.701010850325715e-55
7.992672901171845e-55
7.905672431609733e-55
7.475784812911397e-55
6.750959453257356e-55
5.78816936764285e-55
4.650126583259068e-55
3.4020201979604614e-55
2.108419686172879e-55
8.304667054315315e-56
-3.7654451408393734e-56
-1.4651237658203336e-55
-2.397030803809511e-55
-3.144189613887439e-55
-3.6890753363805846e-55
-4.024601155065899e-55
-4.1535523160666215e-55
-4.087630526593232e-55
-3.846183911644369e-55
-3.454705299049849e-55
-2.9431848887491387e-55
-2.344402558465191e-55
-1.692240545284172e-55
-1.020089533658224e-55
-3.594108859712843e-56
2.614944539641743e-56
8.184732694324608e-56
1.2922404049209126e-55
1.6688227209496916e-55
1.9397303011991734e-55
2.101870320090501e-55
2.15722908020928e-55
2.1123558485967753e-55
1.977688066316367e-55
1.7667611967443823e-55
1.4953479412615394e-55
1.180570909418014e-55
8.400302900716796e-56
4.909839030860659e-56
1.496115396166266e-56
-1.6961092481735548e-56
-4.54409171530144e-56
-6.950685997462591e-56
-8.846488991949964e-56
-1.0190576331658668e-55
-1.096991457713745e-55
-1.1197587392755182e-55
-1.0910014268517285e-55
-1.0163369926557329e-55
-9.029430414878108e-56
-7.591078236654344e-56
-5.937694381171055e-56
-4.160650923619129e-56
-2.349095393622503e-56
-5.861890688671162e-57
1.0540724284622045e-56
2.5093644729857875e-56
3.7308105520027616e-56
4.684013819104882e-56
5.349360238603947e-56
5.721641296369085e-56
5.809070351535471e-56
5.631787320778308e-56
5.219961071203495e-56
4.611607499013525e-56
3.8502439207528685e-56
2.9824974864502334e-56
2.055777437909565e-56
1.1161089489614818e-56
2.0621088719272823e-57
-6.361179102715574e-57
-1.3792583666845737e-56
-1.998650936977846e-56
-2.477288477087277e-56
-2.8058329930305164e-56
-2.9823828046884895e-56
-3.011929908975995e-56
-2.905557697404428e-56
-2.6794364572733273e-56
-2.3536782026280705e-56
-1.9511134244729849e-56
-1.4960505324122198e-56
-1.0130744035663157e-56
-5.259339663041335e-57
-5.656059319588021e-58
3.757502388379248e-57
7.549715321507599e-57
1.0687792315630443e-56
1.3087860219566304e-56
1.4705810191473584e-56
1.5535899589266802e-56
1.5607772099021534e-56
1.4982161452217288e-56
1.3745580030605415e-56
1.2004313227479604e-56
9.878044139879951e-57
7.493422180968266e-57
4.977865250575942e-57
2.4538503388151762e-57
3.3904314106330265e-59
-2.1835422218344705e-57
-4.1173270943681943e-57
-5.705696311866813e-57
-6.9074036577146e-57
-7.70180909227066e-57
-8.088056005906054e-57
-8.083441423660347e-57
-7.721119395629798e-57
-7.047295525335825e-57
-6.118079815535256e-57
-4.9961660542426634e-57
-3.747499466824087e-57
-2.438081246344589e-57
-1.1310399826384476e-57
1.1592277376814914e-58
1.2526311909317407e-57
2.2380235267701654e-57
3.041202846461493e-57
3.6419488634045975e-57
4.030713656470574e-57
4.208144962499443e-57
4.1841979875913526e-57
3.976909771817718e-57
3.610918849742275e-57
3.115817257354209e-57
2.5244220247036664e-57
1.8710495144711922e-57
1.1898688133602418e-57
5.134004569210859e-58
-1.2878525731185332e-58
-7.111295289360406e-58
-1.2128791403304424e-57
-1.6186007135676575e-57
-1.918415946569928e-57
-2.107970928997059e-57
-2.1881633142510132e-57
-2.164659846606739e-57
-2.0472432900801987e-57
-1.849032071518293e-57
-1.5856179379128953e-57
-1.2741667411208914e-57
-9.325252935867979e-58
-5.783733495739333e-58
-2.2845447505522802e-58
1.0208677158649702e-58
4.002409471550428e-58
6.555300517641917e-58
8.602583035616358e-58
1.0096185208847748e-57
1.1016615714123777e-57
1.1371417851669355e-57
1.1192556358190889e-57
1.0532942641944801e-57
9.462325002940103e-58
8.062779433273255e-58
6.424034426235317e-58
4.638850898208453e-58
2.798657246803619e-58
9.896114041788124e-59
-7.107716591178447e-59
-2.236325245679673e-58
-3.534205456510729e-58
-4.566109063845301e-58
-5.3087445655532216e-58
-5.753598510213157e-58
-5.9060668533358174e-58
-5.784043353530461e-58
-5.416073314197297e-58
-4.839191101360978e-58
-4.09656389327647e-58
-3.2350623783613385e-58
-2.302872177792146e-58
-1.3472483736547439e-58
-4.125005532532196e-59
4.617218003975739e-59
1.2417929338779929e-58
1.9010926438352175e-58
2.420594984121148e-58
2.7890709193244075e-58
3.002928491463961e-58
3.0657281381002968e-58
2.987422018007346e-58
2.7833743084405055e-58
2.473224338926235e-58
2.0796561736275852e-58
1.62713703617191e-58
1.1406830913013322e-58
6.447049530386952e-59
1.6197734241198433e-59
-2.872319269077457e-59
-6.858484804618094e-59
-1.0204785708668072e-58
-1.2816921439612642e-58
-1.4641064508663745e-58
-1.5662833159260036e-58
-1.5904603203655842e-58
-1.5421418111387126e-58
-1.4295796700062215e-58
-1.2631761379899238e-58
-1.0548417208096462e-58
-8.173404067657989e-59
-5.636522734761231e-59
-3.0638025410777457e-59
-5.722362071520335e-60
1.7346411488005762e-59
3.770204140754515e-59
5.467149129051312e-59
6.778846948417715e-59
7.679665721796624e-59
8.1643362811041e-59
8.246469015009045e-59
7.956359382080901e-59
7.338239270582415e-59
6.44714268479645e-59
5.3455571202557585e-59
4.100027038378516e-59
2.7778639446033577e-59
1.4440998268875155e-59
1.5879840196400176e-60
-1.025186882045465e-59
-2.0639464277383193e-59
-2.9237057169804585e-59
-3.5814671348772507e-59
-4.02512027117028e-59
-4.253060620060964e-59
-4.2733750120714625e-59
-4.10266638780071e-59
-3.764600379576411e-59
-3.288261539030185e-59
-2.7064080765629685e-59
-2.053710983189999e-59
-1.3650568582330543e-59
-6.739842571902557e-60
-1.1311573821836781e-61
5.959989050589317e-60
1.125710359075941e-59
1.560898168612252e-59
1.890251856935129e-59
2.1081028720701616e-59
2.2142000893966026e-59
2.213264247342155e-59
2.1143596906156397e-59
1.930126653726897e-59
1.6759198510877736e-59
1.36889943250794e-59
1.027118590354285e-59
6.68648519641488e-60
3.10776346469662e-60
-3.069459465238521e-61
-3.4201976489474314e-60
-6.119487477008332e-60
-8.32013387733223e-60
-9.966683855343004e-60
-1.1032905575415773e-59
-1.1520487087495487e-59
-1.1456607900130833e-59
-1.0890585998285223e-59
-9.889826783041163e-60
-8.535312243153454e-60
-6.916868946606582e-60
-5.12844312562394e-60
-3.2635915708849945e-60
-1.4113698956203365e-60
3.472331787954917e-61
1.9422035842174252e-60
3.3166783656814575e-60
4.428356071468383e-60
5.250143172691421e-60
5.770072278731127e-60
5.990557159183896e-60
5.927073482062651e-60
5.606372123667352e-60
5.064343604706313e-60
4.3436576682052e-60
3.4913015214496404e-60
2.5561343404653553e-60
1.58656500155543e-60
6.284455283467058e-61
-2.7674461017628206e-61
-1.0933674337909726e-60
-1.7927127760580046e-60
-2.353686129992556e-60
-2.763101134631755e-60
-3.015597074115682e-60
-3.1132166555177886e-60
-3.0646914083682596e-60
-2.884491010162722e-60
-2.591698553775703e-60
-2.2087762555298458e-60
-1.760285518906142e-60
-1.271621902892274e-60
-7.678197794102477e-61
-2.7247375870988213e-61
1.9318517995629035e-61
6.110309666208408e-61
9.665836816482663e-61
1.2493436457018616e-60
1.452921021281146e-60
1.5749724228563424e-60
1.6169636129462137e-60
1.5837834576579916e-60
1.483238782286318e-60
1.3254625449931927e-60
1.1222688537606794e-60
8.864878804774691e-61
6.313118301368815e-61
3.696800067649415e-61
1.1372692180356915e-61
-1.2568742073145763e-61
-3.393511814523781e-61
-5.199698298061846e-61
-6.623276626433512e-61
-7.633436147172442e-61
-8.22027799899334e-61
-8.39349076735033e-61
-8.180270058341206e-61
-7.622637891517037e-61
-6.77433125776194e-61
-5.697433998513544e-61
-4.458922852085638e-61
-3.127287912954211e-61
-1.769370944647692e-61
-4.475432439215199e-62
7.826805473391593e-62
1.8745237247494385e-61
2.791283121297631e-61
3.507105858443326e-61
4.0072199493185995e-61
4.287654578578274e-61
4.354505470760341e-61
4.2228162403767756e-61
3.9151576526658535e-61
3.459993199885864e-61
2.8899214117202847e-61
2.239883156757855e-61
1.5454163028443852e-61
8.410310624998147e-62
1.5876782184754975e-62
-4.730140421255757e-62
-1.0305821728996037e-61
-1.4954925199899285e-61
-1.854960606184985e-61
-2.101950777859803e-61
-2.2350032586032447e-61
-2.2578287708638906e-61
-2.1787082778916936e-61
-2.009740865766451e-61
-1.765985886129913e-61
-1.46454627652118e-61
-1.123638625952575e-61
-7.616922991972044e-62
-3.965150789328754e-62
-4.4556680340102925e-63
2.7970548619036533e-62
5.642413990440819e-62
7.997950404665773e-62
9.80060589624487e-62
1.1017130688680199e-61
1.1643043551604696e-61
1.1700405130848567e-61
1.1234603181665591e-61
1.0310375415850953e-61
9.007310419772292e-62
7.415069951267149e-62
5.628567755415855e-62
3.743322143109902e-62
1.8511735649815726e-62
3.6526123060777576e-64
-1.6267646467576868e-62
-3.077774330829089e-62
-4.270118495677543e-62
-5.172781798070756e-62
-5.770196350417686e-62
-6.061629157678265e-62
-6.059964007601631e-62
-5.7899828241397044e-62
-5.28626481533423e-62
-4.590828703351751e-62
-3.7506441440509127e-62
-2.8151336075176794e-62
-1.8337761904011652e-62
-8.539109183128017e-63
8.117996501976987e-64
9.338464144370298e-63
1.6732636860088542e-62
2.2762225002969813e-62
2.727515229777463e-62
3.019935057483599e-62
3.1539207706675844e-62
3.136892798089586e-62
2.9823359326445448e-62
2.7086907291403675e-62
2.3381188169906736e-62
1.8952074534425122e-62
1.4056758276539575e-62
8.951402787543076e-63
3.879881622780823e-63
-9.359890636811619e-64
-5.304417535753326e-63
-9.069601790795935e-63
-1.2115597653806191e-62
-1.4368095089501068e-62
-1.5794200378901968e-62
-1.6400401915621017e-62
-1.6228962857932637e-62
-1.5353033058200974e-62
-1.3870804776108387e-62
-1.1899051686614604e-62
-9.566389392848119e-63
-7.006579480342977e-63
-4.3521700724828246e-63
-1.7287262434942945e-63
7.501438432972996e-64
2.986813809514292e-63
4.902616645817709e-63
6.439731385611023e-63
7.561987252457193e-63
8.254640914444377e-63
8.523223280216156e-63
8.3915853612398e-63
7.899297287330226e-63
7.0985702282225e-63
6.0508777990873e-63
4.8234519552286284e-63
3.4858191883906154e-63
2.1065270737513425e-63
7.501901350089759e-64
-5.2504102277830655e-64
-1.669510876655042e-63
-2.6435425900141505e-63
-3.4183544931994587e-63
-3.9764166488975096e-63
-4.311278907324056e-63
-4.4269226217707876e-63
-4.336704898945214e-63
-4.061976503130564e-63
-3.630462151994405e-63
-3.074494987325671e-63
-2.4291957266999843e-63
-1.7306818230522336e-63
-1.0143834367207742e-63
-3.135318181103267e-64
3.421274685935476e-64
9.27358430569591e-64
1.422172443976821e-63
1.8122713967856484e-63
2.0892013849950877e-63
2.2502345538431887e-63
2.2980072358221414e-63
2.2399509601633473e-63
2.0875590010073535e-63
1.8555348202635842e-63
1.560870085418838e-63
1.2218990429374492e-63
8.573731317351125e-64
4.855951251112674e-64
1.2364614040338312e-64
-2.1326806891349634e-64
-5.12332634932095e-64
-7.63489722307834e-64
-9.59651672519561e-64
-1.096764601235823e-63
-1.173732238226557e-63
-1.1922151652655356e-63
-1.1563248497338653e-63
-1.0722348969583045e-63
-9.477337212664706e-64
-7.917433908333537e-64
-6.138288130418308e-64
-4.2371981774038016e-64
-2.3086622281694298e-64
-4.4042812274760944e-65
1.2898248134248704e-64
2.8170781878432883e-64
4.090787539076776e-64
5.075901304020179e-64
5.753107550810759e-64
6.118362646495975e-64
6.181783272375155e-64
5.966004540526501e-64
5.504121954627364e-64
4.837343468129532e-64
4.012480092405328e-64
3.0793998311611194e-64
2.08856082341936e-64
1.0887262995527531e-64
1.2494725097791427e-65
-7.631203870203872e-65
-1.5425176899904286e-64
-2.1878782666535196e-64
-2.6819119394911606e-64
-3.0154898747891302e-64
-3.187360988688322e-64
-3.20354327588692e-64
-3.076444429152885e-64
-2.8237735269870564e-64
-2.4673096146282802e-64
-2.0315937941533157e-64
-1.5426092122633986e-64
-1.026508442523533e-64
-5.084406436689455e-65
-1.1522039743265525e-66
4.440167522321063e-65
8.41483681920072e-65
1.1681664223262829e-64
1.4155600352071959e-64
1.579389056962569e-64
1.6594403569605223e-64
1.6592301245552965e-64
1.5855337202240313e-64
1.4478107789719673e-64
1.2575598641589942e-64
1.0276371994825114e-64
7.715726875011809e-65
5.029137438235741e-65
2.3462367024660532e-65
-2.144337871974963e-66
-2.5497403378095594e-65
-4.575227049240062e-65
-6.227282672615639e-65
-7.464201384543783e-65
-8.266183727721095e-65
-8.634367020230516e-65
-8.58901000218518e-65
-8.166983437664261e-65
-7.418736346243927e-65
-6.4049164644917206e-65
-5.192823799394243e-65
-3.852868451651318e-65
-2.455189267314969e-65
-1.0665695536761207e-65
2.5223854933082443e-66
1.4486969615189284e-65
2.480116654164287e-65
3.3147184989401636e-65
3.932121378698385e-65
4.323284218616649e-65
4.4899505402450865e-65
4.44366208202739e-65
4.204421510603632e-65
3.799093046431155e-65
3.259633949831517e-65
2.6212494710976923e-65
1.9205594523515012e-65
1.1938568184464428e-65
4.755273595224035e-66
-2.033127880411817e-66
-8.159199546549323e-66
-1.34073908313193e-65
-1.7619212176955726e-65
-2.0695445883715863e-65
-2.259554483634751e-65
-2.333448281102211e-65
-2.2977410725903363e-65
-2.1632540522402607e-65
-1.9442721331914525e-65
-1.6576191344180774e-65
-1.3216984557865771e-65
-9.555446487723669e-66
-5.779269797488386e-66
-2.0654031502112015e-66
1.4268818982548733e-66
4.5615564490425665e-66
7.22990098450627e-66
9.353019462016757e-66
1.0882820289705769e-65
1.1801549968786629e-65
1.2120022072303724e-65
1.1874729999691275e-65
1.112406550981373e-65
9.943885934348117e-66
8.422681350202633e-66
6.656589528686635e-66
4.7444923316036197e-66
2.783403917944662e-66
8.643304639922057e-67
-9.31254937346913e-67
-2.5342178956286756e-66
-3.8897852237509354e-66
-4.958760740700322e-66
-5.717948520757851e-66
-6.159831651486958e-66
-6.291583492134728e-66
-6.133511503914323e-66
-5.717050424677494e-66
-5.082431680607115e-66
-4.276159573210974e-66
-3.348422335375081e-66
-2.350558237231637e-66
-1.332684352652324e-66
-3.415793197205491e-67
5.811075227986975e-67
1.4002688012335894e-66
2.0883428760017719e-66
2.625898716860118e-66
3.0018112871772016e-66
3.2130541877946057e-66
3.264151011370662e-66
3.166338482915536e-66
2.936502755816019e-66
2.5959551084283425e-66
2.1691148164120714e-66
1.6821653746457173e-66
1.1617458447234616e-66
6.337323402524026e-67
1.2215603153507252e-67
-3.517059065543903e-67
-7.70040711602552e-67
-1.1189970890611604e-66
-1.3889648728545985e-66
-1.5746432286067907e-66
-1.674912203941792e-66
-1.6925298940214312e-66
-1.6336833385222077e-66
-1.507425375755035e-66
-1.3250320151031872e-66
-1.0993154964852191e-66
-8.439272038924507e-67
-5.72682169232817e-67
-2.989332708979767e-67
-3.501866079198311e-68
2.0819927435516007e-67
4.216907097154655e-67
5.98503918634502e-67
7.338980504461553e-67
8.253667733113216e-67
8.725609347812628e-67
8.77122179028478e-67
8.424423978546912e-67
7.733659240088919e-67
6.758524864746995e-67
5.5661916657381024e-67
4.227789864613462e-67
2.8149242443212522e-67
1.3964620517962449e-67
3.5712953206521983e-69
-1.211907080199136e-67
-2.3006652611358755e-67
-3.1957216563513285e-67
-3.8737543280737544e-67
-4.3230215288363134e-67
-4.5429056508471395e-67
-4.5430028210399246e-67
-4.341836774813389e-67
-3.965285657159517e-67
-3.444815644111701e-67
-2.8156159201296667e-67
-2.1147259476175737e-67
-1.3792386403087918e-67
-6.446526412404609e-68
5.6565870113362e-69
6.961657929140356e-68
1.2510072975965206e-67
1.703656040150746e-67
2.0426745311289724e-67
2.2626232815887206e-67
2.3637961410103313e-67
2.3517239593359426e-67
2.236488091178123e-67
2.0318901842668168e-67
1.7545271457451134e-67
1.4228202588142813e-67
1.0560453249862456e-67
6.734067101830227e-68
2.931926133466037e-68
-6.795786789775966e-69
-3.956528300253524e-68
-6.781956864754659e-68
-9.068761112159717e-68
-1.0761041644239854e-67
-1.183394878262581e-67
-1.2292165918175505e-67
-1.2167212399023185e-67
-1.1513784952258678e-67
-1.040538076587136e-67
-8.92945668446839e-68
-7.182378072005741e-68
-5.2643988379838374e-68
-3.2748923848672967e-68
-1.308023593098859e-68
5.509836046977787e-69
2.228867922032048e-68
3.666567742469019e-68
4.8206405170517754e-68
5.6638705818318115e-68
6.185106885375741e-68
6.388402733508772e-68
6.2915545005497505e-68
5.924154709254821e-68
5.325286666746066e-68
4.540993000883948e-68
3.621649301114847e-68
2.619367211196893e-68
1.5855395340030003e-68
5.686241286402197e-69
-3.877553569492403e-69
-1.2463344895906575e-68
-1.977322783461537e-68
-2.5590933648517552e-68
-2.978452850167845e-68
-3.230514869609353e-68
-3.318216252088248e-68
-3.2515274280566624e-68
-3.0464178068280295e-68
-2.723642617826489e-68
-2.307420009288065e-68
-1.8240662602379683e-68
-1.3006530969042529e-68
-7.637447310467111e-69
-2.382638488455908e-69
2.534740834898347e-69
6.92529606230784e-69
1.0638936868486475e-68
1.35682128514303e-68
1.5649479039693596e-68
1.6862022566827869e-68
1.7225361074914246e-68
1.6794986651150242e-68
1.5656874882663587e-68
1.392110637895836e-68
1.1714958147527628e-68
9.175815566071034e-69
6.444234074654285e-69
3.6574453334567836e-69
9.435580548700954e-70
-1.5833481479624799e-69
-3.8270938349415314e-69
-5.712151503620339e-69
-7.185250499219141e-69
-8.215860652373556e-69
-8.795627742716905e-69
-8.936874158341951e-69
-8.670309975915256e-69
-8.042122422134086e-69
-7.110625055836129e-69
-5.94265222754355e-69
-4.6098800149958566e-69
-3.1852428153016166e-69
-1.739596274823739e-69
-3.387536227334547e-70
9.590047792727107e-70
2.1048782362679753e-69
3.0609084549718676e-69
3.800747081683768e-69
4.3098442164452643e-69
4.5850983639578417e-69
4.634028729311776e-69
4.4735467921578627e-69
4.1284153594134314e-69
3.6294897060273407e-69
3.011837091244686e-69
2.3128282087460694e-69
1.5702874853946354e-69
8.20779209418745e-70
9.809396213037154e-71
-5.680144813339674e-70
-1.1528069414911678e-69
-1.6372320497490574e-69
-2.0082907415769235e-69
-2.2591019058318429e-69
-2.388691474511722e-69
-2.401537610231018e-69
-2.306912700575943e-69
-2.1180684381692768e-69
-1.8513133152725934e-69
-1.5250324693695246e-69
-1.1586981603830143e-69
-7.719155051390992e-70
-3.835427708545841e-70
-1.091891332139555e-71
3.30776460881883e-70
6.290135178227578e-70
8.742438920239685e-70
1.0600723412633553e-69
1.1832742475138952e-69
1.243671183902649e-69
1.2438820251069435e-69
1.1889711186854783e-69
1.0860177811175759e-69
9.436328222031389e-70
7.714479813015898e-70
5.79603176916381e-70
3.782544688034497e-70
1.771227838164457e-70
-1.4900039449222378e-71
-1.9007526696599408e-70
-3.420628884765084e-70
-4.660845675341769e-70
-5.5900367270552e-70
-6.193258346100642e-70
-6.471267037928295e-70
-6.439162467254651e-70
-6.124509414589414e-70
-5.565065847197546e-70
-4.806250955505962e-70
-3.898487241855064e-70
-2.8945450244507568e-70
-1.847006791390464e-70
-8.059536305185568e-71
1.8304249472382045e-71
1.080557464092e-70
1.8545432258831666e-70
2.481125723048714e-70
2.9449734461721476e-70
3.2392564825708494e-70
3.365232396823252e-70
3.331508746324908e-70
3.153042162101381e-70
2.8499405431468063e-70
2.4461380246086986e-70
1.968012143893188e-70
1.4430093369475268e-70
8.98338953000609e-71
3.5978786680248943e-71
-1.4930196532847882e-71
-6.088614475467548e-71
-1.0027075032877089e-70
-1.318932394134055e-70
-1.5500708216219156e-70
-1.6930561422746986e-70
-1.7489854132936827e-70
-1.7227197929568562e-70
-1.6223518775864353e-70
-1.458574789304662e-70
-1.2439892463988456e-70
-9.92384541144521e-71
-7.180274773704338e-71
-4.349900968249919e-71
-1.5654270617018363e-71
1.0536641133576347e-71
3.405288582137849e-71
5.407816824011184e-71
7.001965649790902e-71
8.151540651271653e-71
8.843093229276242e-71
9.084598894898107e-71
8.903297901864062e-71
8.34286448549021e-71
7.460086709409456e-71
6.32124525862547e-71
4.9983769771854655e-71
3.565598391781538e-71
2.0956470323712392e-71
6.567754090251826e-72
-6.898944870926169e-72
-1.892477785189483e-71
-2.909846545372889e-71
-3.712544917112815e-71
-4.283110076286968e-71
-4.615834816163228e-71
-4.716029378111888e-71
-4.598857437037919e-71
-4.287833706135705e-71
-3.813078242566735e-71
-3.209425298430923e-71
-2.5144827567652704e-71
-1.7667322852373307e-71
-1.0037509382231826e-71
-2.606227521990404e-72
4.314053156656841e-72
1.0459841619254224e-71
1.5624169130721687e-71
1.966099314048147e-71
2.2486530890095173e-71
2.4077722488985226e-71
2.44681335298268e-71
2.37416946045541e-71
2.2024737409700143e-71
1.947682383912266e-71
1.6280876086471722e-71
1.263310391873856e-71
8.733192441145184e-72
4.775163075970196e-72
9.39255862013981e-73
-2.6148934084929446e-72
-5.753588117499899e-72
-8.372806908932322e-72
-1.040031021018129e-71
-1.1796161240823937e-71
-1.255177208661491e-71
-1.2687641434668665e-71
-1.2249994481125666e-71
-1.1306566410252474e-71
-9.94178843377971e-72
-8.251640013107158e-72
-6.338423451716655e-72
-4.305698887540323e-72
-2.2535905434060197e-72
-2.7464087160935125e-73
1.549649933467152e-72
3.1515035316231116e-72
4.47870926500362e-72
5.495624734620491e-72
6.183358054404971e-72
6.53919269352148e-72
6.575344236237466e-72
6.317160454237177e-72
5.800891356936805e-72
5.071164257426553e-72
4.1783005758010194e-72
3.1756065870285344e-72
2.116760329704206e-72
1.0534023292664221e-72
3.3019685079040775e-74
-9.028074742523457e-73
-1.7197500329427173e-72
-2.391639407476128e-72
-2.90093888198518e-72
-3.238792818321175e-72
-3.404687145972417e-72
-3.405768941236081e-72
-3.25588397706226e-72
-2.974398655184434e-72
-2.584876685516238e-72
-2.1136813807227014e-72
-1.5885717549572443e-72
-1.0373551418992091e-72
-4.866512565358314e-73
3.918694195595086e-74
5.189609987862272e-73
9.353001303794813e-73
1.2751080774036131e-72
1.5297829266646308e-72
1.6952193024817018e-72
1.7716111767174544e-72
1.7630808408265498e-72
1.6771651310026323e-72
1.5241937002134546e-72
1.3165959801203486e-72
1.0681735459117596e-72
7.933730348230637e-73
5.0659178137648304e-73
2.2154417168047102e-73
-4.928833132361202e-74
-2.951061812468148e-73
-5.071283825922577e-73
-6.788113250154428e-73
-8.059500536941691e-73
-8.866674001666271e-73
-9.213009085040753e-73
-9.12201181841946e-73
-8.634580497818359e-73
-7.805727721490579e-73
-6.700953496145199e-73
-5.3924594981172006e-73
-3.9553855883563715e-73
-2.4642334276241928e-73
-9.896198531979847e-74
4.045239564007649e-74
1.663221031581786e-73
2.742129251625974e-73
3.6086091828734065e-73
4.2421834691153886e-73
4.6344187153453596e-73
4.788283781228344e-73
4.717057050548978e-73
4.442869105926563e-73
3.99497610364327e-73
3.4078630400610616e-73
2.7192752750641288e-73
1.9682715639710965e-73
1.1933830354392872e-73
4.309507413927489e-74
-2.8629962810936486e-74
-9.304027179372057e-74
-1.4789910768879413e-73
-1.9158141324729942e-73
-2.2309424384036734e-73
-2.4206746781231134e-73
-2.4871766017933505e-73
-2.437890489838741e-73
-2.284760648422049e-73
-2.043324755911687e-73
-1.7317226224530607e-73
-1.3696732366703257e-73
-9.7746808972458e-74
-5.7502400029156154e-74
-1.810323843848304e-74
1.8776547292921127e-74
5.171556604209151e-74
7.958682593504217e-74
1.015828422300947e-73
1.172244744406811e-73
1.263544728381929e-73
1.2911730922406252e-73
1.2592734170397734e-73
1.1742770720834917e-73
1.0444254447137258e-73
8.792522623304132e-74
6.890523040007766e-74
4.84361185091094e-74
2.7546832700596223e-74
7.198188997104292e-75
-1.1753943814754992e-74
-2.858771211958089e-74
-4.273595810941254e-74
-5.379830401805439e-74
-6.154482929859792e-74
-6.5911886560063746e-74
-6.699090431977718e-74
-6.501126382098065e-74
-6.031850802896323e-74
-5.334924164452981e-74
-4.460411301145145e-74
-3.462023651573431e-74
-2.3944324330959086e-74
-1.310765797549893e-74
-2.603853345489462e-75
7.129831257415391e-75
1.5727114723591864e-74
2.290293601131454e-74
2.845923549918096e-74
3.228639480760652e-74
3.436063729635484e-74
3.4737844911073155e-74
3.3544367394310175e-74
3.096548455664237e-74
2.72322305763307e-74
2.2607302092027855e-74
1.7370751596274903e-74
1.1806118011598944e-74
6.187572010197334e-75
7.685599966621382e-76
-4.2276765119841727e-75
-8.615444213470701e-75
-1.2251658919065164e-74
-1.5038592234863426e-74
-1.6924377436135445e-74
-1.790144102451943e-74
-1.8003104315016435e-74
-1.7298659868969316e-74
-1.5887269457528627e-74
-1.389105322080387e-74
-1.14477443551534e-74
-8.703271351943968e-75
-5.804602502013974e-75
-2.893147545293859e-75
-9.89618051687324e-77
2.4640580850328207e-75
4.701857625323428e-75
6.5427183715657105e-75
7.938552133039406e-75
8.865039248927225e-75
9.320702262218223e-75
9.325045773272524e-75
8.915923598588974e-75
8.146315007813755e-75
7.080702666394738e-75
5.791246317236056e-75
4.353938926457894e-75
2.8449170542802465e-75
1.3370759004225602e-75
-1.0288670655364254e-76
-1.4169025846614251e-75
-2.5573781397442205e-75
-3.488419753942867e-75
-4.186437564964899e-75
-4.640153290389829e-75
-4.850061989397168e-75
-4.827417638947895e-75
-4.592827605836103e-75
-4.174551249577096e-75
-3.606602969794458e-75
-2.926760218435602e-75
-2.1745727333396e-75
-1.3894610811502465e-75
-6.089812153454995e-76
1.3268206561171293e-76
8.059453164776335e-76
1.3867490977755978e-75
1.8571581352786847e-75
2.2056395855274155e-75
2.427034215881314e-75
2.5222476631328367e-75
2.4976990453042718e-75
2.3645718082516755e-75
2.1379166661770634e-75
1.835658844267697e-75
1.477561669944231e-75
1.0841961054377041e-75
6.75961370548187e-76
2.7219573509457158e-76
-1.0959072835499362e-76
-4.543377236696342e-76
-7.498953861206857e-76
-9.873171720219673e-76
-1.1609861506511976e-75
-1.2685831479081355e-75
-1.3109114848439829e-75
-1.29159816419755e-75
-1.2166951578076598e-75
-1.0942068793655584e-75
-9.33570998040232e-76
-7.451195262974481e-76
-5.39545718607604e-76
-3.2739990757169685e-76
-1.1863417250069048e-76
7.778810494561064e-77
2.5420597135409804e-76
4.044904870933634e-76
5.241870895775727e-76
6.105717804040767e-76
6.626259119220057e-76
6.809375522548285e-76
6.675399877427055e-76
6.256998164619525e-76
5.596682697509024e-76
4.7440987807762876e-76
3.753224112235731e-76
2.6796123500811005e-76
1.5777992323675126e-76
4.989724544832993e-77
-5.110137057588848e-77
-1.4132201255275342e-76
-2.1767648925488166e-76
-2.7795121509702926e-76
-3.208315427218854e-76
-3.458842213853867e-76
-3.5350228823018215e-76
-3.448180006713643e-76
-3.2159036112401335e-76
-2.8607435859271036e-76
-2.4087926098913912e-76
-1.8882315885173005e-76
-1.3279052018737296e-76
-7.559881291812056e-77
-1.9879339159393383e-77
3.2023637686234213e-77
7.813254643427523e-77
1.16893202367818e-76
1.472079661412688e-76
1.6844588242855947e-76
1.804312897812464e-76
1.8341322115679258e-76
1.7801857002013434e-76
1.651924653224044e-76
1.461295750369106e-76
1.2220014622834879e-76
9.487450179043287e-77
6.564946874931709e-77
3.597983452797261e-77
7.217443801898284e-78
-1.944001014639207e-77
-4.2989048277356375e-77
-6.26484876551935e-77
-7.787530829035389e-77
-8.836863178870758e-77
-9.406263772791033e-77
-9.510966411509183e-77
-9.185506805753538e-77
-8.480565493268212e-77
-7.459361682073617e-77
-6.193795629646864e-77
-4.76053164904633e-77
-3.2372002699576693e-77
-1.6988777541670576e-77
-2.1497554194799398e-78
1.1533571302892987e-77
2.3552456373851717e-77
3.351477561596699e-77
4.1152566786184606e-77
4.63234334521249e-77
4.9006267956197295e-77
4.929196184111685e-77
4.73699378219762e-77
4.351145218213556e-77
3.805067955006488e-77
3.1364604946809894e-77
2.3852714433465628e-77
1.5917401040993756e-77
7.945893701391239e-78
2.9438133954558305e-79
-6.725149623538353e-78
-1.2855009998111566e-77
-1.7898646200191915e-77
-2.1724193843768386e-77
-2.4264866033712425e-77
-2.551642599275072e-77
-2.5532101775763235e-77
-2.441538398160148e-77
-2.231120398710262e-77
-1.939602002951136e-77
-1.586734239223769e-77
-1.1933209011810063e-77
-7.8020819161293e-78
-3.6735766057298966e-78
2.6963515063667112e-79
3.8684893187683325e-78
6.992586003705057e-78
9.543549778137482e-78
1.1456688051213766e-77
1.270101748720095e-77
1.3277794877051414e-77
1.3217743619884107e-77
1.2577208641335137e-77
1.1433500418666698e-77
9.879702730622272e-78
8.019219356713423e-78
5.960323313722685e-78
3.810949884358151e-78
1.673943555211981e-78
-3.570688398830572e-79
-2.201048740464764e-78
-3.792074676224844e-78
-5.080988217443588e-78
-6.036158569104841e-78
-6.643406235509706e-78
-6.905160027403561e-78
-6.838949385426785e-78
-6.475354842794244e-78
-5.855553100569841e-78
-5.0285996428597115e-78
-4.0485913974558616e-78
-2.971845248232261e-78
-1.854216054891521e-78
-7.486612313177114e-79
2.968610131762005e-79
1.24109478957557e-78
2.050749159446275e-78
2.7013014781734095e-78
3.1773445809487643e-78
3.4725008852241264e-78
3.5889437238336464e-78
3.536580224182553e-78
3.33196046362076e-78
2.9969843003359266e-78
2.557480223111123e-78
2.0417299657125474e-78
1.479008817531606e-78
8.982049715256677e-79
3.26572409499443e-79
-2.1133868528879625e-79
-6.945415710280932e-79
-1.1062422619030228e-78
-1.434230052334892e-78
-1.6710320807149188e-78
-1.8138449769268388e-78
-1.864265413510235e-78
-1.8278484494711475e-78
-1.7135277491889833e-78
-1.5329350046515337e-78
-1.2996572077725282e-78
-1.0284699148660997e-78
-7.345824935231149e-79
-4.329277773362698e-79
-1.3752385318797904e-79
1.3906982685083827e-79
3.8618586633289114e-79
5.953619898080598e-79
7.605300299257749e-79
8.780829239358549e-79
9.468270354505269e-79
9.678315806940536e-79
9.441905037488044e-79
8.807147302739676e-79
7.835743019519228e-79
6.599104701609563e-79
5.174374655618378e-79
3.6405245552603563e-79
2.0747027805644825e-79
5.489704482964644e-80
-8.724620392208929e-80
-2.1354176997030515e-79
-3.197307193909719e-79
-4.028038695064564e-79
-4.6102974164806945e-79
-4.939235552131351e-79
-5.0216360679872383e-79
-4.8746317425446394e-79
-4.5240736955421235e-79
-4.0026512271894036e-79
-3.347867223554328e-79
-2.599970993422233e-79
-1.799943700481669e-79
-9.876212024046569e-80
-2.0002587164901045e-80
5.300363188379862e-80
1.1750736577424063e-79
1.713678585939195e-79
2.1309631573318885e-79
2.4186689714863754e-79
2.5749741500707927e-79
2.6040314472524073e-79
2.5152806211683305e-79
2.322584558205384e-79
2.0432422774217153e-79
1.6969329180183278e-79
1.3046433093444339e-79
8.876280160777909e-80
4.664451909212797e-80
6.010455596764971e-81
-3.1464419528875608e-80
-6.43862888962955e-80
-9.1680532077936e-80
-1.1261242298831163e-79
-1.267910251565604e-79
-1.3415752874759019e-79
-1.3495985756237795e-79
-1.2971582836806575e-79
-1.1916745963812874e-79
-1.042291999301563e-79
-8.593288195866003e-80
-6.537211692139225e-80
-4.364863959714848e-80
-2.1822816677184783e-80
-8.701598505747433e-82
1.835473608693253e-80
3.5145858488256826e-80
4.896452774011971e-80
5.944915459516324e-80
6.641632985776088e-80
6.985392883302272e-80
6.990720916736708e-80
6.685910860341185e-80
6.11061044058669e-80
5.3131078036995084e-80
4.347463963398028e-80
3.27063124525543e-80
2.139686561087437e-80
1.009292399138633e-80
-7.052118823972858e-82
-1.0561824015630744e-80
-1.911963494214018e-80
-2.610902257960806e-80
-3.1352575138960763e-80
-3.476517713890407e-80
-3.6349999442998705e-80
-3.6190916251533325e-80
-3.444198618316554e-80
-3.1314710931646927e-80
-2.706382328955937e-80
-2.1972358103972313e-80
-1.6336727969524271e-80
-1.0452464406360274e-80
-4.601200088369241e-81
9.606358115299051e-82
6.011052778616778e-81
1.0369429957285504e-80
1.3901030192684708e-80
1.6519100890703828e-80
1.8184672059421758e-80
1.890425460638438e-80
1.872571786557522e-80
1.7732682470571296e-80
1.6037802125919894e-80
1.3775325560144352e-80
1.1093328846549293e-80
8.145989988008164e-81
5.086244438773292e-81
2.0591148107012627e-81
-8.040465758383601e-82
-3.3902241941830533e-81
-5.608200107498979e-81
-7.3907573865601675e-81
-8.695634534771883e-81
-9.505293929498956e-81
-9.825614516173733e-81
-9.683657354325332e-81
-9.124681160424138e-81
-8.208603284262024e-81
-7.006109647567568e-81
-5.594615567059211e-81
-4.054268967916986e-81
-2.4641694718037273e-81
-8.989526556119113e-82
5.741399856185422e-82
1.897616515830367e-81
3.02545956289405e-81
3.924197582454058e-81
4.573330034062443e-81
4.9651420994912755e-81
5.103968612796993e-81
5.004986241484131e-81
4.692627193575197e-81
4.1987166287296035e-81
3.5604395778477716e-81
2.8182418090566213e-81
2.0137632000333566e-81
1.1878924279892756e-81
3.790189274685858e-82
-3.784570754450682e-82
-1.0553122028708846e-81
-1.6283581124675245e-81
-2.0809599875028562e-81
-2.403220997026333e-81
-2.591852713278714e-81
-2.649763700652773e-81
-2.585408259852281e-81
-2.411944396799815e-81
-2.14625440062444e-81
-1.8078830011789867e-81
-1.4179470937545563e-81
-9.980677270726788e-82
-5.693697906927638e-82
-1.5158800862198612e-82
2.3769011800217892e-82
5.836224263244303e-82
8.745381675689435e-82
1.10218767100324e-81
1.261819407472582e-81
1.3520955888065231e-81
1.3748636534698839e-81
1.3348059104334076e-81
1.2389931333027062e-81
1.0963699774788131e-81
9.172007636885626e-82
7.125035207894269e-82
4.934983494957166e-82
2.710933372594058e-82
5.5427632714024296e-83
-1.445128970674128e-82
-3.211965188481883e-82
-4.687567055278697e-82
-5.831116464155692e-82
-6.61994619850226e-82
-7.049013969649763e-82
-7.129640008834047e-82
-6.887626220523749e-82
-6.360892352998807e-82
-5.596774619268372e-82
-4.649134894857824e-82
-3.575424523372883e-82
-2.4338366298187042e-82
-1.2806656329901738e-82
-1.6797346365282376e-83
8.583599802492078e-83
1.7601481677052583e-82
2.5079410471294205e-82
3.0815931984302926e-82
3.470371894686039e-82
3.672639071912835e-82
3.695157215213674e-82
3.5520816144002864e-82
3.2637100712175344e-82
2.8550658929701514e-82
2.3543909998904453e-82
1.7916234790022117e-82
1.1969283400050584e-82
5.993420757631409e-83
2.558147964051e-84
-5.009443577770577e-83
-9.608922320508007e-83
-1.3394989746434167e-82
-1.626849364258772e-82
-1.8179066891928888e-82
-1.9123246153038145e-82
-1.91406712978563e-82
-1.830869576447125e-82
-1.6735780546184484e-82
-1.4554067002603316e-82
-1.191152674253071e-82
-8.964071991688117e-83
-5.867979287109772e-83
-2.7729357151084197e-83
1.8403673595252166e-84
2.8835835819863287e-83
5.2278158762174915e-83
7.142837144728533e-83
8.57999443479262e-83
9.515905611842991e-83
9.951364858063372e-83
9.909269426615169e-83
9.431742004438996e-83
8.576643973155627e-83
7.413685377898651e-83
6.020337929980928e-83
4.477748701624514e-83
2.8668354777365794e-83
1.2647214269586674e-83
-2.583615685529355e-84
-1.6416032500560152e-83
-2.8355146338309037e-83
-3.80316598967486e-83
-4.5207640828785735e-83
-4.977598807953693e-83
-5.175414738512632e-83
-5.1272839132093436e-83
-4.856071839123949e-83
-4.392598960410762e-83
-3.7736047114269e-83
-3.039620988916166e-83
-2.2328568844041004e-83
-1.3951874339233001e-83
-5.663267147952292e-84
2.1774931917577387e-84
9.260814486435347e-84
1.5336757714222546e-83
2.0221080561167226e-83
2.3797861123254758e-83
2.601887383619813e-83
2.6900019066496794e-83
2.6515212909235472e-83
2.4988221979152146e-83
2.2482978150798405e-83
1.9192930445094514e-83
1.5329986942263776e-83
1.1113571155179383e-83
6.760268016771757e-84
2.474468459788906e-84
-1.5596571473089383e-84
-5.184613154102649e-84
-8.274307006796901e-84
-1.0736987867307925e-83
-1.251641616875613e-83
-1.3591361428116358e-83
-1.3973591490846963e-83
-1.370456945624486e-83
-1.2851113552248065e-83
-1.1500299650593612e-83
-9.753896086327332e-84
-7.7226167459044e-84
-5.520462332035555e-84
-3.259393053946679e-84
-1.044540803710857e-84
1.0298725594344757e-84
2.8837895216837096e-84
4.453669408204745e-84
5.693910865508587e-84
6.577359716619685e-84
7.094956794135865e-84
7.254613852037213e-84
7.079432426312229e-84
6.605399938290229e-84
5.878709171742227e-84
4.95285162050604e-84
3.8856325340506466e-84
2.736246495324999e-84
1.5625379799210253e-84
4.1855265985510506e-85
-6.475365805608391e-85
-1.595068627490874e-84
-2.3920621826668614e-84
-3.0159008264493713e-84
-3.4535454659493087e-84
-3.701304598197847e-84
-3.76420984189767e-84
-3.65505767755753e-84
-3.393187985555466e-84
-3.003075680829069e-84
-2.51281359073038e-84
-1.9525629527576546e-84
-1.3530429047588663e-84
-7.441225961255579e-85
-1.5356963850167533e-85
3.9400283978013817e-85
8.779606323405346e-85
1.2822271269754038e-84
1.5956112943875434e-84
1.8118915961454716e-84
1.929672670755962e-84
1.9520403014622985e-84
1.886046955545311e-84
1.7420649685584682e-84
1.533047184967476e-84
1.273735610239145e-84
9.798575137268184e-85
6.673456528923828e-85
3.5161512950315746e-85
4.692413899865388e-86
-2.3416014036396043e-85
-4.8117572075818286e-85
-6.860518032955848e-85
-8.432647371890895e-85
-9.498679928978949e-85
-1.0054054420650713e-84
-1.0117216231839721e-84
-9.726860823274996e-85
-8.938512441181196e-85
-7.820645726553575e-85
-6.45056057028274e-85
-4.9102137594220104e-85
-3.2821957151744445e-85
-1.6460183218747208e-85
-7.485207117111346e-87
1.36718081135106e-85
2.6270842119337626e-85
3.6643979252586775e-85
4.4519332644613423e-85
4.975858730953585e-85
5.235186738839288e-85
5.240734623129647e-85
5.013650276969685e-85
4.583604433921251e-85
3.9867577790190886e-85
3.2636119275146325e-85
2.4568492629031033e-85
1.609258268571718e-85
7.618290537647412e-86
-4.791090531578569e-87
-7.872673327403347e-86
-1.4294200704925973e-85
-1.9541160233295224e-85
-2.348012767508797e-85
-2.604687050553119e-85
-2.724336055197301e-85
-2.713210561504738e-85
-2.582827719055798e-85
-2.3490168822711314e-85
-2.0308548511428008e-85
-1.6495470093329627e-85
-1.2273084860742437e-85
-7.862949043931456e-86
-3.476259033831477e-86
6.946312836158086e-87
4.483143381438107e-86
7.753680657616277e-86
1.0405023588280227e-85
1.2371915764928393e-85
1.362492306269879e-85
1.416871775358958e-85
1.4038996355554263e-85
1.329828293282227e-85
1.2030897717702559e-85
1.0337384307323217e-85
8.328687952624435e-86
6.1203638243254964e-86
3.827069302624538e-86
1.5575603389967038e-86
-5.896289420148585e-87
-2.5296896045058878e-86
-4.1941379036693126e-86
-5.532472902080711e-86
-6.512897710563851e-86
-7.122151339113885e-86
-7.364533582454405e-86
-7.260234164978589e-86
-6.843098814887431e-86
-6.1579786973094436e-86
-5.257815749352472e-86
-4.200615300211959e-86
-3.046449591134602e-86
-1.8546223344452035e-86
-6.811063460787985e-87
4.236552555996094e-87
1.4165175264334646e-86
2.2629297814150234e-86
2.9377416939849512e-86
3.425525005281701e-86
3.720437425702155e-86
3.825673351122558e-86
3.752560558575291e-86
3.519372741694873e-86
3.1499344453203925e-86
2.6720977014025875e-86
2.1161686668249185e-86
1.5133581779218033e-86
8.943228459512846e-87
2.878536903902386e-87
-2.802420338412987e-87
-7.880325664209478e-87
-1.2181065144116847e-86
-1.5579631099983648e-86
-1.8001520288041605e-86
-1.9421776868786033e-86
-1.9861921104486484e-86
-1.9385078076188632e-86
-1.8089673956401135e-86
-1.6102099847643157e-86
-1.3568755213002887e-86
-1.0647875675126763e-86
-7.501525389885482e-87
-4.2880948589181145e-87
-1.1555939194612234e-87
1.7640300014315837e-87
4.359383096729707e-87
6.542827254909073e-87
8.252359823161445e-87
9.45219925574409e-87
1.0132159797130555e-86
1.0305944985865256e-86
1.000852672031579e-86
9.292803080842153e-87
8.225743767694839e-87
6.8842371057369615e-87
5.350847751597986e-87
3.709680564617135e-87
2.0425249224862306e-87
4.2542664692082146e-88
-1.074196644473016e-87
-2.399814781052198e-87
-3.507371513917143e-87
-4.366184656135044e-87
-4.959177870197193e-87
-5.282490176664167e-87
-5.344532940869752e-87
-5.164582690772275e-87
-4.771011233556805e-87
-4.199262052538032e-87
-3.4896840185517076e-87
-2.68533041080859e-87
-1.8298236749993958e-87
-9.653749682164439e-88
-1.3103317632330633e-88
6.387783722243622e-88
1.315396925339923e-87
1.8767044506352832e-87
2.3075557443851014e-87
2.59986155459555e-87
2.7523521181366743e-87
2.770058528337828e-87
2.6635586953536583e-87
2.4480411480858875e-87
2.1422435071925853e-87
1.7673232200579567e-87
1.34571629448021e-87
9.000356008831943e-88
4.5205421263728135e-88
2.1811653800667365e-89
-3.731277135893896e-88
-7.182441345964548e-88
-1.0024490261500015e-87
-1.2182869534871391e-87
-1.3619596315102758e-87
-1.433185891100157e-87
-1.4349176420308737e-87
-1.3729365548161636e-87
-1.2553593838752973e-87
-1.0920815477390706e-87
-8.941888206242868e-88
-6.733658856516234e-88
-4.4132821536278864e-88
-2.093004807387311e-88
1.2439327153244182e-89
2.149354070470372e-88
3.908394288735997e-88
5.346005549610824e-88
6.425598135346143e-88
7.129527068708141e-88
7.458276743843953e-88
7.428911161613529e-88
7.072920333505651e-88
6.433609161432966e-88
5.563183035314527e-88
4.5196848231634395e-88
3.363931472630548e-88
2.156585965310046e-88
9.554829259934277e-89
-1.866950207303084e-89
-1.2243167771268807e-88
-2.1202297862325012e-88
-2.846691149140418e-88
-3.385803401248276e-88
-3.7294773998281433e-88
-3.8789638315153404e-88
-3.8440104592751774e-88
-3.64171399296897e-88
-3.29514318888385e-88
-2.8318134603155513e-88
-2.2820930915735806e-88
-1.6776174259598485e-88
-1.0497806069873328e-88
-4.283651509646612e-89
1.5964155830303376e-89
6.910071809466376e-89
1.1469670634854495e-88
1.5136788870138342e-88
1.782420929124063e-88
1.9495467699242038e-88
2.0162189804372505e-88
1.9879522227706774e-88
1.8740020693066556e-88
1.686639622109366e-88
1.4403536939513631e-88
1.1510220008950345e-88
8.350906949237044e-89
5.087978802606373e-89
1.874718037781205e-89
-1.1507148536429087e-89
-3.8701270843035886e-89
-6.188846234084924e-89
-8.037931471369731e-89
-9.37505845896975e-89
-1.0184150551782727e-88
-1.0473878311727596e-88
-1.0275189212299579e-88
-9.638058721848471e-89
-8.627672330364504e-89
-7.320255627447488e-89
-5.7987668282904526e-89
-4.148654164409089e-89
-2.4538606186096025e-89
-7.932321433166073e-90
7.6254553545811415e-90
2.153390388691332e-89
3.3315918265779635e-89
4.262881365333348e-89
4.9268175514873864e-89
5.316525899617748e-89
5.4378597366476535e-89
5.308067944882446e-89
4.954070191204753e-89
4.4104491386917184e-89
3.717272444061489e-89
2.917855375516664e-89
2.0565681727147797e-89
1.1767815110578298e-89
3.1902944403869877e-90
-4.8054712810163375e-90
-1.1914311574356338e-89
-1.789607262822379e-89
-2.25807752078199e-89
-2.587022901824964e-89
-2.7736330726951696e-89
-2.821640061040621e-89
-2.740601405564451e-89
-2.544985666478417e-89
-2.253117469172342e-89
-1.8860406570148348e-89
-1.4663568190164483e-89
-1.017092721478897e-89
-5.6064437980224635e-90
-1.1783808730369792e-90
2.9285986200477666e-90
6.559622822997353e-90
9.593960394579505e-90
1.194749086339741e-89
1.3573344868445457e-89
1.4460840203195821e-89
1.4632904460225153e-89
1.4142226032798936e-89
1.3066411183551757e-89
1.1502445510664773e-89
9.560763807879711e-90
7.359224035950359e-90
5.017260442002048e-90
2.6504597414428896e-90
3.6576497339494775e-91
-1.7425334140279484e-90
-3.5959080171496563e-90
-5.1337444160684745e-90
-6.3145163289266025e-90
-7.116016096159342e-90
-7.534709919954502e-90
-7.584320204949744e-90
-7.293762957840614e-90
-6.704585987630445e-90
-5.868063476756965e-90
-4.8421046015297865e-90
-3.68812882563649e-90
-2.468049100675302e-90
-1.2414875213684258e-90
-6.3327186000498e-92
1.0183196274357354e-90
1.963672055003891e-90
2.742340600891379e-90
3.3338816997410634e-90
3.72786492465919e-90
3.9234909475543156e-90
3.928815047742726e-90
3.75964381967025e-90
3.4381815049128915e-90
2.991507022621938e-90
2.4499634380859598e-90
1.8455385974191569e-90
1.210309410954897e-90
5.750133380042724e-91
-3.2200366870203815e-92
-5.867994801714116e-91
-1.068650671249734e-90
-1.4625405821837907e-90
-1.7584350258353644e-90
-1.951486896242604e-90
-2.041813624470966e-90
-2.0340734659456133e-90
-1.9368763482425573e-90
-1.7620693253347235e-90
-1.5239388633456919e-90
-1.2383723076561214e-90
-9.220191193820157e-91
-5.914890578907936e-91
-2.626197153187194e-91
5.0159995063148324e-92
3.343502880785271e-91
5.797716216308308e-91
7.788200539264294e-91
9.265869749905683e-91
1.0208493416169182e-90
1.061941764903037e-90
1.0525260767209318e-90
9.972772258538409e-91
9.025064720095205e-91
7.757438560042546e-91
6.253018757072441e-91
4.598412812554406e-91
2.879580461563082e-91
1.178080263313082e-91
-4.321724238892124e-92
-1.887535571182061e-91
-3.1365937793547574e-91
-4.1414052761530794e-91
-4.878046910037722e-91
-5.336492176071219e-91
-5.519883902778136e-91
-5.443284850030589e-91
-5.132005578573306e-91
-4.6196193025690737e-91
-3.9457780545281886e-91
-3.153943655881551e-91
-2.2891411930852726e-91
-1.3958326230490424e-91
-5.159945802657942e-92
3.1253167541660093e-92
1.0573680145240147e-91
1.6925732472012596e-91
2.1992496839127966e-91
2.565786536012214e-91
2.7877599879343096e-91
2.867523310393883e-91
2.8135313021196654e-91
2.639451383459063e-91
2.363118705654312e-91
2.0053947139280157e-91
1.5889878688772353e-91
1.1372919582729742e-91
6.732919791811593e-92
2.1858036364905917e-92
-2.074821728033383e-92
-5.8843617717761075e-92
-9.112080363341639e-92
-1.1664037117542161e-91
-1.348414707305646e-91
-1.45534740439845e-91
-1.4887937851114795e-91
-1.4534670712499618e-91
-1.3567298081105967e-91
-1.2080443657545809e-91
-1.0183767407862493e-91
-7.995840069859172e-92
-5.638139291354771e-92
-3.2294231178712744e-92
-8.806982736907388e-93
1.3090439996498771e-92
3.256200350163389e-92
4.894961744816373e-92
6.178728748604745e-92
7.080556510410567e-92
7.592691538484968e-92
7.725297348537813e-92
7.50449381626298e-92
6.969854945698464e-92
6.171521557828093e-92
5.167089269543411e-92
4.0184285685203536e-92
2.7885835790080876e-92
1.538880269561647e-92
3.2635455315996038e-93
-7.984127520540502e-93
-1.792992488522525e-92
-2.6242995859651598e-92
-3.269271023435123e-92
-3.715042662388193e-92
-3.958659362233721e-92
-4.0063705645353176e-92
-3.872577496473976e-92
-3.5785080009564085e-92
-3.150700659468604e-92
-2.6193814376537622e-92
-2.0168138285498502e-92
-1.3756978162886393e-92
-7.276844705994618e-93
-1.0206222790432592e-93
4.753414164277716e-93
9.830123087949231e-93
1.4043390996559084e-92
1.727935819932556e-92
1.9477057798668695e-92
2.0626657661306176e-92
2.076558532112745e-92
1.9972885949499847e-92
1.8362212287337607e-92
1.607387241056659e-92
1.326636703761927e-92
1.0107834307844877e-92
6.7677888273529375e-93
3.4094961358147325e-93
1.8326683935660573e-94
-2.7791100483935987e-93
-5.368643989362625e-93
-7.502049290379198e-93
-9.123267740956276e-93
-1.0203656715225344e-92
-1.0740946906479046e-92
-1.075711958665304e-92
-1.0295388512199639e-92
-9.416495656232215e-93
-8.194542710451756e-93
-6.712582155927578e-93
-5.058183486642197e-93
-3.3191730967193243e-93
-1.579721914482284e-93
8.307521390373864e-95
1.6020183123908839e-93
2.9219450964366465e-93
4.001159884815207e-93
4.812145483636141e-93
5.341586951551389e-93
5.5897642017676555e-93
5.569393555652383e-93
5.304016020489227e-93
4.826041901832653e-93
4.174567345127642e-93
3.3930787601637086e-93
2.5271562738369823e-93
1.622278030176621e-93
7.218141057200036e-94
-1.3471707478831693e-94
-9.130747103666636e-94
-1.5853675875965122e-93
-2.130754391145359e-93
-2.5357726676272983e-93
-2.794313174225921e-93
-2.907270642500072e-93
-2.881913706735959e-93
-2.7310255834483578e-93
-2.471872895607139e-93
-2.125062810075539e-93
-1.7133485322679063e-93
-1.2604404280999885e-93
-7.898749661485967e-94
-3.239867116393244e-94
1.1697977434043845e-94
5.155905815488258e-94
8.577578349469332e-94
1.133081716795431e-93
1.3350002753500626e-93
1.460756587220531e-93
1.5112001251864494e-93
1.4904451073560814e-93
1.405413019272939e-93
1.2652893394614141e-93
1.0809257681198604e-93
8.6421903431469e-94
6.274957749491548e-94
3.8293022351788675e-94
1.4201773917043223e-94
-8.487720859178202e-95
-2.8888485191702564e-94
-4.6289705197002705e-94
-6.017336841562883e-94
-7.022095860411242e-94
-7.631074847354465e-94
-7.850660289960571e-94
-7.70395042890973e-94
-7.228323205144773e-94
-6.472576638355288e-94
-5.493804362067017e-94
-4.3541670554302774e-94
-3.1177115731874544e-94
-1.8473746654054973e-94
-6.02288461272096e-95
5.6451835468721344e-95
1.6079551929485096e-94
2.492197890696759e-94
3.191494562466965e-94
3.690457315689656e-94
3.983870249730622e-94
4.076063021368868e-94
3.979914350511369e-94
3.715560806879504e-94
3.3088929232310423e-94
2.7899231856750106e-94
2.191108999869549e-94
1.5457087212332666e-94
8.862407897353889e-95
2.4310553787750472e-95
-3.565829875767333e-95
-8.899211439855297e-95
-1.3388753871305055e-94
-1.6906706079284785e-94
-1.937912783681951e-94
-2.0784629077022956e-94
-2.1150887494565133e-94
-2.0549286011499268e-94
-1.9088066163146439e-94
-1.6904425816982366e-94
-1.4156000288307607e-94
-1.1012156218928106e-94
-7.645499684098783e-95
-4.2239566591499956e-95
-9.037284312040456e-96
2.1766397266284e-95
4.900907708865932e-95
7.17840968869808e-95
8.945914702421054e-95
1.0168115022169929e-94
1.0836836359481847e-94
1.0969112637333323e-94
1.0604306335128053e-94
9.800482433552515e-95
8.63025951507342e-95
7.176365892104359e-95
5.527122492531368e-95
3.7720587851232403e-95
1.9978447440686582e-95
2.846924245127355e-96
-1.296653028910537e-95
-2.687249331429491e-95
-3.8415732202637705e-95
-4.728405911611635e-95
-5.331010225194478e-95
-5.646651242166172e-95
-5.6855370713791916e-95
-5.4692755329274556e-95
-5.0289559360585146e-95
-4.402972533238233e-95
-3.634707848053247e-95
-2.7701903181605954e-95
-1.8558321849433804e-95
-9.36341076563385e-96
-5.28831589280654e-97
7.5844198019111e-96
1.4677734303600729e-95
2.0522858763148407e-95
2.496607658754874e-95
2.7928733956523714e-95
2.9404396395020095e-95
2.945304572965184e-95
2.819282399955055e-95
2.5789896858116708e-95
2.2447044043891166e-95
1.839158967076046e-95
1.3863262678869979e-95
9.102531115721928e-96
4.339887094920776e-96
-2.135230332318297e-97
-4.373621617209001e-96
-7.989272452914538e-96
-1.0946199153505984e-95
-1.3168940310737256e-95
-1.4620920332648269e-95
-1.5302791667975863e-95
-1.5249267578844012e-95
-1.4524713016683187e-95
-1.3217793617473454e-95
-1.1435499266363026e-95
-9.296859711551325e-96
-6.926656585988526e-96
-4.449410697151379e-96
-1.983887742859398e-96
3.616778533944397e-97
2.493489940978705e-96
4.33512866519426e-96
5.829471045090338e-96
6.939594795063674e-96
7.648711063492939e-96
7.959210930380879e-96
7.890942614274293e-96
7.478860559403141e-96
6.770203498976067e-96
5.821366213738356e-96
4.694629388377575e-96
3.454904395489581e-96
2.1666359547818564e-96
8.90986570828957e-97
-3.165962751444361e-97
-1.4083546722133736e-96
-2.3456877244303473e-96
-3.1000896341531654e-96
-3.6535614920933643e-96
-3.998522898309469e-96
-4.137269493586447e-96
-4.081038712315696e-96
-3.848758170950483e-96
-3.4655588922492512e-96
-2.961139053815892e-96
-2.368063347678421e-96
-1.720078717266185e-96
-1.0505197040228084e-96
-3.9086649270763817e-97
2.304933385206117e-97
7.892616810798569e-97
1.26596155988952e-96
1.6463935418124229e-96
1.9218198737569346e-96
2.0888911455110914e-96
2.1493404313102315e-96
2.109478061209461e-96
1.979526210796606e-96
1.7728362902352651e-96
1.505033682319823e-96
1.1931338421248843e-96
8.546713292522468e-97
5.068792663288982e-97
1.6595132281161757e-97
-1.5358803866771095e-97
-4.393862818613525e-97
-6.816269208673121e-97
-8.732506014106472e-97
-1.0100354040416876e-96
-1.0905446794118842e-96
-1.1159558935704269e-96
-1.0897880962902346e-96
-1.017548631655105e-96
-9.063215495063957e-97
-7.643208657396891e-97
-6.004314252622476e-97
-4.2375875247793704e-97
-2.4320707327457114e-97
-6.710182728198548e-98
9.713035742201715e-98
2.43214894121677e-97
3.662100845679652e-97
4.626136737132704e-97
5.303966545481285e-97
5.68968958302126e-97
5.790842919968773e-97
5.626934689256993e-97
5.227570715660131e-97
4.630291742333741e-97
3.8782414622733807e-97
3.0177829240433984e-97
2.0961732570510816e-97
1.1593948096988538e-97
2.502255953887596e-98
-5.933856480307157e-98
-1.3395934794221685e-97
-1.9635519994889198e-97
-2.447925462736685e-97
-2.783023145033428e-97
-2.9665841673875754e-97
-3.003251316941999e-97
-2.9037833924484544e-97
-2.684063009704249e-97
-2.363961063895482e-97
-1.9661202369878238e-97
-1.5147182652899208e-97
-1.0342674606538076e-97
-5.48500610341555e-98
-7.938532847249448e-99
3.537003051863357e-98
7.346078964079719e-98
1.0508618478787511e-97
1.2939024113795147e-97
1.4591347785530517e-97
1.5457983864839592e-97
1.556677383745052e-97
1.4976784734371285e-97
1.3773060148948982e-97
1.2060662981479338e-97
9.958333525147849e-98
7.592076266821054e-98
5.088965516751036e-98
2.57142583051985e-98
1.5220057554592397e-99
-2.0698264759303846e-98
-4.012843334083524e-98
-5.614294911394454e-98
-6.832030856163297e-98
-7.644452693860094e-98
-8.049738116301048e-98
-8.064254579078094e-98
-7.720300826189875e-98
-7.063333048069921e-98
-6.148841999615983e-98
-5.0390488459637225e-98
-3.799581391288155e-98
-2.4962795874076724e-98
-1.1922609398721546e-98
5.464609531245541e-100
1.194018045408661e-98
2.1844459407001527e-98
2.9946098092455546e-98
3.603815649123e-98
4.002016403442628e-98
4.189359507500603e-98
4.175320961704214e-98
3.977499146714963e-98
3.620150498529833e-98
3.132553674301837e-98
2.5472891345846898e-98
1.898517486903596e-98
1.2203329644521888e-98
5.452586469182035e-99
-9.706186370614325e-100
-6.809349147226754e-99
-1.1854220508162993e-98
-1.5948667244860688e-98
-1.899142616270744e-98
-2.093636032477177e-98
-2.1789855774586687e-98
-2.1606110947168014e-98
-2.0480705093741195e-98
-1.854287571810552e-98
-1.5946955964523854e-98
-1.2863422096940716e-98
-9.46998053550036e-99
-5.943085959966764e-99
-2.4502298891241213e-99
8.567235990346845e-100
3.846948052704466e-99
6.414676786195078e-99
8.481775805823988e-99
9.998875709900179e-99
1.0945133898114168e-98
1.132675308937526e-98
1.1174426620953718e-98
1.0539914174511862e-98
9.49197292937418e-99
8.11187873043033e-99
6.488770244699385e-99
4.715037282475376e-99
2.8819538573531928e-99
1.0757288090880628e-99
-6.258862538509176e-100
-2.1563284059385463e-99
-3.4622289362221103e-99
-4.50466530992813e-99
-5.259667624100915e-99
-5.718019967441264e-99
-5.884424923680373e-99
-5.776121917989484e-99
-5.421066654711403e-99
-4.855789297323947e-99
-4.1230533552928044e-99
-3.2694357895354164e-99
-2.342942179094957e-99
-1.390759641480721e-99
-4.572354396697694e-100
4.1784820190588987e-100
1.20065161715229e-99
1.864275837853572e-99
2.389369117132823e-99
2.764347981079849e-99
2.9852555112343032e-99
3.0552937174490577e-99
2.984078191196915e-99
2.786671469937805e-99
2.4824565891625936e-99
2.0939141959368297e-99
1.6453655275799962e-99
1.16173981909385e-99
6.674186838472285e-100
1.852021726074648e-100
-2.645679429812975e-100
-6.647020779518557e-100
-1.0016586032911286e-99
-1.265836217418504e-99
-1.4516671142433017e-99
-1.5575236133047907e-99
-1.585458113425994e-99
-1.5408019407622084e-99
-1.4316527574782142e-99
-1.2682826331887761e-99
-1.0624996897266747e-99
-8.269955121435366e-100
-5.747084355426985e-100
-3.1822957580476964e-100
-6.927431373459694e-101
1.6176287184150284e-100
3.6615752745095884e-100
5.371009351264603e-100
6.698402421088146e-100
7.61715702787136e-100
8.121020564968046e-100
8.222647194859398e-100
7.951443429118636e-100
7.350853196919865e-100
6.4752499246719e-100
5.386606436611473e-100
4.151108929452651e-100
2.8358697365725654e-100
1.505876178322107e-100
2.2129076233249282e-101
-9.648072838605263e-101
-2.0081763020844525e-100
-2.8746271018897603e-100
-3.5406901186577645e-100
-3.993751450855687e-100
-4.2316965234764175e-100
-4.2621186704852155e-100
-4.1011643733986767e-100
-3.772096941814971e-100
-3.3036660001913694e-100
-2.72837138313816e-100
-2.0807072500295158e-100
-1.395465872165623e-100
-7.06171204318719e-101
-4.370069261999009e-102
5.648594956256015e-101
1.0970947843458755e-100
1.535861339280508e-100
1.8696012163040248e-100
2.092383487812191e-100
2.2036926253221385e-100
2.2079948192382268e-100
2.1141201677149354e-100
1.9345036258852858e-100
1.6843302479051576e-100
1.3806306557065557e-100
1.0413710010824953e-100
6.845781999952886e-101
3.275362177799422e-101
-1.391697978230187e-102
-3.259691505856928e-101
-5.972748900194117e-101
-8.192502779910081e-101
-9.862203534415973e-101
-1.0954252898742392e-100
-1.1468969098241805e-100
-1.1432219391071308e-100
-1.0892120365190827e-100
-9.915030755014117e-101
-8.581073936528176e-101
-6.979428102452402e-101
-5.203612347250573e-101
-3.346977833229058e-101
-1.4985864907275092e-101
2.603728431403876e-102
1.8595173882121015e-101
3.241477427836474e-101
4.3633407860673555e-101
5.19733506637659e-101
5.730781685415272e-101
5.965385125805097e-101
5.915944935096895e-101
5.608596191840602e-101
5.078696136342276e-101
4.3684804166824955e-101
3.5246121997309997e-101
2.5957417530204313e-101
1.6301837253087588e-101
6.7380510030200235e-102
-2.3180037256006313e-102
-1.0507945475554456e-101
-1.754197315142011e-101
-2.3205922883602376e-101
-2.7364379269618093e-101
-2.99600357806486e-101
-3.1009648862716505e-101
-3.059705211734774e-101
-2.886378786881506e-101
-2.5997971993845173e-101
-2.2222034237807903e-101
-1.7779971917869684e-101
-1.2924722695540633e-101
-7.906205767241472e-102
-2.9605049005091326e-102
1.699423750250225e-102
5.891235943614483e-102
9.468696616776012e-102
1.2325114095066848e-101
1.4394733025526306e-101
1.5652196407117217e-101
1.6110263324804725e-101
1.581603053604233e-101
1.4845951418625925e-101
1.3299974322962595e-101
1.129513423395644e-101
8.958927717889236e-102
6.422782913224003e-102
3.8159058325362254e-102
1.259743861369073e-102
-1.1367403086873383e-102
-3.280843267533145e-102
-5.098856990196532e-102
-6.537732791373689e-102
-7.565689799853757e-102
-8.171829974385434e-102
-8.364860464338813e-102
-8.171055165418915e-102
-7.631609909369906e-102
-6.799559569420743e-102
-5.7364305842039564e-102
-4.50879949756071e-102
-3.1849178937795504e-102
-1.8315476465027083e-102
-5.111289503312341e-103
7.206214622526583e-103
1.8166117842779357e-102
2.73973422011297e-102
3.4636672086561058e-102
3.97313218892159e-102
4.2636395153814675e-102
4.340777843689378e-102
4.219116952445492e-102
3.920805193340131e-102
3.4739494454623835e-102
2.910867676696747e-102
2.2663022629603874e-102
1.5756765233528577e-102
8.734680636097113e-103
1.9176114180500195e-103
-4.409729050735319e-103
-1.0008323721054478e-102
-1.4691588119823019e-102
-1.8329215976067216e-102
-2.0848207536290247e-102
-2.2231272514128822e-102
-2.25128997419597e-102
-2.1773464335915615e-102
-2.013179886451998e-102
-1.7736687102664763e-102
-1.475774802368589e-102
-1.1376165271615653e-102
-7.775685824012362e-103
-4.134263911838281e-103
-6.166659755660399e-104
2.631716757396027e-103
5.489675773616748e-103
7.86351620799884e-103
9.688888125748173e-103
1.0931163446860596e-102
1.158446441770732e-102
1.1669500343007228e-102
1.1230408874609132e-102
1.033082570385181e-102
9.049421815708696e-103
7.47515088890015e-103
5.702441816843289e-103
3.826553947074664e-103
1.939287084872126e-103
1.2520640129342677e-104
-1.541493924236887e-103
-2.999403231481301e-103
-4.2015372209703894e-103
-5.116203216256559e-103
-5.727115065659939e-103
-6.03281584874988e-103
-6.045492313725719e-103
-5.789284843206045e-103
-5.298210343897151e-103
-4.613822706645353e-103
-3.782736601309492e-103
-2.8541358232154337e-103
-1.8773778737462609e-103
-8.997927796103804e-104
3.5242711226585325e-105
8.898934580786571e-104
1.6330748667782146e-103
2.2412608661261243e-103
2.698888929359618e-103
2.9983781672918963e-103
3.139792309655452e-103
3.130192440500024e-103
2.9827343152002475e-103
2.715571779699871e-103
2.350631216101472e-103
1.9123221791411228e-103
1.4262467214605792e-103
9.179646951018014e-104
4.1186500757205866e-104
-6.981609613436906e-105
-5.0779862973959236e-104
-8.863637564644313e-104
-1.193749928594992e-103
-1.4223403245781881e-103
-1.568650873801187e-103
-1.6331362100152947e-103
-1.6198374982828753e-103
-1.5359010667755673e-103
-1.3910000591861677e-103
-1.196692903914607e-103
-9.657523461890218e-104
-7.114972485435298e-104
-4.4715652751907444e-104
-1.8529069510788567e-104
6.270822542431923e-105
2.870228625693619e-104
4.7971266299125466e-104
6.349074422670693e-104
7.488929019575015e-104
8.20093431839313e-104
8.489616180216063e-104
8.37787216430375e-104
7.904408432054189e-104
7.120692398893266e-104
6.087596954056836e-104
4.871910910155399e-104
3.542881546434969e-104
2.1689397055691025e-104
8.147371329315173e-105
-4.613990178215856e-105
-1.6095169145767056e-104
-2.589546873319621e-104
-3.372243380052449e-104
-3.939568189531376e-104
-4.2845446467749896e-104
-4.410634260820834e-104
-4.3307034226482513e-104
-4.065660592510299e-104
-3.642852108704771e-104
-3.094308031668427e-104
-2.4549283745233356e-104
-1.7606950954841917e-104
-1.0469868891380981e-104
-3.4706276539816247e-105
3.092326352176353e-105
8.9650332782138e-105
1.394552003616142e-104
1.7888365222812106e-104
2.0706373980857562e-104
2.2369532233247794e-104
2.290151596702865e-104
2.237411631471241e-104
2.0900003100344672e-104
1.8624287492602866e-104
1.5715358774671386e-104
1.235546235394359e-104
8.731458219203445e-105
5.0261540339111814e-105
1.4105483677367893e-105
-1.9627490334698415e-105
-4.96472768157204e-105
-7.493702093345582e-105
-9.477512959471405e-105
-1.0874234745478239e-104
-1.167148428570001e-104
-1.1884478935824576e-104
-1.1553035720086613e-104
-1.0737733685035525e-104
-9.515480009292171e-105
-7.974726554002339e-105
-6.210578228651137e-105
-4.3200189915977966e-105
-2.3974570569002704e-105
-5.307597456770636e-106
1.2020876389435208e-105
2.7356035066353918e-105
4.01865675133689e-105
5.015522113425828e-105
5.706164095865903e-105
6.085801889739421e-105
6.1638351938739446e-105
5.962232391381312e-105
5.513497810200617e-105
4.858343601221567e-105
4.043194270525337e-105
3.117648522222526e-105
2.132014450967184e-105
1.1350210917408214e-105
1.7179283833312267e-106
-7.178456960504643e-106
-1.5006871376504793e-105
-2.151054605525697e-105
-2.6513043768342453e-105
-2.991930308527726e-105
-3.1712989615116678e-105
-3.195058293054096e-105
-3.0752736305652018e-105
-2.8293521932900825e-105
-2.4788216310145052e-105
-2.048028996884816e-105
-1.5628244972502623e-105
-1.0492896117067148e-105
-5.325621872158808e-106
-3.580237971596061e-107
4.2066662143313327e-106
8.200197544558707e-106
1.149380543242396e-105
1.4000586594685793e-105
1.567582011882437e-105
1.6515392625614145e-105
1.6552557276766836e-105
1.5853310660466584e-105
1.4510708871661773e-105
1.263846401063859e-105
1.0364165435728372e-105
7.82245770188032e-106
5.148481053802361e-106
2.471842926473929e-106
-8.865724836351117e-108
-2.4293797423596513e-106
-4.465157807525385e-106
-6.131513290924273e-106
-7.38576896828469e-106
-8.207101326748611e-106
-8.595620778619062e-106
-8.570602040204008e-106
-8.168014711056306e-106
-7.43752244205596e-106
-6.439128427149264e-106
-5.23964563837649e-106
-3.9091629469171816e-106
-2.5176640277994626e-106
-1.1319359511318515e-106
1.871200113078208e-107
1.3866901396128923e-106
2.4237061329169953e-106
3.2659314962973395e-106
3.8924764962587483e-106
4.2937670439391477e-106
4.471014918403585e-106
4.435254836165392e-106
4.206027539617752e-106
3.8097970841640116e-106
3.2781948452765555e-106
2.6461826434815608e-106
1.9502231791916514e-106
1.2265382109031915e-106
5.0952424269843715e-107
-1.696173719381972e-107
-7.839932988841011e-107
-1.3118464320478997e-106
-1.737086749146268e-106
-2.049526364526064e-106
-2.2448333023808385e-106
-2.324229750078984e-106
-2.293969699307677e-106
-2.1646377131370609e-106
-1.9503149627086558e-106
-1.667660667293372e-106
-1.3349567614205006e-106
-9.71161210281784e-107
-5.950111824885781e-107
-2.2421160665409542e-107
1.2526213911231675e-107
4.3972613534794476e-107
7.082009489049953e-107
9.226700336426953e-107
1.0781850920466356e-106
1.1728266314494577e-106
1.2075336693074112e-106
1.1858211623236209e-106
1.1134071421876275e-106
9.977736875501864e-107
8.476867587802085e-107
6.726996346915763e-107
4.82663331346779e-107
2.872651027952857e-107
9.561310085685211e-108
-8.411829768613004e-108
-2.4497189874444322e-107
-3.8141328611916177e-107
-4.894560559631127e-107
-5.667079170300527e-107
-6.123422854846182e-107
-6.270029134314953e-107
-6.126514213774355e-107
-5.723693021365125e-107
-5.1012700546295186e-107
-4.305331080569636e-107
-3.385763595153766e-107
-2.3937263214931434e-107
-1.379275713959965e-107
-3.892413785134068e-108
5.3457645552315036e-108
1.3568347091707501e-107
2.0496688144195928e-107
2.5932966761171704e-107
2.976213666321651e-107
3.195004488833845e-107
3.253812546152921e-107
3.1635191884454246e-107
2.940693660744538e-107
2.606379595857853e-107
2.1847855905446122e-107
1.7019459582181513e-107
1.1844135009477471e-107
6.580395117332528e-108
1.4688769943975727e-108
-3.2768114016257783e-108
-7.477275520772339e-108
-1.099239720910463e-107
-1.3724230942747174e-107
-1.561778766187995e-107
-1.6659849556168553e-107
-1.6876034297430355e-107
-1.6326386345627625e-107
-1.5099814801050562e-107
-1.3307721441994808e-107
-1.1077169493227085e-107
-8.543934465190522e-108
-5.845754853209501e-108
-3.116064842521298e-108
-4.784460272104172e-109
1.9580166809751774e-108
4.1023454438935256e-108
5.884173388933374e-108
7.255124357076616e-108
8.189102149586889e-108
8.681568388961848e-108
8.747926244726487e-108
8.421157000608783e-108
7.748877148643232e-108
6.789995230513483e-108
5.611150269370326e-108
4.283107981518431e-108
2.8772779749511854e-108
1.462496023647221e-108
1.0219161699060891e-109
-1.1479662168175347e-108
-2.241880841830635e-108
-3.1442631426620332e-108
-3.831283758313416e-108
-4.290662665572103e-108
-4.521239574864038e-108
-4.5320879375361866e-108
-4.34125028760222e-108
-3.9741828638169084e-108
-3.462002922989609e-108
-2.8396330216856116e-108
-2.1439331602008683e-108
-1.4119045580423901e-108
-6.790385951245938e-109
2.2128176883251607e-110
6.632063117749076e-109
1.2208615202835685e-108
1.6774222293663873e-108
2.0211850659125936e-108
2.2464301969180266e-108
2.353170305656233e-108
2.3466667786872372e-108
2.2367541607458828e-108
2.037018967175942e-108
1.7638815101780536e-108
1.4356295899041997e-108
1.0714509156766756e-108
6.905072281220552e-109
3.110876232224821e-109
-5.01280906928129e-110
-3.7867264550735694e-109
-6.62745696155059e-109
-8.935117542934906e-109
-1.0652416630156507e-108
-1.1753045347609395e-108
-1.224023115528191e-108
-1.2144104959188644e-108
-1.1518098351733983e-108
-1.0434612344305934e-108
-8.980210880451318e-109
-7.250592117995654e-109
-5.345578986387795e-109
-3.364349312677499e-109
-1.4010966259093678e-109
4.5872243989199506e-110
2.1414373543590874e-109
3.5874337267384965e-109
4.752609290831806e-109
5.609019963288199e-109
6.144755631682851e-109
6.363116108748284e-109
6.281182753979551e-109
5.927899985016527e-109
5.3417929841408545e-109
4.568453374241562e-109
3.657923808977877e-109
2.6621058613282015e-109
1.6323040770085544e-109
6.170035124955748e-110
-3.4004047003251465e-110
-1.2013418520110457e-109
-1.9368160834446969e-109
-2.5244888846718913e-109
-2.9507860111646683e-109
-3.2104264695995094e-109
-3.305957344785035e-109
-3.246981056818444e-109
-3.0491352091103793e-109
-2.7328910766005147e-109
-2.3222392497678293e-109
-1.843330173172425e-109
-1.323133605062475e-109
-7.88174788939926e-110
-2.6339685786646926e-110
2.2881077442097965e-110
6.693889859997473e-110
1.043172522262636e-109
1.3392335636823285e-109
1.5510086124392139e-109
1.6762213430548365e-109
1.7166220349822326e-109
1.6775705924304367e-109
1.5674948092410886e-109
1.3972583945252224e-109
1.1794743626924363e-109
9.277988104758793e-110
6.562380200070966e-110
3.784984598885178e-110
1.0740486291487386e-110
-1.4559357926102076e-110
-3.7081445720022425e-110
-5.60622134675183e-110
-7.095934643728921e-110
-8.145715205053653e-110
-8.746144081474833e-110
-8.908502620804373e-110
-8.662527669166797e-110
-8.053538430208181e-110
-7.139115231635554e-110
-5.985515103941145e-110
-4.6640051479067804e-110
-3.2472830531138423e-110
-1.8061359916590058e-110
-4.064658030543179e-111
8.93218623726301e-111
2.0437700682982386e-110
3.00679101206715e-110
3.7554284484417664e-110
4.274590268664032e-110
4.5606223985397445e-110
4.620506447611624e-110
4.470653835717549e-110
4.1353838340838563e-110
3.64517958973797e-110
3.0348181073650494e-110
2.341467655799894e-110
1.602839630149746e-110
8.554721514462719e-111
1.3321033488843086e-111
-5.340660283691417e-111
-1.1214318691473479e-110
-1.609603337744724e-110
-1.98531652367725e-110
-2.241407566036762e-110
-2.3766157783499383e-110
-2.3951418593842114e-110
-2.3060014074165748e-110
-2.1222196332012558e-110
-1.8599163328014724e-110
-1.5373309070822855e-110
-1.1738356735674806e-110
-7.889821678989342e-111
-4.0161990272032344e-111
-2.9120514805759152e-112
3.1326721351350244e-111
6.129139187768021e-111
8.601483201845933e-111
1.0484362909695302e-110
1.174405858127347e-110
1.2377300112587182e-110
1.2408844987823537e-110
1.1888018797116885e-110
1.0884459021574523e-110
9.483317800454631e-111
7.780181805715005e-111
5.875958121338753e-111
3.8719555487801114e-111
1.8653627622772038e-111
-5.470982269238874e-113
-1.810496643603772e-111
-3.338065634200678e-111
-4.588984251295176e-111
-5.53115842663623e-111
-6.1488770006960495e-111
-6.4421266478317905e-111
-6.42526913921504e-111
-6.125193295707454e-111
-5.5790677828077175e-111
-4.831827947867047e-111
-3.933530452921364e-111
-2.936704037735185e-111
-1.8938141004775327e-111
-8.549438202795462e-112
1.3422370653613396e-112
1.0340583006417014e-111
1.812228055745742e-111
2.444516397624975e-111
2.9152107558690025e-111
3.2170817432280617e-111
3.350988285127749e-111
3.325157724514133e-111
3.1542001929642688e-111
2.857923312775741e-111
2.4600165708311408e-111
1.9866746331446506e-111
1.4652257345568237e-111
9.228254780790834e-112
3.8526839454351318e-112
-1.24040016728286e-112
-5.849187561888094e-112
-9.810335170136465e-112
-1.3002960186972452e-111
-1.5350415778606285e-111
-1.6819957444873128e-111
-1.7420492633865795e-111
-1.7198674882746126e-111
-1.6233655070740193e-111
-1.463083550925257e-111
-1.2514987623738465e-111
-1.0023091763241584e-111
-7.297239758672988e-112
-4.477909356780312e-112
-1.6978771232618212e-112
9.230143495315596e-113
3.2820751354842104e-112
5.296871168679102e-112
6.90716850350318e-112
8.075730208296397e-112
8.788027313148015e-112
9.050968162088184e-112
8.89078520788219e-112
8.350243892006584e-112
7.485354404643401e-112
6.361773900939231e-112
5.051084649885715e-112
3.627123452706072e-112
2.1625206154937938e-112
7.255841341921355e-113
-6.223619788805043e-113
-1.8291055989567142e-112
-2.853091353826717e-112
-3.6643631625866553e-112
-4.244913469765542e-112
-4.588473719338634e-112
-4.699802454106013e-112
-4.593544927815606e-112
-4.29275087068925e-112
-3.8271448890071116e-112
-3.2312469729977625e-112
-2.5424390104042008e-112
-1.79906751089637e-112
-1.0386635380643401e-112
-2.9634882540580034e-113
3.965170099411014e-113
1.0134085518278685e-112
1.5334021378876065e-112
1.9416305499340875e-112
2.22943107348297e-112
2.3942062163413866e-112
2.4390274792729154e-112
2.372021392407526e-112
2.205583370981236e-112
1.955468731426713e-112
1.639811491184433e-112
1.2781205072351065e-112
8.90299334762193e-113
4.9573122659878103e-113
1.124643166152186e-113
-2.4347536208278368e-113
-5.586233673262771e-113
-8.224573805551898e-113
-1.0276153245103102e-112
-1.169955094914207e-112
-1.2484666119683563e-112
-1.2650525372246426e-112
-1.224198441582772e-112
-1.1325563552413944e-112
-9.98467450241401e-113
-8.31450131887213e-113
-6.416791326276795e-113
-4.394794430303185e-113
-2.348562479397719e-113
-3.7078656411626486e-114
1.456688686297313e-113
3.065576464298055e-113
4.4030299652449304e-113
5.432681908601634e-113
6.134866384582314e-113
6.506082128400826e-113
6.557784946727282e-113
6.314619344328799e-113
5.812214965258743e-113
5.09468215238333e-113
4.211942936282733e-113
3.2170295640220913e-113
2.1634729793568435e-113
1.102889361793368e-113
8.285494446304728e-115
-8.548610455260404e-114
-1.6756572332422441e-113
-2.3530286869013402e-113
-2.869058556187245e-113
-3.214487813453253e-113
-3.388395574195758e-113
-3.3975369867707976e-113
-3.255396889751815e-113
-2.981025120695528e-113
-2.5977234789238734e-113
-2.131655015437242e-113
-1.6104438062386638e-113
-1.0618280413591532e-113
-5.124216032267748e-114
1.3370149193990176e-115
4.942453592763909e-114
9.126877197329012e-114
1.2554233232187602e-113
1.51365106211217e-113
1.6830554605652963e-113
1.7636197113257812e-113
1.759264042535425e-113
1.6773401595397763e-113
1.5280162908130486e-113
1.323589302536966e-113
1.0777605032701694e-113
8.049102814866951e-114
5.1940380792970715e-114
2.3495594140228715e-114
-3.5921518180992657e-115
-2.82372684665984e-114
-4.9553890788558745e-114
-6.687828448684467e-114
-7.977952379359787e-114
-8.805895572273539e-114
-9.173941980172944e-114
-9.104556446164769e-114
-8.637688262108385e-114
-7.827527475956552e-114
-6.738903776892444e-114
-5.443517618343105e-114
-4.0161846824668756e-114
-2.531258931651729e-114
-1.0593776509581272e-114
3.353544677104489e-115
1.5976544658556911e-114
2.6827664813198824e-114
3.557556998757972e-114
4.201002900531052e-114
4.604101884291136e-114
4.769257910246148e-114
4.709213157789248e-114
4.445612035074401e-114
4.00729187385062e-114
3.4283990722064214e-114
2.7464288548420844e-114
2.000281928532057e-114
1.228422698675995e-114
4.6721207634545265e-115
-2.505259855047286e-115
-8.966604275830802e-115
-1.4486036792522962e-114
-1.8898449718149206e-114
-2.2101694911631146e-114
-2.4055801450717296e-114
-2.4779504804291707e-114
-2.4344467902329677e-114
-2.286764468312984e-114
-2.0502281001845895e-114
-1.7428066430512415e-114
-1.3840944804670649e-114
-9.943063677040434e-115
-5.933296207576556e-115
-1.9987071137928399e-115
1.6927388445259311e-115
4.998007577745931e-115
7.80323042106134e-115
1.0026289871032242e-114
1.161778076808387e-114
1.256044129448793e-114
1.286720798917031e-114
1.2578096937570721e-114
1.1756148253286595e-114
1.0482692475467025e-114
8.852205743054458e-115
6.9670163277669565e-115
4.932109556868115e-115
2.8502529733867894e-115
8.176306931719048e-116
-1.0798625685283806e-115
-2.7695592364815246e-115
-4.194123001150087e-115
-5.312796391506141e-115
-6.101808734911458e-115
-6.5539972108111275e-115
-6.677724121753523e-115
-6.495197675509793e-115
-6.040320951659326e-115
-5.356204117470945e-115
-4.4924784900006825e-115
-3.5025481358191327e-115
-2.4409060280782998e-115
-1.3606282129761504e-115
-3.111419878522684e-116
6.636561385555258e-116
1.526878815969133e-115
2.2496910901293406e-115
2.8119089742851126e-115
3.202164323245723e-115
3.4176652667691686e-115
3.4635969094357137e-115
3.352219171537467e-115
3.1017272676449326e-115
2.7349453132938684e-115
2.2779250003156805e-115
1.758519422207569e-115
1.2049973239301763e-115
6.44755757087461e-116
1.0317987429061212e-116
-3.9731203001753657e-116
-8.380115438627315e-116
-1.2044361772976574e-115
-1.4866146914797331e-115
-1.6791485260837078e-115
-1.7810654787250592e-115
-1.7954896315512245e-115
-1.729157637616425e-115
-1.5918157474239215e-115
-1.3955343409637665e-115
-1.1539772857635077e-115
-8.816622965573075e-116
-5.932458212037013e-116
-3.028620648430801e-116
-2.3540869671110733e-117
2.3327640927429183e-116
4.581098466737458e-116
6.436955590927788e-116
7.851206826870772e-116
8.798428221193388e-116
9.276028481775741e-116
9.302438978648335e-116
8.91452502388045e-116
8.164398756941592e-116
7.115825269373168e-116
5.840415467373531e-116
4.413792306477815e-116
2.9119024788686406e-116
1.407624683913038e-116
-3.2200266425154614e-118
-1.3492215016472032e-116
-2.495447334217062e-116
-3.434498012195466e-116
-4.1422384560800325e-116
-4.6068152169407845e-116
-4.8281462427504984e-116
-4.816932184530606e-116
-4.5932733756439444e-116
-4.184986993805402e-116
-3.625724230130269e-116
-2.952987734038179e-116
-2.2061455679487605e-116
-1.4245299478005497e-116
-6.456978477432691e-117
9.608312093420957e-118
7.710754716947912e-117
1.3550073238901763e-116
1.8296868964971555e-116
2.1832958516185425e-116
2.4103755655964951e-116
2.5115328221301815e-116
2.4929016179177113e-116
2.3654054825465977e-116
2.1438698085104546e-116
1.8460361592785452e-116
1.491530484820846e-116
1.1008348382423674e-116
6.943078513363178e-117
2.912932516122492e-117
-9.065150840150298e-118
-4.363824633239093e-117
-7.336365556211075e-117
-9.733320285236369e-117
-1.1497025641968859e-116
-1.260273240118958e-116
-1.3056927035235297e-116
-1.2894411193970034e-116
-1.217437302223056e-116
-1.097570934348391e-116
-9.391869088939265e-117
-7.525486767212723e-117
-5.483061411420206e-117
-3.369912892595083e-117
-1.2856156527649553e-117
6.7992810316497995e-118
2.4496557054998127e-117
3.961675523204177e-117
5.170729844598119e-117
6.048797554582855e-117
6.584882424947857e-117
6.784065049315898e-117
6.665922496765019e-117
6.262438994787488e-117
5.615543104557577e-117
4.7744119783421465e-117
3.7926817554261194e-117
2.7256955885365364e-117
1.6279080409435767e-117
5.505476573989033e-118
-4.603805070357255e-118
-1.3656925707468325e-117
-2.1341866466030085e-117
-2.743352203419996e-117
-3.179634601185805e-117
-3.438280579987425e-117
-3.522806873082626e-117
-3.444147255192341e-117
-3.219542919685186e-117
-2.8712469783192303e-117
-2.425116143670883e-117
-1.9091614932187713e-117
-1.352125965650181e-117
-7.821493527773199e-118
-2.255725520416057e-118
2.940776884475308e-118
7.568937720652075e-118
1.1471640657314253e-117
1.4537152055296791e-117
1.6700245006379755e-117
1.79411683679038e-117
1.8282688131353233e-117
1.778549469452493e-117
1.6542317249453797e-117
1.4671115008851359e-117
1.2307724722239592e-117
9.59833603159398e-118
6.69214252137018e-118
3.7344792103615483e-118
8.607094874519268e-119
-1.8089308781105338e-118
-4.173384922955782e-118
-6.153634539733635e-118
-7.6943431037069145e-118
-8.76431053624303e-118
-9.355820757460783e-118
-9.483003807474368e-118
-9.179368257700695e-118
-8.494683170956804e-118
-7.491402572552036e-118
-6.240829394628735e-118
-4.819210793422314e-118
-3.3039436021489866e-118
-1.7700487335248007e-118
-2.870480434304852e-119
1.0836519168128497e-118
2.290796090492862e-118
3.2946957435228155e-118
4.068011634364283e-118
4.595924080205476e-118
4.875734070109155e-118
4.915961058558118e-118
4.735019836986709e-118
4.359570581615257e-118
3.8226427217060627e-118
3.161634807815635e-118
2.4162894390799375e-118
1.6267350627774182e-118
8.316757571161618e-119
6.679671488190334e-120
-6.365621185612755e-119
-1.2524281004929297e-118
-1.7608940152959085e-118
-2.1484886486033872e-118
-2.4082310071899153e-118
-2.5393924513290862e-118
-2.547001900133447e-118
-2.441137688227688e-118
-2.2360554297970987e-118
-1.9492043502121961e-118
-1.6001850639219006e-118
-1.2096999051341368e-118
-7.985429394347392e-119
-3.866710537268419e-119
7.609559695978776e-121
3.683152139127238e-119
6.822970175026635e-119
9.395843971746032e-119
1.1335588619453633e-118
1.2609646217517684e-118
1.3217693432628903e-118
1.3188938448440787e-118
1.2578337536153801e-118
1.1461989927920994e-118
9.931984269255312e-119
8.090971184487136e-119
6.046725479292137e-119
3.906939748312435e-119
1.774460523604081e-119
-2.5685930365701955e-120
-2.1055600023280033e-119
-3.705138923997893e-119
-5.005735688237904e-119
-5.974938054263542e-119
-6.597746905029345e-119
-6.875772781782791e-119
-6.825764342892945e-119
-6.477590255011356e-119
-5.871809994441182e-119
-5.056975827083328e-119
-4.0868081508939507e-119
-3.0173800087227357e-119
-1.9044347245501366e-119
-8.009442695357169e-120
2.4500377126141947e-120
1.1919247251524764e-119
2.0062179773062624e-119
2.662990851908817e-119
3.146427278442816e-119
3.449723285784983e-119
3.57462869814793e-119
3.530648532920727e-119
3.333968165613789e-119
3.0061731635341357e-119
2.572837808985234e-119
2.0620559098867595e-119
1.5029838480743024e-119
9.24459376602944e-120
3.5375096769311066e-120
-1.8451789021442856e-120
-6.69236540863863e-120
-1.0834462305032811e-119
-1.4147413752948008e-119
-1.6554352964548354e-119
-1.8025029364281297e-119
-1.8573218942679092e-119
-1.825240254045727e-119
-1.715004952840049e-119
-1.5380877681151956e-119
-1.307947413935144e-119
-1.0392658211751437e-119
-7.471946108067527e-120
-4.466442822136778e-120
-1.516440046189333e-120
1.2520557897919297e-120
3.7317013553121894e-120
5.836998429618761e-120
7.506239930129176e-120
8.702237943241842e-120
9.411904182963496e-120
9.644798203371332e-120
9.430794697449436e-120
8.817047481979745e-120
7.864443953322446e-120
6.643750034998773e-120
5.231642487439341e-120
3.706813843945606e-120
2.1463164018116027e-120
6.222870774492419e-121
-8.008338924003734e-121
-2.0685088230583296e-120
-3.137683816200336e-120
-3.977727964362796e-120
-4.570743042013889e-120
-4.9112830318577796e-120
-5.0055456622465305e-120
-4.870116280055989e-120
-4.5303574435776294e-120
-4.018545442263907e-120
-3.3718576295686396e-120
-2.6303123064936934e-120
-1.8347564189762943e-120
-1.0249861834159623e-120
-2.3807269078803935e-121
4.930506146132598e-121
1.1406980831418622e-120
1.6832159449903188e-120
2.105433084721879e-120
2.3987866339208894e-120
2.561144231039728e-120
2.596356393286389e-120
2.5135815820330697e-120
2.3264330232843402e-120
2.0520001051066325e-120
1.7097982772750817e-120
1.320699999846445e-120
9.058956972118446e-121
4.859282179028563e-121
7.983737704651919e-122
-2.9555680172878944e-121
-6.262120849167541e-121
-9.012519323701611e-121
-1.1131804600792478e-120
-1.2579295185209477e-120
-1.3347499536655345e-120
-1.3459650031800493e-120
-1.2966083743796143e-120
-1.193972758402039e-120
-1.047096331654163e-120
-8.662152201888535e-121
-6.622090521657036e-121
-4.460647430959646e-121
-2.2838073116165333e-121
-1.893021504294333e-122
1.737022310933618e-121
3.424007531829405e-121
4.817096364943635e-121
5.879350440459332e-121
6.591601272896708e-121
6.951801423770289e-121
6.9736718988522035e-121
6.684765027765561e-121
6.1240779151815085e-121
5.339360074545752e-121
4.384260296573212e-121
3.3154526987455636e-121
2.1898710268603578e-121
1.0621646034251609e-121
-1.7530060446183304e-123
-1.0054298824754071e-121
-1.8655092057139068e-121
-2.570441784190275e-121
-3.1020779752614565e-121
-3.4514751811212544e-121
-3.6185178520033996e-121
-3.611178484886429e-121
-3.4444826195369503e-121
-3.1392486355909457e-121
-2.7206771619349103e-121
-2.2168652652343625e-121
-1.6573175801757888e-121
-1.0715205961658652e-121
-4.876379354978303e-122
6.862577741844323e-123
5.749563373962378e-122
1.013132665421251e-121
1.369488951915594e-121
1.6351360428886031e-121
1.8059525573926223e-121
1.8823655414314593e-121
1.8689481174304087e-121
1.7738673806704794e-121
1.6082196250557097e-121
1.3852918458492972e-121
1.1197884496588613e-121
8.270603614473918e-122
5.223704770600299e-122
2.2022493779276322e-122
-6.620569725849226e-123
-3.2555731738637565e-122
-5.48623406777262e-122
-7.285810079122639e-122
-8.610920446210717e-122
-9.442860233586136e-122
-9.78634878853794e-122
-9.66734600697508e-122
-9.130111731788972e-122
-8.233702356282803e-122
-7.048107276748476e-122
-5.650226710058935e-122
-4.1198824318857113e-122
-2.536035384629953e-122
-9.733602759187485e-123
5.007011813513019e-123
1.8283181954396246e-122
2.9630225991823265e-122
3.870809520545742e-122
4.530593142678046e-122
4.934051729243959e-122
5.084920265356858e-122
4.997808616120131e-122
4.6966375572199383e-122
4.212794174800189e-122
3.583112007574776e-122
2.847780185110903e-122
2.0482801730803212e-122
1.2254392003964593e-122
4.176767651322839e-123
-3.404943775344816e-123
-1.0196677919496611e-122
-1.5964156043462708e-122
-2.0538223648853063e-122
-2.381685404746482e-122
-2.5764009269170915e-122
-2.6405673695062916e-122
-2.5823474465160936e-122
-2.414637471153306e-122
-2.1540970067415102e-122
-1.8200936060809798e-122
-1.4336165453467446e-122
-1.0162102878735448e-122
-5.889732621525376e-123
-1.7166080218645392e-123
2.1807679094134877e-123
5.652987031297759e-123
8.582070755720697e-123
1.0884046987696354e-122
1.2509803341761515e-122
1.3444324147138947e-122
1.3704481288904806e-122
1.333559866252132e-122
1.2407045820792265e-122
1.1007137853759874e-122
9.237625921426751e-123
7.208057016670105e-123
5.030263844745958e-123
2.813217948892771e-123
6.584434669240579e-124
-1.3438525717994286e-123
-3.117822385527811e-123
-4.604127012280008e-123
-5.761173332352991e-123
-6.565460669020583e-123
-7.011096675569486e-123
-7.10857398403859e-123
-6.882924127910839e-123
-6.371383015788206e-123
-5.620712551818094e-123
-4.684326041915121e-123
-3.619361271140129e-123
-2.4838353262299607e-123
-1.3340003135237324e-123
-2.22000178499538e-124
8.060929530496463e-124
1.7118079157891348e-123
2.4653380165002256e-123
3.046131055590411e-123
3.443019635722639e-123
3.653924738687207e-123
3.685181675548019e-123
3.550550104404687e-123
3.26997860508361e-123
2.8681992309500962e-123
2.373228632124948e-123
1.814850026377625e-123
1.2231448809262724e-123
6.271351610114353e-124
5.358697285261245e-125
-4.739850059417923e-124
-9.360851311606073e-124
-1.3177616445130612e-123
-1.6088859869379746e-123
-1.8041948980751157e-123
-1.9031134340186682e-123
-1.9093852122551522e-123
-1.830542514683397e-123
-1.6772532231164666e-123
-1.4625839010445689e-123
-1.2012187360070579e-123
-9.086726643770964e-124
-6.005340275536353e-124
-2.9176782039376585e-124
3.894709945970423e-126
2.744603533274604e-124
5.100587193194842e-124
7.032005417925272e-124
8.489087246296838e-124
9.44727051152573e-124
9.906164843835238e-124
9.887531281349153e-124
9.432450892416875e-124
8.597876205737522e-124
7.452770249231066e-124
6.074039002817168e-124
4.542454872651161e-124
2.938752533799702e-124
1.3400555648660948e-124
-1.8323571110997724e-125
-1.5699961905190945e-124
-2.770301930274027e-124
-3.746697520656479e-124
-4.474804262604608e-124
-4.943297777373124e-124
-5.153309197309025e-124
-5.1173250571035395e-124
-4.85767687988769e-124
-4.404721958232113e-124
-3.794821953722419e-124
-3.0682259070429883e-124
-2.2669594994166297e-124
-1.4328135441290165e-124
-6.055124528672338e-125
1.7887135806319913e-125
8.892076125699967e-125
1.5002706235850204e-124
1.993359034146661e-124
2.356574286485258e-124
2.584774252160414e-124
2.679231461358448e-124
2.6470359740829086e-124
2.5002908727328244e-124
2.255153497764488e-124
1.930777903555015e-124
1.5482137108099137e-124
1.129313812124345e-124
6.956985730208614e-125
2.678176517889772e-125
-1.3585722975731082e-125
-4.994838435109979e-125
-8.10329599457712e-125
-1.0590734569221413e-124
-1.2399312530606681e-124
-1.3506137824741294e-124
-1.392133584094432e-124
-1.3684817486627595e-124
-1.2862000214922165e-124
-1.153875982970045e-124
-9.815901548497197e-125
-7.80343578180095e-125
-5.614928674103415e-125
-3.362171375322001e-125
-1.1503773249010952e-125
9.259242025624465e-126
2.7861750690872953e-125
4.3661792320035315e-125
5.619567304008173e-125
6.518347929975261e-125
7.05259853587542e-125
7.229381700558915e-125
7.071000435124831e-125
6.612725391090812e-125
5.900139198443537e-125
4.986247855345378e-125
3.9285067724785945e-125
2.785900412876679e-125
1.6162003810987683e-125
4.735083851170602e-126
-5.938310970640757e-126
-1.5448871432974033e-125
-2.347330664385186e-125
-2.978141448213005e-125
-3.423843216808303e-125
-3.6802960718064093e-125
-3.752092835147152e-125
-3.6516194187412513e-125
-3.397849171088131e-125
-3.0149470370329637e-125
-2.530761399138087e-125
-1.9752798805359307e-125
-1.3791205552441945e-125
-7.721224204772337e-126
-1.8208920524398625e-126
3.66270761737407e-126
8.521781887573016e-126
1.2593721259174706e-125
1.5764494289968933e-125
1.7969604057221584e-125
1.9192769611359921e-125
1.9462582615501153e-125
1.884745797352658e-125
1.7449245950643236e-125
1.5395901605675465e-125
1.2833615747857054e-125
9.918801410222665e-126
6.81030301877799e-126
3.662154618000236e-126
6.17161677830637e-127
-2.1984786198105623e-126
-4.6793678375030005e-126
-6.743822098942584e-126
-8.335491547159654e-126
-9.423720985352853e-126
-1.0002741842255236e-125
-1.008982977730884e-125
-9.722596740302644e-126
-8.955610412720662e-126
-7.856547491270317e-126
-6.50209052023496e-126
-4.973771661811476e-126
-3.3539519985348425e-126
-1.7221030593373353e-126
-1.5152982018553416e-127
1.2933568659399891e-126
2.5591438952639892e-126
3.6048550034557814e-126
4.402717588573914e-126
4.9382799685927637e-126
5.2099286373673655e-126
5.227877484728894e-126
5.0127182716843564e-126
4.593633560863857e-126
4.006379724419257e-126
3.291148764595163e-126
2.490413884412675e-126
1.6468556195500894e-126
8.014536124693504e-127
-8.185400446874323e-129
-7.492092313344648e-127
-1.3945747843301145e-126
-1.923756358262407e-126
-2.3231055188411822e-126
-2.5858759706985024e-126
-2.711940567962307e-126
-2.7072389525160427e-126
-2.583002997655438e-126
-2.3548131009934468e-126
-2.041541392246052e-126
-1.6642382048695624e-126
-1.245015923713189e-126
-8.059798754378034e-127
-3.682496575501379e-127
4.889336279906849e-128
4.28705250560838e-127
7.575073535844452e-127
1.0250338635593714e-126
1.224598888587731e-126
1.3530908512417635e-126
1.4108090167340509e-126
1.40116270143402e-126
1.3302580628402546e-126
1.2064002530961203e-126
1.0395401255012584e-126
8.406946791029375e-127
6.213691295517349e-127
3.930060713885568e-127
1.6648385006602157e-127
-4.831778255694868e-128
-2.428711597825297e-127
-4.1026449492962815e-127
-5.4537185479844375e-127
-6.449296910627472e-127
-7.0752441641589004e-127
-7.334990747745391e-127
-7.247900604210419e-127
-6.8470701630089245e-127
-6.176704519779419e-127
-5.289222690047933e-127
-4.242243013393687e-127
-3.0955923579880524e-127
-1.908469611374242e-127
-7.368761085160972e-128
3.68595673658369e-128
1.364547396252462e-127
2.216090938977889e-127
2.897676532454842e-127
3.3934373900139382e-127
3.697076330903186e-127
3.811338027616459e-127
3.747125188673394e-127
3.5223278461949987e-127
3.1604417961010935e-127
2.6890551684628263e-127
2.138281289571562e-127
1.5392117875428108e-127
9.22456762346937e-128
3.168293512031061e-128
-2.5177920943959745e-128
-7.613002494419469e-128
-1.19414306472182e-127
-1.5375966929064233e-127
-1.7839816467393098e-127
-1.9305659620135326e-127
-1.9792691473929385e-127
-1.9361850310153527e-127
-1.810959908774417e-127
-1.6160657403796854e-127
-1.3660094380818098e-127
-1.0765186639606209e-127
-7.637421852843926e-128
-4.434989849524718e-128
-1.3060528137513737e-128
1.6169729695554636e-128
4.2219557767782276e-128
6.420305892440837e-128
8.148915542317959e-128
9.370806440185755e-128
1.0074565210063065e-127
1.0272693876833924e-127
9.999039958252257e-128
9.305497594856448e-128
8.258187309242766e-128
6.933327582906861e-128
5.413007119578299e-128
3.7810534559110154e-128
2.1191728179940262e-128
5.035093620163043e-129
-9.98259129359818e-129
-2.3292056574822933e-128
-3.4447695826575786e-128
-4.3136881764288566e-128
-4.918260546529418e-128
-5.253988523619249e-128
-5.328662940644074e-128
-5.160982536043172e-128
-4.778806063203415e-128
-4.217145958424139e-128
-3.5160142345195664e-128
-2.7182284843509324e-128
-1.867278551064768e-128
-1.0053432573424581e-128
-1.7153240258066816e-129
5.995870825590265e-129
1.27913948734408e-128
1.8447397451164107e-128
2.280937930449877e-128
2.5793190584408026e-128
2.7382828230531653e-128
2.762540013247451e-128
2.662371799721496e-128
2.4527046958681167e-128
2.1520577108426192e-128
1.7814191100644433e-128
1.363108476756013e-128
9.19675724315192e-129
4.728827183179693e-129
4.280565830482642e-130
-3.529121962121123e-129
-6.996370253010765e-129
-9.861390310770032e-129
-1.2048029586893083e-128
-1.3516607461339599e-128
-1.4262598510432928e-128
-1.4313869400075514e-128
-1.3726713739297882e-128
-1.2580961882072907e-128
-1.0974460295036169e-128
-9.017218200716525e-129
-6.825508848656284e-129
-4.51619055297925e-129
-2.2014805481308087e-129
1.5624991591103205e-131
2.0451363471869718e-129
3.812960355325726e-129
5.262842655837453e-129
6.357355948762442e-129
7.07797090256368e-129
7.424283904775901e-129
7.412506943920058e-129
7.073348723248704e-129
6.449432192140027e-129
5.592401978492008e-129
4.559876004207321e-129
3.412389462568449e-129
2.2104671831979522e-129
1.0119432557627186e-129
-1.3037419082001328e-130
-1.1706187000024943e-129
-2.0713121886507814e-129
-2.804318086248788e-129
-3.351300295458461e-129
-3.7037093013429485e-129
-3.8623359059818805e-129
-3.836488807214753e-129
-3.642864164714081e-129
-3.304183197079381e-129
-2.8476777193856693e-129
-2.3035035304927525e-129
-1.7031580193226794e-129
-1.077971734488249e-129
-4.5773450562753155e-130
1.3049436343952712e-130
6.633546385438616e-130
1.1219081819694076e-129
1.492105129222935e-129
1.7649942165984142e-129
1.936689510112831e-129
2.008115545085984e-129
1.9845608466635915e-129
1.87507576381101e-129
1.691754417106073e-129
1.4489423392505638e-129
1.162411173929474e-129
8.485397708398761e-130
5.235374151825246e-130
2.0274005061450216e-130
-9.999548036265844e-131
-3.727806062983786e-130
-6.0605576525869936e-130
-7.928175579177047e-130
-9.287135136398019e-130
-1.0120114316402829e-129
-1.0434552287316588e-129
-1.0260232470954194e-129
-9.64607951664788e-130
-8.656378333802087e-130
-7.366631400482762e-130
-5.8592683626008705e-130
-4.219410440349204e-130
-2.5308726584358833e-130
-8.72560952769146e-131
6.846095263175587e-131
2.0801823320013862e-130
3.2659562728584056e-130
4.2070876076135506e-130
4.882507589831556e-130
5.284694581319046e-130
5.418865239471707e-130
5.301669581033501e-130
4.959489554161852e-130
4.426449916306112e-130
3.74225378862925e-130
2.949953551679272e-130
2.093761282364786e-130
1.2169923965447509e-130
3.602223646324121e-131
-4.4027980434293237e-131
-1.1537952451412634e-130
-1.7560482049205372e-130
-2.2297383047124383e-130
-2.564718922193121e-130
-2.7578436253670268e-130
-2.812515443459613e-130
-2.7379839931417337e-130
-2.5484428531894727e-130
-2.261984012938894e-130
-1.899467761148246e-130
-1.4833652075646826e-130
-1.0366270205530984e-130
-5.816262856960885e-131
-1.3921606833118776e-131
2.720662395369235e-131
6.366249144402672e-131
9.422488093395554e-131
1.1803669876450912e-130
1.3461215459667927e-130
1.438269810535646e-130
1.4589346237946158e-130
1.4132265894617528e-130
1.3087658045099943e-130
1.1551327385898762e-130
9.632785598072924e-131
7.449244480966173e-131
5.119774349524719e-131
2.759872546479834e-131
4.766481116225768e-132
-1.635216014721094e-131
-3.496609925761849e-131
-5.046188510390618e-131
-6.241591469324877e-131
-7.059719456729887e-131
-7.49613368286352e-131
-7.563679467583233e-131
-7.290460142237137e-131
-6.717305821716611e-131
-5.894891762513919e-131
-4.880663503422649e-131
-3.7357212933711493e-131
-2.521805258330649e-131
-1.298506372100015e-131
-1.2080774969459296e-132
9.629626621535225e-132
1.9127119823494408e-131
2.697664294034763e-131
3.296938597619273e-131
3.6996396975370753e-131
3.9044990561309145e-131
3.9191194626086936e-131
3.758890376626831e-131
3.445649758908671e-131
3.0061730409444975e-131
2.4705707445908625e-131
1.8706734378344631e-131
1.2384766407415618e-131
6.047095184587407e-132
-2.419667083360801e-134
-5.5826067103247026e-132
-1.0425133306219314e-131
-1.4397601504614493e-131
-1.7397376887230533e-131
-1.9373567408987728e-131
-2.0324916033542636e-131
-2.0295672188761625e-131
-1.936979532213351e-131
-1.7663887942591632e-131
-1.5319278319288323e-131
-1.249367525768501e-131
-9.35280072025941e-132
-6.062372834431297e-132
-2.7807649028131878e-132
3.4739136536413863e-133
3.196454622648485e-132
5.663738907560433e-132
7.672127493649376e-132
9.171333673962353e-132
1.0137866691518416e-131
1.0573813481260236e-131
1.0504590019406992e-131
9.975848757528246e-132
9.049750284067379e-132
7.800817974335077e-132
6.311594422050164e-132
4.668308782326046e-132
2.956746042973629e-132
1.2584841928448887e-132
-3.523650330610273e-133
-1.811809898258471e-132
-3.06796038282692e-132
-4.082306736587017e-132
-4.830297504294333e-132
-5.301250470843683e-132
-5.4976567064545476e-132
-5.43395970430748e-132
-5.134907944540589e-132
-4.6335898261788983e-132
-3.969264795895373e-132
-3.185103935206584e-132
-2.325947730744209e-132
-1.436178909846043e-132
-5.577948748434128e-133
2.712516989640589e-133
1.0183931963354529e-132
1.6574358468807775e-132
2.169182793968313e-132
2.5416946756435727e-132
2.770206731562598e-132
2.856735062959427e-132
2.8094156927304e-132
2.6416282302237235e-132
2.3709611202074492e-132
2.0180776699403566e-132
1.6055414537524224e-132
1.156656554187899e-132
6.943727663061409e-133
2.4029878819545305e-133
-1.8614198987756235e-133
-5.6838772020744655e-133
-8.932305594653317e-133
-1.1511190335894627e-132
-1.3362729361569164e-132
-1.4466214736661822e-132
-1.483582298180005e-132
-1.4517046293779383e-132
-1.3582037329744433e-132
-1.212416536766995e-132
-1.0252091486210568e-132
-8.083665780119085e-133
-5.739931966991839e-133
-3.339495928173481e-133
-9.934769778094261e-134
1.1987836051558963e-133
3.153130507268836e-133
4.803042284061646e-133
6.101091724886891e-133
7.019437234438079e-133
7.549405148048495e-133
7.700258118483002e-133
7.497272748861084e-133
6.979269863123748e-133
6.195752965717687e-133
5.2038146863816624e-133
4.064967813386958e-133
2.8420476576526638e-133
1.5963169598127575e-133
3.8488451848105033e-134
-7.414745522151043e-134
-1.7400342305884441e-133
-2.577331811659843e-133
-3.229869407390392e-133
-3.6843148690534614e-133
-3.937235429599266e-133
-3.994415257359813e-133
-3.869822229739105e-133
-3.584299269569382e-133
-3.164061437300042e-133
-2.6390817326186157e-133
-2.041446496286829e-133
-1.4037558305923052e-133
-7.576361047205904e-134
-1.3242099230073901e-134
4.459547361010416e-134
9.55817595789276e-134
1.3803562969123275e-133
1.7079566015774894e-133
1.9322777231094954e-133
2.0520886709626033e-133
2.0708920277880505e-133
1.9963697448021023e-133
1.8396905105771367e-133
1.6147210461787687e-133
1.3371843652834637e-133
1.0238067592055753e-133
6.91492245887246e-134
3.5655873954884685e-134
3.406457563276082e-135
-2.6275239096573045e-134
-5.22907756360187e-134
-7.379672108451346e-134
-9.022052058765615e-134
-1.0126302473065074e-133
-1.0688869377882307e-133
-1.0730494979183261e-133
-1.0293250614716726e-133
-9.436874947942769e-134
-8.234638189683991e-134
-6.768955518343428e-134
-5.126965166734261e-134
-3.39627004487942e-134
-1.661017758808784e-134
1.5358462613269373e-137
1.5238681444346508e-134
2.8503604710735083e-134
3.9387585257081537e-134
4.760917621648227e-134
5.302860055161536e-134
5.564200041086017e-134
5.557015004376954e-134
5.304259901568567e-134
4.837833340287441e-134
4.19641052114758e-134
3.4231586595743726e-134
2.5634460013126415e-134
1.6626464622842247e-134
7.641290861167125e-135
-9.249419375484879e-136
-8.728066383498976e-135
-1.5486734097866832e-134
-2.0989583803377976e-134
-2.509870471622489e-134
-2.7749554117190047e-134
-2.894763166626233e-134
-2.87623311951324e-134
-2.731848028177436e-134
-2.4786137323929806e-134
-2.136924499398146e-134
-1.7293739134214381e-134
-1.279568577477997e-134
-8.109969433723126e-135
-3.459987334303437e-135
9.512787130448142e-136
4.9485333856137225e-135
8.389599460302384e-135
1.1168924408803397e-134
1.3219168912835785e-134
1.4510968622339615e-134
1.5051033706362627e-134
1.4878810510610636e-134
1.4061974424640486e-134
1.2691052153706045e-134
1.0873485019802199e-134
8.727443408909208e-135
6.375687362799819e-135
3.93974140120542e-135
1.53461514010003e-135
-7.357424279006072e-136
-2.782115463362794e-135
-4.532731536908546e-135
-5.934970668369343e-135
-6.956081840439234e-135
-7.582958915172174e-135
-7.821065172563e-135
-7.692625885311237e-135
-7.234230703255509e-135
-6.49400181489286e-135
-5.528489941419428e-135
-4.399458614474926e-135
-3.1707086117706054e-135
-1.9050798427928214e-135
-6.617485420041426e-136
5.0608539053883394e-136
1.553051339767567e-135
2.4429578851246148e-135
3.149622274397043e-135
3.657186588898017e-135
3.9599498657983774e-135
4.061764419401169e-135
3.975059842355773e-135
3.719569310138944e-135
3.3208397093488374e-135
2.808609814781183e-135
2.2151394855307754e-135
1.573568025827164e-135
9.163719766324232e-136
2.7398227581998283e-136
-3.2639138803279405e-136
-8.61694413532929e-136
-1.3136983314638939e-135
-1.669401483029428e-135
-1.9211643732197837e-135
-2.066596070033456e-135
-2.1082176689032535e-135
-2.0529365242559128e-135
-1.9113704920778062e-135
-1.6970647636132672e-135
-1.425645039030221e-135
-1.1139499220004867e-135
-7.791827217917375e-136
-4.38118601985212e-136
-1.0639753341043167e-136
2.0207285981357683e-136
4.7558737119906e-136
7.049760887306287e-136
8.837968966435192e-136
1.0083909079280451e-135
1.077809926840073e-135
1.0936299426988019e-135
1.059668524759083e-135
9.816267387048551e-136
8.666778106903735e-136
7.230252502939289e-136
5.594525821508836e-136
3.848853405430128e-136
2.0798369681663005e-136
3.678118388740464e-137
-1.216183636480991e-136
-2.6127713581674905e-136
-3.775880963748998e-136
-4.6736689028859044e-136
-5.2887297863557245e-136
-5.6176503078134805e-136
-5.669980920676211e-136
-5.466719908088656e-136
-5.0384181069339054e-136
-4.423020225479327e-136
-3.663560589442636e-136
-2.8058276666115286e-136
-1.8961034635441927e-136
-9.790716273604253e-137
-9.597270187488271e-138
7.16932574885286e-137
1.4295498237471541e-136
2.0187643813379677e-136
2.468876889630604e-136
2.7716736672635352e-136
2.9261595330822356e-136
2.9379933730968762e-136
2.8186765139700912e-136
2.584550696498819e-136
2.2556660895854777e-136
1.854580447266294e-136
1.40514841078072e-136
9.313554203732942e-137
4.562441339346776e-137
9.731138095301414e-140
-4.1596166826082955e-137
-7.793217462987031e-137
-1.0775266163969515e-136
-1.3028583868395328e-136
-1.4514780624968134e-136
-1.5232686213275762e-136
-1.5215264361240941e-136
-1.4525274960129683e-136
-1.3249981984798362e-136
-1.1495222005360904e-136
-9.379149957352537e-137
-7.025966439880556e-137
-4.559905979644755e-137
-2.0997305813085687e-137
2.4607009569984664e-138
2.3832188703969493e-137
4.2346294074285013e-137
5.74237195343921e-137
6.8686247252838585e-137
7.595654313131927e-137
7.92490782065266e-137
7.875331841034482e-137
7.481057915940288e-137
6.788610417055381e-137
5.853800800850916e-137
4.738472259814794e-137
3.5072515936782214e-137
2.2244515840970165e-137
9.512484101480095e-138
-2.5676404080665316e-138
-1.351566395138103e-137
-2.2942025196947934e-137
-3.055741247328875e-137
-3.617712922966734e-137
-3.9720457038608954e-137
-4.120546606644641e-137
-4.0739886686493594e-137
-3.8508778668059137e-137
-3.475981416058369e-137
-2.978702759377457e-137
-2.3913881612143242e-137
-1.7476456881345493e-137
-1.0807500015510387e-137
-4.22196396277807e-138
1.9954444042599814e-138
7.600327058848008e-138
1.2396023616947298e-137
1.6238299108968053e-137
1.9037314126484173e-137
2.0757019162220433e-137
2.1412217114557762e-137
2.1063620661338148e-137
1.9811292493827665e-137
1.7786895333361748e-137
1.5145195390255185e-137
1.2055258596564202e-137
8.691755518753576e-138
5.226750980921602e-138
1.822301257174037e-138
-1.3758813005544183e-138
-4.243505527051804e-138
-6.681401736407065e-138
-8.617797198390843e-138
-1.0009186107040674e-137
-1.0839873986149423e-137
-1.1120328459462884e-137
-1.0884510069921815e-137
-1.0186387374521521e-137
-9.095859461652168e-138
-7.69431647768651e-138
-6.070065347307644e-138
-4.3138346923339886e-138
-2.5145514047042163e-138
-7.555530709932372e-139
8.886327042309066e-139
2.3548471898062256e-138
3.5931400637391297e-138
4.567868743575846e-138
5.2580712103619167e-138
5.657157054578889e-138
5.771987904610526e-138
5.621439449810249e-138
5.234552462123041e-138
4.6483893734258145e-138
3.9057161838630013e-138
3.052627117235202e-138
2.1362220776306065e-138
1.2024353448256426e-138
2.9409894782036113e-139
-5.5069327430581715e-139
-1.2998738000550108e-138
-1.9283139981411105e-138
-2.418352377410901e-138
-2.759947510988945e-138
-2.9504805000695494e-138
-2.994245272017578e-138
-2.901675608140008e-138
-2.6883653374867156e-138
-2.373942538198834e-138
-1.9808599264487127e-138
-1.5331620841274486e-138
-1.0552860895870211e-138
-5.709458676176467e-139
-1.0214262442482895e-139
3.3166542362885423e-139
7.142106749648537e-139
1.0328678287122854e-138
1.2789061395868544e-138
1.4475478788709994e-138
1.5378467484995058e-138
1.5524068124598006e-138
1.496967841236273e-138
1.379886699920122e-138
1.211546518010461e-138
1.0037259026879211e-138
7.689595077479965e-139
5.199190137082715e-139
2.6884022100881887e-139
2.701774874323941e-140
-1.956159753796772e-139
-3.908158888497123e-139
-5.522473057381812e-139
-6.756054985387507e-139
-7.586352721009657e-139
-8.010580931978132e-139
-8.044177969475334e-139
-7.718585692663765e-139
-7.078507498602405e-139
-6.178810014112331e-139
-5.081235743939593e-139
-3.851088241285893e-139
-2.5540389640169345e-139
-1.253187014715799e-139
-6.480699988839414e-142
1.135415367416143e-139
2.1307506955623503e-139
2.9477869997324202e-139
3.565360179372807e-139
3.972926484023294e-139
4.170134305949512e-139
4.165980558733787e-139
3.97762403365644e-139
3.6289372189521335e-139
3.1488827839278195e-139
2.5698014304480527e-139
1.9256944316977813e-139
1.250577389617946e-139
5.76972135825366e-140
-6.540806068956323e-141
-6.5073802954973625e-140
-1.1578969873259435e-139
-1.5710076084230771e-139
-1.87969736710858e-139
-2.079093985773985e-139
-2.169577605916109e-139
-2.156321168938168e-139
-2.0486572218135063e-139
-1.8593138305051152e-139
-1.6035644843926448e-139
-1.2983369014988614e-139
-9.613236791066245e-140
-6.101340323776298e-140
-2.6152073523356025e-140
6.928982953211092e-141
3.691435242397635e-140
6.273664943597394e-140
8.360289323984648e-140
9.900650452052737e-140
1.0872560321998752e-139
1.1280883767643771e-139
1.1155042395914295e-139
1.054564107368261e-139
9.520440383350914e-140
8.159908602231735e-140
6.552585699182039e-140
4.790480570385667e-140
2.9647026146787456e-140
1.1615014148076487e-140
-5.411444365902935e-141
-2.076284544174439e-140
-3.3900329353823135e-140
-4.442853878173928e-140
-5.210103588685104e-140
-5.681866559621438e-140
-5.862153223516609e-140
-5.767548333843631e-140
-5.425416245180812e-140
-4.871779951930758e-140
-4.148995346331153e-140
-3.303340989141124e-140
-2.3826372884432633e-140
-1.4339980778361958e-140
-5.018030378351605e-141
3.740378348698852e-141
1.1594754459211594e-140
1.8273359041065038e-140
2.3579447451149055e-140
2.739366308617708e-140
2.9672801068454604e-140
3.044530263149359e-140
2.9803955406193225e-140
2.789635852749132e-140
2.491376338289612e-140
2.1078921291127993e-140
1.6633560174498944e-140
1.1826076284271423e-140
6.899968106596859e-141
2.0834622611780193e-141
-2.4193095196421977e-141
-6.43532222761912e-141
-9.827700289630061e-141
-1.2498733758182868e-140
-1.4390905199849174e-140
-1.5486049488629692e-140
-1.580284112151972e-140
-1.5392861358073793e-140
-1.433553913052369e-140
-1.2732284783273862e-140
-1.0700144561598165e-140
-8.36529735653093e-141
-5.856695097956544e-141
-3.300116416940503e-141
-8.128621614636502e-142
1.5007263540293438e-141
3.552797180182778e-141
5.27448952060938e-141
6.617383310975025e-141
7.553921074136652e-141
8.076870000279502e-141
8.197928990936127e-141
7.94561445438193e-141
7.362579312930133e-141
6.502531770339917e-141
5.426924078163998e-141
4.2015773777758433e-141
2.89339752639494e-141
1.5673197260661514e-141
2.835980204403489e-142
-9.044693377067058e-142
-1.9523146259015565e-141
-2.8253390183741426e-141
-3.4996049360473156e-141
-3.9619977381937443e-141
-4.209894327317246e-141
-4.2503949152774826e-141
-4.0991888089258785e-141
-3.7791353131042986e-141
-3.3186466326099576e-141
-2.7499611020566687e-141
-2.1073924849079112e-141
-1.4256349151033737e-141
-7.381938816942792e-142
-7.600213844251491e-143
5.33733735586129e-142
1.0684244709476926e-141
1.5107095732552937e-141
1.8487856073431546e-141
2.076460629352107e-141
2.1929554411254066e-141
2.202481814224361e-141
2.1136351697009346e-141
1.9386442592930814e-141
1.6925231419459268e-141
1.3921712596029327e-141
1.0554658541410431e-141
7.003875770211425e-142
3.44215229000413e-142
2.8194752731126745e-144
-3.099215191695751e-142
-5.825689244815321e-142
-8.064243501711593e-142
-9.756841647625686e-142
-1.0874525684849402e-141
-1.141624746989633e-141
-1.1406562345547396e-141
-1.0892382965273326e-141
-9.939016341394751e-142
-8.625720099985354e-142
-7.04101533129742e-142
-5.2779841954334025e-142
-3.4297618844650215e-142
-1.5854062628294744e-142
1.7370367734554176e-143
1.7768255766573966e-142
3.166090926811339e-142
4.297983379889561e-142
5.1440566354441824e-142
5.6909242066053714e-142
5.939582899165054e-142
5.9041561415089436e-142
5.610161742454397e-142
5.0924209060494196e-142
4.392731376015392e-142
3.5574276734057505e-142
2.634946026994227e-142
1.6735014743793507e-142
7.189705822349035e-143
-1.8694375249477303e-143
-1.0082079005712194e-142
-1.7155758709695162e-142
-2.287312710379287e-142
-2.7095241811570113e-142
-2.9761113037229182e-142
-3.088383401101594e-142
-3.054375576002447e-142
-2.8879257725422502e-142
-2.607572575790126e-142
-2.2353376884167036e-142
-1.7954567424520005e-142
-1.313119026541498e-142
-8.132712072064629e-143
-3.195326445621248e-143
1.4673905340539774e-143
5.6720350716839895e-143
9.270956921116191e-143
1.215578626703581e-142
1.4258923167464716e-142
1.5553095330868778e-142
1.6049166657740391e-142
1.579244108881883e-142
1.485775234512268e-142
1.3343659433631178e-142
1.1366080441668548e-142
9.051693995162451e-143
6.53142028211112e-143
3.934263724572493e-143
1.381759581835811e-143
-1.0167804111434954e-143
-3.168080110500989e-143
-4.997679296307452e-143
-6.451646077924009e-143
-7.497235538598257e-143
-8.1225542733777645e-143
-8.335329484504724e-143
-8.160912649170122e-143
-7.639670722695991e-143
-6.823932077608197e-143
-5.774660009263262e-143
-4.558024137869441e-143
-3.242030201126504e-143
-1.8933526153410922e-143
-5.744930291777807e-144
6.586367350645391e-144
1.7586360528178725e-143
2.687997850944768e-143
3.4199361446927125e-143
3.9386688690678184e-143
4.239189393878398e-143
4.326579948298634e-143
4.214935987271614e-143
3.9259819479230384e-143
3.4874657337985572e-143
2.931421704517494e-143
2.292390205394699e-143
1.6056761755489703e-143
9.057206838424173e-144
2.2464801379250763e-144
-4.0896213718320275e-144
-9.710419297544449e-144
-1.4427212383238093e-143
-1.8107254303230314e-143
-2.0674917323734086e-143
-2.2110227514167967e-143
-2.2445057976670633e-143
-2.1757346162817815e-143
-2.016375801985996e-143
-1.7811254877073655e-143
-1.4868029158169872e-143
-1.1514263675662754e-143
-7.933138742499126e-144
-4.3024645949084786e-144
-7.872570964052782e-145
2.4664938993448562e-144
5.336688006412277e-144
7.72850947156985e-144
9.576327417624096e-144
1.0844143006225223e-143
1.1524686205531498e-143
1.1637316014231209e-143
1.1224918030627094e-143
1.0350021328284027e-143
9.090372473105498e-144
7.534208515859946e-144
5.775463742957597e-144
3.9091281105978947e-144
2.0269501967466292e-144
2.1364598731715017e-145
-1.4562611944955736e-144
-2.920882829965331e-144
-4.132641752197524e-144
-5.059173367663192e-144
-5.683476987757625e-144
-6.003373782120435e-144
-6.030353818170525e-144
-5.787914763036637e-144
-5.309508696248014e-144
-4.6362210256458856e-144
-3.814306914239403e-144
-2.892706366123682e-144
-1.9206498521948373e-144
-9.454529139379631e-145
-1.0581513488691595e-146
8.459489889502554e-145
1.592798429823103e-144
2.206127492389206e-144
2.670021467068145e-144
2.9765272286905303e-144
3.1253343983771577e-144
3.123144809811094e-144
2.9827844884865184e-144
2.722119189409651e-144
2.3628380949541162e-144
1.929170669154716e-144
1.4465991467066512e-144
9.40624061401854e-145
4.356330298681489e-145
-4.608580093042388e-146
-4.8515413331145916e-145
-8.657166771670754e-145
-1.1758465497771617e-144
-1.4077424719710897e-144
-1.5577265764157505e-144
-1.6260597335205085e-144
-1.616597959286377e-144
-1.5363185230237962e-144
-1.394747732668197e-144
-1.2033240353823737e-144
-9.747301010103062e-145
-7.222260918310474e-145
-4.590135547574848e-145
-1.9765553408346694e-145
5.042614560762882e-146
2.7536066145034726e-145
4.691347203052741e-145
6.2579095788920694e-145
7.415185352103223e-145
8.146410066534505e-145
8.455106571591753e-145
8.36321874015116e-145
7.90858646271231e-145
7.1419293059634e-145
6.123513879274245e-145
4.919679208203137e-145
3.599386010979923e-145
2.2309407299962157e-145
8.790247118606024e-146
-3.9786558068160344e-146
-1.5494885763383061e-145
-2.535387409529362e-145
-3.325857308840261e-145
-3.902355116857628e-145
-4.257379827982338e-145
-4.393874029579617e-145
-4.324213150471868e-145
-4.068862040906999e-145
-3.654786441466268e-145
-3.1137103757014345e-145
-2.4803096526370032e-145
-1.790426892915084e-145
-1.079385338481584e-145
-3.8046781659209398e-146
2.7638568247714175e-146
8.656225458411035e-146
1.3668396628427225e-145
1.7652531798171727e-145
2.051879721444776e-145
2.2234453739531687e-145
2.2820494118889788e-145
2.234618340480118e-145
2.0921921159077553e-145
1.869088311332129e-145
1.5819915452902143e-145
1.2490148111692766e-145
8.887766595999352e-146
5.195337781876122e-146
1.5840272530463664e-146
-1.7930222055129947e-146
-4.805955511011576e-146
-7.351994709718814e-146
-9.357709438334488e-146
-1.0779795887209645e-145
-1.160445549064124e-145
-1.1845518911268144e-145
-1.1541504197767022e-145
-1.0751829288652966e-145
-9.552417936889898e-146
-8.030944847476233e-146
-6.281961082756942e-146
-4.402125773437354e-146
-2.485746408930131e-146
-6.207992589352629e-147
1.11443425348587e-146
2.6540181433804773e-146
3.9462421076052136e-146
4.954713066278893e-146
5.658676134300227e-146
6.052615762937862e-146
6.145215402583197e-146
5.957775850271995e-146
5.5222079820535785e-146
4.878724671521001e-146
4.07335950111794e-146
3.1554367886803323e-146
2.175109111162676e-146
1.181065723235252e-146
2.1849898137078822e-147
-6.72602889029227e-147
-1.458788563770526e-146
-2.1140744527560993e-146
-2.6204662430430936e-146
-2.968082550842085e-146
-3.154908746891317e-146
-3.1862230371263138e-146
-3.0737478521498043e-146
-2.834587295416578e-146
-2.490015756429009e-146
-2.0641839001682864e-146
-1.5828063226128874e-146
-1.0718905547536575e-146
-5.565602345493737e-147
-6.001664194777371e-148
3.973270630357977e-147
7.985151047967683e-147
1.1305087754947922e-146
1.3844338409985534e-146
1.5556226043241118e-146
1.6434660735297673e-146
1.6510987912240174e-146
1.5849443943654182e-146
1.4541537764916108e-146
1.269969795405987e-146
1.0450528619893962e-146
7.928005842736938e-147
5.266921076861003e-147
2.5968411530434684e-147
3.680890372392642e-149
-2.309043261412948e-147
-4.35484947254819e-147
-6.035274388450846e-147
-7.306676828534537e-147
-8.147214259415093e-147
-8.555972793180331e-147
-8.551243387811271e-147
-8.168092589234783e-147
-7.455394901275191e-147
-6.472503634284101e-147
-5.285738190101574e-147
-3.964858871042135e-147
-2.57968643059224e-147
-1.1970039179970347e-147
1.2214573235366313e-148
1.3246800112365297e-147
2.3671573259117923e-147
3.2168887334220385e-147
3.8524796123885747e-147
4.263825333429418e-147
4.4516071479155943e-147
4.4263527587879257e-147
4.207139887449414e-147
3.82003036415073e-147
3.296326828534248e-147
2.670744222466169e-147
1.9795842610343774e-147
1.258993501587463e-147
5.433751310415989e-148
-1.3598812917239168e-148
-7.520567924280059e-148
-1.2828747514666114e-147
-1.7121134050682915e-147
-2.0293206163268246e-147
-2.2298883563729848e-147
-2.3147641817459302e-147
-2.2899409217885916e-147
-2.165765879810422e-147
-1.9561153653954105e-147
-1.677482478658568e-147
-1.3480258704690672e-147
-9.866249082881613e-148
-6.1198256378194025e-148
-2.4181174134205373e-148
1.0786594090760331e-148
4.232873333614074e-148
6.933670735634454e-148
9.099629303075909e-148
1.0679883985155787e-147
1.165380433699393e-147
1.2029359671043285e-147
1.1840355057005064e-147
1.1142755802904939e-147
1.0010340083856766e-147
8.529928944209498e-148
6.796440611406015e-148
4.908003025972581e-148
2.9613361949405992e-148
1.047586184328745e-148
-7.512427683542935e-149
-2.3651503856880566e-148
-3.738229428794602e-148
-4.829954344871665e-148
-5.615679873045617e-148
-6.086394120818583e-148
-6.247799897952025e-148
-6.1188216325938424e-148
-5.729652436681448e-148
-5.1194666010394794e-148
-4.33392706091608e-148
-3.422615535226501e-148
-2.4365057029420194e-148
-1.4255877268787883e-148
-4.367365998969573e-149
4.881018084557405e-149
1.3133534288697167e-148
2.0108547807838664e-148
2.5604759019429278e-148
2.9503348801322085e-148
3.176628911270276e-148
3.2431216948141315e-148
3.160338845624973e-148
2.944531579761274e-148
2.61647411742646e-148
2.2001620957644785e-148
1.7214779966862356e-148
1.2068854919070881e-148
6.8220810798933895e-149
1.715392083519284e-149
-3.036794899760388e-149
-7.253842506290198e-149
-1.0794047776560889e-148
-1.3557637426046112e-148
-1.548765313010589e-148
-1.6568865476649736e-148
-1.6824930881764352e-148
-1.6314065535165645e-148
-1.5123553034077371e-148
-1.3363427337421213e-148
-1.1159680405945409e-148
-8.647335498809632e-149
-5.963704304748136e-149
-3.2421111196456815e-149
-6.063227174470602e-150
1.8341288188291217e-149
3.987598383923091e-149
5.7828798562718456e-149
7.1706375228687585e-149
8.123747975908464e-149
8.636629182424178e-149
8.723671830449225e-149
8.416918121156859e-149
7.76315427679059e-149
6.820594990042573e-149
5.655341093108527e-149
4.337786489261314e-149
2.9391377970441454e-149
1.5281913851718283e-149
1.6848887745723595e-150
-1.0840547661283716e-149
-2.1829853544202252e-149
-3.09256984291826e-149
-3.7884755149946316e-149
-4.257886873600703e-149
-4.499102466175771e-149
-4.520673345045174e-149
-4.340159969640384e-149
-3.98259478512715e-149
-3.4787433966872492e-149
-2.863258347819587e-149
-2.1728163437630614e-149
-1.4443228366197975e-149
-7.132578304664536e-150
-1.2224282442172799e-151
6.302536731958493e-150
1.19065049945101e-149
1.651060056127181e-149
1.9995151266891165e-149
2.230016914690353e-149
2.342297652642303e-149
2.3413493383728496e-149
2.2367591913063937e-149
2.0418975614627667e-149
1.773006705042157e-149
1.4482391507844372e-149
1.0866925069708928e-149
7.074837671720198e-150
3.2890079325247134e-150
-3.233794110674374e-151
-3.616916793684482e-150
-6.472579560986687e-150
-8.800774682453607e-150
-1.054282863674817e-149
-1.167098013408776e-149
-1.2187004040261535e-149
-1.2119642852161272e-149
-1.1521060033867117e-149
-1.0462554787654847e-149
-9.02979035660516e-150
-7.317788254295352e-150
-5.425929909544978e-150
-3.4531865282642177e-150
-1.4937692508233202e-150
3.666431279407822e-151
2.0539804526072942e-150
3.508083906753916e-150
4.6841983226467797e-150
5.553656307586623e-150
6.103792009969949e-150
6.337153286600692e-150
6.270106317015051e-150
5.930945697121713e-150
5.357635423102893e-150
4.5953119559403996e-150
3.693680037411545e-150
2.704425663957341e-150
1.6787593772720162e-150
6.651877181411145e-151
-2.924076660387034e-151
-1.156324099726648e-150
-1.8961872204368083e-150
-2.4896787862057516e-150
-2.922846242751458e-150
-3.190015594156472e-150
-3.2933448784169117e-150
-3.2420683259003275e-150
-3.051490759923507e-150
-2.7417978420939205e-150
-2.3367503928326073e-150
-1.8623304011415385e-150
-1.3454027779794568e-150
-8.124508103854486e-151
-2.8843512275953973e-151
2.041837183377526e-151
6.462294524081807e-151
1.0223827663547894e-150
1.321534799386182e-150
1.5369243244202202e-150
1.6660707649220736e-150
1.710523225603573e-150
1.6754521649553835e-150
1.569115063812313e-150
1.4022303829687185e-150
1.1872952747547244e-150
9.378820154915358e-151
6.679461206979591e-151
3.911758086885614e-151
1.2040814565665268e-151
-1.3286788423425583e-151
-3.589066975337832e-151
-5.4999087217141384e-151
-7.006020552498986e-151
-8.074800445472966e-151
-8.695768533734788e-151
-8.879166466111689e-151
-8.653756878340468e-151
-8.063987889107879e-151
-7.166701762180119e-151
-6.02757196768779e-151
-4.717449376702596e-151
-3.308787112749529e-151
-1.8722958085529016e-151
-4.739580169811569e-152
8.274962389133547e-152
1.9825798176520972e-151
2.9524615647811755e-151
3.709788233307466e-151
4.238928644941469e-151
4.535677980903819e-151
4.6064808132905036e-151
4.4672478668782214e-151
4.141853177345789e-151
3.660405164384523e-151
3.0573872701336564e-151
2.369761528301217e-151
1.6351222008015083e-151
8.899770551145181e-152
1.6822166166736814e-152
-5.001419717240515e-152
-1.090006261473199e-151
-1.5818577142132307e-151
-1.9621697927476314e-151
-2.2234974412428617e-151
-2.364294232322885e-151
-2.388483619422959e-151
-2.3048240168500595e-151
-2.126113214827598e-151
-1.8682809179987678e-151
-1.5494190391252624e-151
-1.1887979532075442e-151
-8.059134755055954e-152
-4.196041923090231e-152
-4.7272315966632104e-153
2.9576614679741713e-152
5.967840268473314e-152
8.459885672197012e-152
1.0367078713108476e-151
1.16542337936804e-151
1.2316599143900066e-151
1.2377501753021443e-151
1.1884946944535038e-151
1.0907411356761134e-151
9.529083695932054e-152
7.844810649181075e-152
5.954996708512483e-152
3.96068772885515e-152
1.9590405297946466e-152
3.934669414504119e-154
-1.7202600097099277e-152
-3.2553243499997728e-152
-4.516771897698193e-152
-5.471786422057607e-152
-6.103893083516371e-152
-6.412310689814387e-152
-6.410663328342703e-152
-6.125162453997501e-152
-5.592384606647511e-152
-4.85677729375464e-152
-3.968026443225307e-152
-2.9784137179607165e-152
-1.940281617730271e-152
-9.037095778838015e-153
8.5513773303863e-154
9.87557335829046e-153
1.7698098360561294e-152
2.407715874776783e-152
2.8851846211806745e-152
3.1945890735444137e-152
3.336390434615872e-152
3.318435844695523e-152
3.1549881187854473e-152
2.865553062507396e-152
2.4735733808045066e-152
2.0050582854995315e-152
1.4872149306811365e-152
9.471421492447577e-153
4.1063910607192304e-153
-9.882804296042781e-154
-5.609690290262045e-153
-9.593006019807753e-153
-1.2815558066675276e-152
-1.519871975363815e-152
-1.6707677625303888e-152
-1.7349280229587242e-152
-1.7168222620158797e-152
-1.6241875905132133e-152
-1.4674105115584865e-152
-1.258843454697602e-152
-1.0120918356869861e-152
-7.413057098380317e-153
-4.6050701145231923e-153
-1.8297918273318458e-153
7.92590278200071e-154
3.158793822911384e-153
5.185591842448559e-153
6.81180907031828e-153
7.999173044063483e-153
8.732078868969952e-153
9.016369638941437e-153
8.877269521999221e-153
8.356632505090667e-153
7.509686368731988e-153
6.401458685533519e-153
5.103069976259546e-153
3.6880694352290696e-153
2.228971963826815e-153
7.941329512662426e-154
-5.549292222765681e-154
-1.765682090042868e-153
-2.7961487744675696e-153
-3.6158777266863553e-153
-4.2063201449408915e-153
-4.5606482849156886e-153
-4.683069843668845e-153
-4.58771127094458e-153
-4.297155816598126e-153
-3.840730184377781e-153
-3.252636885785676e-153
-2.57002803822458e-153
-1.8311108744195352e-153
-1.0733662157864705e-153
-3.319493085168325e-154
3.616715078372708e-154
9.80798041575532e-154
1.5042828552778618e-153
1.916998168696276e-153
2.2099985623202725e-153
2.380396086450978e-153
2.4309775526676864e-153
2.3696026956991476e-153
2.2084283397535844e-153
1.9630076065631482e-153
1.6513146042099183e-153
1.2927440849885662e-153
9.071324975725808e-154
5.138419973332978e-154
1.3094268578232131e-154
-2.2547897478506465e-154
-5.418655707836416e-154
-8.075761319538232e-154
-1.015111670171804e-153
-1.160182515529398e-153
-1.2416278031853945e-153
-1.2612031414108774e-153
-1.2232569794594502e-153
-1.1343193947704747e-153
-1.0026288992824479e-153
-8.376234523258494e-154
-6.494212456096572e-154
-4.48315123739132e-154
-2.4430188796064862e-154
-4.6664394321634685e-155
1.363794912720588e-154
2.979511658468517e-154
4.3270311160797404e-154
5.3692672049720056e-154
6.085784254390392e-154
6.472298674073314e-154
6.539507096915518e-154
6.311349685318765e-154
5.822833152459998e-154
5.1175470546672475e-154
4.245009240396667e-154
3.257972454519524e-154
2.2098146899566092e-154
1.1521218341812703e-154
1.3255348889356233e-155
-8.069373644443767e-155
-1.6314818136010415e-154
-2.3142425213512735e-154
-2.8369255577423e-154
-3.1898706119575786e-154
-3.371751129992788e-154
-3.38893054529895e-154
-3.254532112738058e-154
-2.987287695447754e-154
-2.6102351376266876e-154
-2.149334693833075e-154
-1.6320726305144585e-154
-1.086114941601811e-154
-5.380665939515396e-155
-1.2382371896132913e-156
4.695352093150016e-155
8.90026728657383e-155
1.2356426288396797e-154
1.4973841401790112e-154
1.670726724702507e-154
1.755443335446351e-154
1.7552521961442154e-154
1.6773194975960607e-154
1.5316512717920102e-154
1.3304107260828553e-154
1.0871975632115117e-154
8.163244179199524e-155
5.321227070626177e-155
2.4830616450768234e-155
-2.258460659756232e-156
-2.6963878762636284e-155
-4.839213029025876e-155
-6.58702088422442e-155
-7.895683512058585e-155
-8.744247100782134e-155
-9.13390663241164e-155
-9.086085801708945e-155
-8.63978266601878e-155
-7.848360512562665e-155
-6.775972875936374e-155
-5.4938119186736975e-155
-4.076361262111019e-155
-2.5978188919850567e-155
-1.1288342667457749e-155
2.6632231260267334e-156
1.5320691138637488e-155
2.6232427980343514e-155
3.50622088467645e-155
4.159438333423453e-155
4.573326433070425e-155
4.749725404932136e-155
4.700841108027412e-155
4.447830496266142e-155
4.019109788091756e-155
3.448483672004007e-155
2.773193510832677e-155
2.031977837718203e-155
1.2632300276363625e-155
5.033265677201304e-156
-2.1481439747516507e-156
-8.628998014963473e-156
-1.4181251447522556e-155
-1.8637220476591659e-155
-2.1891922449397223e-155
-2.390244088138698e-155
-2.468459447851456e-155
-2.4307284992006086e-155
-2.2884969970064406e-155
-2.0568751934798555e-155
-1.7536595369194035e-155
-1.3983178427214679e-155
-1.0109859729118572e-155
-6.115195011272015e-156
-2.186377390140572e-156
1.5080974239127176e-156
4.824319295261982e-156
7.647266318076397e-156
9.89346500897677e-156
1.1512028650336572e-155
1.2484164507519832e-155
1.2821300824259414e-155
1.2562032922983154e-155
1.1768123247296328e-155
1.0519812297414674e-155
8.910706275832575e-156
7.042503603850465e-156
5.019807507465871e-156
2.9452472194257605e-156
9.150979118468699e-157
-9.844486465979365e-157
-2.6802523551215573e-156
-4.1143646316847515e-156
-5.245314890150033e-156
-6.048558592193046e-156
-6.51613770451968e-156
-6.655634997366956e-156
-6.48852803804385e-156
-6.048066403306341e-156
-5.376806342710732e-156
-4.5239409842412484e-156
-3.542561589888856e-156
-2.486977000048294e-156
-1.4102051100291522e-156
-3.6173300396433286e-157
6.143776756348422e-157
1.4809852939131834e-156
2.2089302414503063e-156
2.777653820213801e-156
3.1753839370520627e-156
3.398915896629452e-156
3.4530321377937824e-156
3.3496170561236947e-156
3.1065318302521164e-156
2.746319328841343e-156
2.2948107950318265e-156
1.7797043124025418e-156
1.2291804052194732e-156
6.706129714607148e-157
1.294246177321099e-157
-3.718750683427061e-157
-8.144411253538331e-157
-1.1836191219057473e-156
-1.4692410862479105e-156
-1.665697738875247e-156
-1.7718026858539256e-156
-1.7904721268189726e-156
-1.7282498186925854e-156
-1.594711384173171e-156
-1.4017845253648718e-156
-1.1630223462804486e-156
-8.928659289526183e-157
-6.059297369529231e-157
-3.163395785917878e-157
-3.714802724887998e-158
2.201533339229461e-157
4.460113976552007e-157
6.330713216987009e-157
7.763170345940815e-157
8.730962892598639e-157
9.230388871431088e-157
9.278807013243565e-157
8.912092355014558e-157
8.181486051147113e-157
7.150030026629878e-157
5.888779414799742e-157
4.4729793014712575e-157
2.9783781546411875e-157
1.4778297322382882e-157
3.8309684705797224e-159
-1.2815559418521716e-157
-2.4333839678672522e-157
-3.3803139815127424e-157
-4.097669885626904e-157
-4.57302591109097e-157
-4.8057243757470844e-157
-4.805912769987093e-157
-4.59318334688224e-157
-4.194908991878243e-157
-3.644374696660876e-157
-2.978804643468257e-157
-2.2373811000541316e-157
-1.4593435786174188e-157
-6.8224569970506936e-158
5.956631251190357e-159
7.362047844547083e-158
1.323188761261391e-157
1.8020727266993907e-157
2.1607549520581836e-157
2.393478821443053e-157
2.5005529568488507e-157
2.4878262466515357e-157
2.3659616953971914e-157
2.1495582227074926e-157
1.8561721334995938e-157
1.505290066097889e-157
1.1173030070500116e-157
7.125267338675548e-158
3.103081662040464e-158
-7.17500279682675e-159
-4.1842219013286104e-158
-7.173337860040936e-158
-9.592692476233998e-158
-1.138313922158482e-157
-1.2518378238786358e-157
-1.3003352450859573e-157
-1.2871394823281937e-157
-1.2180358433037705e-157
-1.1007986531907492e-157
-9.446791778679054e-158
-7.598712867352292e-158
-5.5698040282266686e-158
-3.465189885788895e-158
-1.3844868036181772e-158
5.821457741258338e-159
2.3572021677722504e-158
3.878197251401964e-158
5.099168311244585e-158
5.991318354554337e-158
6.54284474610632e-158
6.758029440597961e-158
6.655693361125467e-158
6.267136997254645e-158
5.6337017658797535e-158
4.804092136281292e-158
3.83159731682072e-158
2.771344049505516e-158
1.67769959123189e-158
6.019272688991576e-159
-4.09822824673158e-159
-1.3181272342243064e-158
-2.0914685455741563e-158
-2.7069651278082783e-158
-3.1506567929981575e-158
-3.4173711548827114e-158
-3.510211953899093e-158
-3.439723884000664e-158
-3.222798190333443e-158
-2.881389372810597e-158
-2.4411157693894175e-158
-1.929815802152693e-158
-1.37612758211866e-158
-8.081528271456392e-159
-2.5225717377429226e-159
2.6795146881605133e-159
7.324362727674779e-159
1.1253180808621998e-158
1.4352283615523413e-158
1.655432589163535e-158
1.7837379366871606e-158
1.8222075528193032e-158
1.776710385721611e-158
1.6563403597227868e-158
1.472741648979944e-158
1.2393778545029113e-158
9.707821889458136e-159
6.818234870248796e-159
3.8701922320067823e-159
9.992200722906702e-160
-1.67399458356385e-159
-4.0476992838779557e-159
-6.041987599679789e-159
-7.600497359793713e-159
-8.69092271409117e-159
-9.304417334787113e-159
-9.454008671027322e-159
-9.17217687349597e-159
-8.50777606100064e-159
-7.522489757496339e-159
-6.287016793120362e-159
-4.877179355706047e-159
-3.370132168807982e-159
-1.84083220468723e-159
-3.58903360874213e-160
1.0139983002920941e-159
2.2262442267191418e-159
3.2376752023047313e-159
4.020413535186356e-159
4.559062706997304e-159
4.850337275704609e-159
4.902187456956173e-159
4.73249976358507e-159
4.3674670032383334e-159
3.8397277163453687e-159
3.1863769135033804e-159
2.446947086072772e-159
1.6614514371815408e-159
8.685707728246981e-160
1.0405226323700307e-160
-6.006268512538484e-160
-1.2192937468825756e-159
-1.7317923102229028e-159
-2.124368845330766e-159
-2.3897416386808835e-159
-2.5268779509580227e-159
-2.540512978882759e-159
-2.4404538489889334e-159
-2.240717598234948e-159
-1.9585553238177157e-159
-1.6134153282887314e-159
-1.2258963353396496e-159
-8.167379858406291e-160
-4.058901924316361e-160
-1.169593248229979e-161
3.4978588116227336e-160
6.652992633811203e-160
9.247421101111347e-160
1.1213478493838856e-159
1.2517040151082374e-159
1.3156206681927314e-159
1.3158671518212645e-159
1.25779994205423e-159
1.1489072606375538e-159
9.982976406180598e-160
8.16159826086829e-160
6.132203490249345e-160
4.0022300841755306e-160
1.8745146435047622e-160
-1.5687538422472178e-161
-2.010069653095455e-160
-3.617993559468256e-160
-4.930092365849386e-160
-5.91317815104546e-160
-6.551436012458191e-160
-6.845660120801931e-160
-6.811818393460767e-160
-6.479065968904152e-160
-5.887341951315205e-160
-5.084691019965743e-160
-4.124451749944558e-160
-3.062447437863615e-160
-1.9543036677937374e-160
-8.53000765057488e-161
1.932502368701423e-161
1.1427412938419258e-160
1.9615668153937907e-160
2.624467935556889e-160
3.115222561745067e-160
3.426602213460276e-160
3.5599340824796025e-160
3.524320995086753e-160
3.3355826708787785e-160
3.0149886750816056e-160
2.5878567548240194e-160
2.0820900012054436e-160
1.5267227978635126e-160
9.505392298179528e-161
3.8081904867769846e-161
-1.5774400504885443e-161
-6.439181339225946e-161
-1.0605822103995075e-160
-1.3951377133087184e-160
-1.6396855866231065e-160
-1.7909800027296878e-160
-1.8501798854375592e-160
-1.8224262491082728e-160
-1.716278761486049e-160
-1.5430483579365466e-160
-1.3160642351496784e-160
-1.0499132282966125e-160
-7.5968759530772e-161
-4.602738227076591e-161
-1.6571050079183402e-161
1.1136210827156525e-161
3.601441549944896e-161
5.719994891124156e-161
7.406558411965203e-161
8.622834090349289e-161
9.354586178843122e-161
9.610243398554173e-161
9.418614932087634e-161
8.825896103852742e-161
7.892156275437375e-161
6.687508191555548e-161
5.288155328259048e-161
3.772502630296567e-161
2.2174975882501853e-161
6.9534432808883e-162
-7.292951659752581e-162
-2.00152977483704e-161
-3.0778472371464924e-161
-3.927082504777668e-161
-4.530757484385886e-161
-4.882830106654836e-161
-4.988913633141704e-161
-4.8650454443975525e-161
-4.536097830777721e-161
-4.033931367082588e-161
-3.3953943767151954e-161
-2.6602700837472915e-161
-1.8692668039665766e-161
-1.0621365812556568e-161
-2.759947857696419e-162
4.56101825366497e-162
1.1062773813201237e-161
1.652635049914378e-161
2.0797230343349295e-161
2.3786757712477917e-161
2.547051455772622e-161
2.5883986906012815e-161
2.5115942915402485e-161
2.3300008762048278e-161
2.0604967469663095e-161
1.7224318099319913e-161
1.3365620179096789e-161
9.240113519614487e-162
5.053050042607622e-162
9.95105899824918e-163
-2.764836743083448e-162
-6.085333953476042e-162
-8.856332954893551e-162
-1.100140119058978e-161
-1.247827810127369e-161
-1.3277866568500522e-161
-1.3421840238955556e-161
-1.2959089406405499e-161
-1.1961260808335647e-161
-1.0517665307273816e-161
-8.729832333839269e-162
-6.705982107676174e-162
-4.555667448208574e-162
-2.3848082465784535e-162
-2.9130547032232657e-163
1.6386198542306877e-162
3.333261614381463e-162
4.737381584634429e-162
5.813268237195764e-162
6.540929862038407e-162
6.917486419018513e-162
6.955854609882676e-162
6.682844003039187e-162
6.136798201017968e-162
5.364923899802042e-162
4.4204524734173873e-162
3.3597739437045686e-162
2.2396726283404277e-162
1.114778356426003e-162
3.53279904442926e-164
-9.546897396618418e-163
-1.8189562196530093e-162
-2.529785274850293e-162
-3.0686219530185783e-162
-3.426094746698554e-162
-3.601656586592562e-162
-3.6028651765974543e-162
-3.4443649551416666e-162
-3.146640934841826e-162
-2.734618856039769e-162
-2.236186623158164e-162
-1.6807091601025716e-162
-1.0976030313900218e-162
-5.15028935037362e-163
4.124994681492378e-164
5.488071462831607e-163
9.892651172558812e-163
1.3487680365811656e-162
1.618214435786783e-162
1.793259604034012e-162
1.874107064139293e-162
1.8651161404163278e-162
1.7742585065427654e-162
1.6124605193648996e-162
1.392870101498263e-162
1.1300870103614104e-162
8.393936792483842e-163
5.3602065595748256e-163
2.3447626347108747e-163
-5.203523520047365e-164
-3.1208865361464116e-163
-5.3639404150136576e-163
-7.18028229150729e-163
-8.525420042298738e-163
-9.379486572824632e-163
-9.746044039651062e-163
-9.649950961067482e-163
-9.134465701433208e-163
-8.257779018612612e-163
-7.089177412629253e-163
-5.705038362650814e-163
-4.184849035120127e-163
-2.607422855644455e-163
-1.047464870593533e-163
4.273913500848897e-164
1.7589837545513608e-163
2.9003999389946833e-163
3.8171070217919694e-163
4.48743785644406e-163
4.9024663046945076e-163
5.065328597459476e-163
4.9900675420769036e-163
4.700091001549075e-163
4.2263454520191185e-163
3.6053095487900906e-163
2.8769117591918686e-163
2.082470712324577e-163
1.2627475931522192e-163
4.561874145494479e-164
-3.025888434616502e-164
-9.839955771570616e-164
-1.564368719133892e-163
-2.0265148709844443e-163
-2.359927493449384e-163
-2.5606886438807215e-163
-2.6310871224067814e-163
-2.578993849670474e-163
-2.4170426122854355e-163
-2.161668876487711e-163
-1.832061215389329e-163
-1.4490791682797932e-163
-1.0341883005867964e-163
-6.084581913243244e-164
-1.9166243239701126e-164
1.98488089807917e-164
5.469559006124791e-164
8.418177285690836e-164
1.074530179053336e-163
1.240023283029703e-163
1.3366322869026465e-163
1.3658843414393137e-163
1.3321617714527783e-163
1.2422672476407497e-163
1.1049183931155899e-163
9.302001622118802e-164
7.29002810987367e-164
5.124715719443398e-164
2.9149142571550562e-164
7.622683565456527e-165
-1.2426779828373504e-164
-3.0235567111706712e-164
-4.520363800400632e-164
-5.69073793565076e-164
-6.510349840749973e-164
-6.972459964304099e-164
-7.08673422802394e-164
-6.877432845010737e-164
-6.381105293551572e-164
-5.64393519017608e-164
-4.71888219759034e-164
-3.662764690926326e-164
-2.5334174142660524e-164
-1.3870437215762536e-164
-2.758632943143767e-165
7.538653668674509e-165
1.6633916661594222e-164
2.4225566476102178e-164
3.0104047616355784e-164
3.4153363487081445e-164
3.6348328027427225e-164
3.674802612540683e-164
3.548609211637123e-164
3.2758505263542086e-164
2.8809652199231523e-164
2.3917419855816382e-164
1.8378060999338468e-164
1.2491521992190946e-164
6.547843799091901e-165
8.151481973713333e-166
-4.470392230267741e-165
-9.11232322405598e-165
-1.295926351624219e-164
-1.5907811368027572e-164
-1.7903080592303825e-164
-1.8937042150734532e-164
-1.9044929782511985e-164
-1.830003209756532e-164
-1.680723786553751e-164
-1.4695725549826333e-164
-1.2111193080472304e-164
-9.208010844819894e-165
-6.141651991207463e-165
-3.0617120057440684e-165
-1.0577711920077488e-166
2.605658382787513e-165
4.973089205600701e-165
6.920637758242626e-165
8.397423715206689e-165
9.377710745415024e-165
9.85992699295491e-165
9.86469764503928e-165
9.4320600254777e-165
8.618053498116498e-165
7.490887951045285e-165
6.126896123360869e-165
4.606467308485363e-165
3.0101441409379603e-165
1.4150416309712523e-165
-1.0828008165728853e-166
-1.4983889662938254e-165
-2.704933040748686e-165
-3.689936916021835e-165
-4.42844075922969e-165
-4.908508802821248e-165
-5.130660170373056e-165
-5.10679593209272e-165
-4.858712389307708e-165
-4.416301330333142e-165
-3.815543374696373e-165
-3.0964007432207346e-165
-2.300711282653814e-165
-1.4701769337911212e-165
-6.445277923706063e-166
1.40071707630177e-166
8.523242931328774e-166
1.4667760194919135e-165
1.9644512876553913e-165
2.3331473386695537e-165
2.5674038854801605e-165
2.6681766132678626e-165
2.642253976135295e-165
2.50146476617021e-165
2.261729197463841e-165
1.9420087337517708e-165
1.563209718225425e-165
1.1470932691905637e-165
7.152392049841993e-166
2.881053416096313e-166
-1.1578420371576726e-166
-4.804966201456262e-166
-7.931777795979968e-166
-1.0443621416723412e-165
-1.2281064191477338e-165
-1.3419559396637064e-165
-1.3867592974730803e-165
-1.3663522953410665e-165
-1.287136196805172e-165
-1.1575778818573843e-165
-9.87660632693413e-166
-7.883140416056463e-166
-5.70850056103448e-166
-3.4642962709370246e-166
-1.255810077692274e-166
8.22133115903712e-167
2.6884852012450218e-166
4.278403911376904e-166
5.544759180970673e-166
6.458727869620686e-166
7.009527353193307e-166
7.203372378554293e-166
7.061766871907393e-166
6.619262437045328e-166
5.920827800081026e-166
5.018978531469226e-166
3.970814407257313e-166
2.835103440474966e-166
1.6695378257793306e-166
5.282688667205128e-167
-5.401934298853653e-167
-1.494653785943446e-166
-2.302439971268536e-166
-2.940131690443525e-166
-3.3938181638054153e-166
-3.658912722806319e-166
-3.739569976863126e-166
-3.647764874427907e-166
-3.402102958190821e-166
-3.0264371804446674e-166
-2.548368860668816e-166
-1.9977089597224407e-166
-1.404971181510141e-166
-7.999609746602392e-167
-2.105148570703357e-167
3.385667609749547e-167
8.263622911078367e-167
1.2364288085544393e-166
1.5571529223613318e-166
1.781858118913696e-166
1.9086843527288193e-166
1.9402644182074408e-166
1.8832285704396245e-166
1.7475738189681597e-166
1.54593724286545e-166
1.2928136102692591e-166
1.003756656965999e-166
6.9460078492261e-167
3.8073593812040705e-167
7.646329584489579e-168
-2.055464866927187e-167
-4.5467713520192484e-167
-6.626638729523597e-167
-8.237613191386434e-167
-9.347856241735814e-167
-9.950395771431843e-167
-1.0061338686100066e-166
-9.717211809267524e-167
-8.971622345001415e-167
-7.891443202689376e-167
-6.5527322281951e-167
-5.036588551141648e-167
-3.425134913248227e-167
-1.797793340372325e-167
-2.2799441711136766e-168
1.2195706095967243e-167
2.491078926548189e-167
3.545044295934561e-167
4.35311492237176e-167
4.9002222039392334e-167
5.18412849803606e-167
5.214444599077527e-167
5.011205157062063e-167
4.603102411550653e-167
4.0254852906541614e-167
3.318232294673265e-167
2.5236030355995322e-167
1.6841654085886556e-167
8.408838459343182e-168
3.143976463685135e-169
-7.111609621806515e-168
-1.3596560171028359e-167
-1.8932501773374245e-167
-2.2979913670081892e-167
-2.5668118568312457e-167
-2.6992610141045945e-167
-2.7009674444949667e-167
-2.582877165012303e-167
-2.3603204376799834e-167
-2.0519630470725553e-167
-1.6786982215080192e-167
-1.2625332895257682e-167
-8.255208365836296e-168
-3.8877796036385843e-168
2.8370355034704856e-169
4.090962607171318e-168
7.396040082007612e-168
1.0094854950082269e-167
1.2118957650489585e-167
1.3435558669335877e-167
1.4045974973241848e-167
1.3982696491413931e-167
1.330531893103447e-167
1.2095618670350173e-167
1.0452060234545047e-167
8.484027506487948e-168
6.306057518868646e-168
4.0323320531197707e-168
1.771649334180319e-168
-3.769418970567248e-169
-2.3277083614608728e-168
-4.010907732503035e-168
-5.374530184016457e-168
-6.385107575715369e-168
-7.027633027689872e-168
-7.304669440936262e-168
-7.234754828312504e-168
-6.850234378638685e-168
-6.194663619898676e-168
-5.3199338777589385e-168
-4.28327078209686e-168
-3.1442494897522045e-168
-1.9619574399561808e-168
-7.924178953679035e-169
3.136335783763801e-169
1.312550945361947e-168
2.169113571431096e-168
2.8573762369082183e-168
3.3610365923905847e-168
3.673344458862885e-168
3.7965956126639447e-168
3.7412675085585627e-168
3.5248654130001195e-168
3.1705544763013477e-168
2.705656388266133e-168
2.160088631052097e-168
1.5648203094155963e-168
9.504115675859414e-169
3.4569425024846944e-169
-2.2335965252346088e-169
-7.345474786849281e-169
-1.1701017177952414e-168
-1.517103228450226e-168
-1.76764483873665e-168
-1.918759124919895e-168
-1.972133447543941e-168
-1.9336428030445835e-168
-1.8127365437016468e-168
-1.6217184531353365e-168
-1.3749610601298705e-168
-1.0880945403910119e-168
-7.772082801268173e-169
-4.5809940479327624e-169
-1.455976040180105e-169
1.4701026880989816e-169
4.084387430501356e-169
6.297349605948e-169
8.044786482460995e-169
9.288530389110922e-169
1.0015944788192647e-168
1.0238331799314848e-168
9.9884134866898e-169
9.317076570358684e-169
8.289586864007393e-169
6.981485841825987e-169
5.474377913021583e-169
3.8518042410685337e-169
2.19537860178179e-169
5.813343718279857e-170
-9.223990422126926e-170
-2.2585054518797193e-169
-3.3819262996935446e-169
-4.260823434960241e-169
-4.8768750635552155e-169
-5.224947974544137e-169
-5.312213143864387e-169
-5.156790817137748e-169
-4.786024759354962e-169
-4.23449338340384e-169
-3.541868045560607e-169
-2.750726269279224e-169
-1.9044205710092915e-169
-1.0450926118078027e-169
-2.119083968639139e-170
5.604259307412765e-170
1.2428256057975108e-169
1.8126418139096746e-169
2.2541224833217843e-169
2.5585287062912977e-169
2.723930662975777e-169
2.754719106341928e-169
2.6608780275213646e-169
2.4570708550261782e-169
2.161596388294676e-169
1.795271699107185e-169
1.3802976449477512e-169
9.391587178827722e-170
4.936030711671641e-170
6.374114941697639e-171
-3.327071452488425e-170
-6.809959221398092e-170
-9.697558357880738e-170
-1.1912131051903779e-169
-1.341230786222134e-169
-1.4191854529132726e-169
-1.4276986256382902e-169
-1.3722470887868124e-169
-1.2606795704586583e-169
-1.102669088954249e-169
-9.091306503999885e-170
-6.916330144031326e-170
-4.6183108658275284e-170
-2.3094234414201512e-170
-9.286776843540314e-172
1.940946303458419e-170
3.7173259278483835e-170
5.17927921129859e-170
6.2885477638934174e-170
7.025722311564023e-170
7.38951354646371e-170
7.395281730153012e-170
7.072952675311527e-170
6.464464156276879e-170
5.6208954572737864e-170
4.599433930839426e-170
3.460326687947296e-170
2.2639537133549077e-170
1.0681418310190352e-170
-7.418179275006687e-172
-1.1169212816166057e-170
-2.0222782187960794e-170
-2.7617266410786572e-170
-3.31649507116303e-170
-3.677575790938767e-170
-3.845300798498823e-170
-3.828539762548068e-170
-3.643587370447081e-170
-3.312815544489402e-170
-2.863170054839074e-170
-2.324591246536898e-170
-1.728435239553011e-170
-1.1059655028456675e-170
-4.8697569316669e-171
1.0140629876363413e-171
6.356953897390029e-171
1.0967826045797101e-170
1.4704126978264647e-170
1.7474064916988052e-170
1.9236396011654503e-170
1.999799025172428e-170
1.9809471129204794e-170
1.875928459768993e-170
1.6966592483104105e-170
1.4573404266776354e-170
1.1736360008066841e-170
8.618557832009179e-171
5.381784267435169e-171
2.179457671307371e-171
-8.49462767605771e-172
-3.5854140129135987e-171
-5.931890727469904e-171
-7.817776695762195e-171
-9.19835496930518e-171
-1.005506336924827e-170
-1.039411194381846e-170
-1.0244119564441226e-170
-9.652957045940745e-171
-8.684003530614679e-171
-7.412031440224371e-171
-5.918933604252027e-171
-4.289495157183785e-171
-2.6073937357401543e-171
-9.515859216309328e-172
6.067925500771317e-172
2.0069188066517894e-171
3.200107916662529e-171
4.150946403991213e-171
4.837742281141278e-171
5.252329282793034e-171
5.399288412977815e-171
5.294670411793102e-171
4.964317808865826e-171
4.441894651432562e-171
3.7667358331124595e-171
2.981626505769859e-171
2.1306158405166347e-171
1.25695909260937e-171
4.012683207480925e-172
-4.000639056544197e-172
-1.1161209943507095e-171
-1.7223703104201655e-171
-2.201211804393353e-171
-2.542173277489975e-171
-2.7417734222117455e-171
-2.803086712129491e-171
-2.735054550359834e-171
-2.551594583246419e-171
-2.2705646513228493e-171
-1.9126395286068346e-171
-1.5001575626184973e-171
-1.0559908463389777e-171
-6.024869897490048e-172
-1.6052333462368583e-172
2.512939680983981e-172
6.172627494142513e-172
9.250356226661267e-172
1.1658841646187595e-171
1.334780505992174e-171
1.4303081093723562e-171
1.4544200865423936e-171
1.4120686142031688e-171
1.31073273137294e-171
1.1598740034654782e-171
9.703502479670951e-172
7.538168290722834e-172
5.221430918624024e-172
2.8686851172980993e-172
5.8719303632764425e-173
-1.5279819137263162e-172
-3.397158016712652e-172
-4.958268474076869e-172
-6.168126026483676e-172
-7.002744604249364e-172
-7.456783249941157e-172
-7.542210939828741e-172
-7.286317130824387e-172
-6.729211321023579e-172
-5.920965469467634e-172
-4.9185559729004394e-172
-3.782757567294371e-172
-2.5751308070497534e-172
-1.3552286879414528e-172
-1.781276865981758e-173
9.076347568481622e-173
1.8616592065836004e-172
2.652787892354688e-172
3.25970592628396e-172
3.671055797418615e-172
3.885101102590973e-172
3.908992409692521e-172
3.757701315856031e-172
3.4526978929375347e-172
3.0204517419139346e-172
2.4908379292548364e-172
1.8955264407369114e-172
1.2664278893764023e-172
6.342595903962093e-173
2.72853791654945e-174
-5.2972964835550246e-173
-1.0163212856343306e-172
-1.4168702149369524e-172
-1.7208855189776564e-172
-1.9230371043970187e-172
-2.022956767440741e-172
-2.024836218092253e-172
-1.9368569865923552e-172
-1.7704916398018576e-172
-1.5397181121025767e-172
-1.2601892804222008e-172
-9.48398344129777e-173
-6.208773371218554e-173
-2.9346148497020337e-173
1.9353554629244344e-174
3.0494092392038306e-173
5.529443950506058e-173
7.555457368638089e-173
9.075971094190923e-173
1.0066239993206995e-172
1.0527094792336944e-172
1.0482749232599712e-172
9.97775621254416e-173
9.073319503863585e-173
7.843178755703625e-173
6.3692860537358805e-173
4.737483134363517e-173
3.0333706982419395e-173
1.338536618553293e-173
-2.727201204195113e-174
-1.7360664149623236e-173
-2.9991448746923458e-173
-4.0228837023182564e-173
-4.782107598762604e-173
-5.2654815541115094e-173
-5.4748462521773626e-173
-5.424025817224808e-173
-5.137205201235694e-173
-4.646985372759721e-173
-3.9922296238110184e-173
-3.2158140121638626e-173
-2.3623896758397024e-173
-1.47625514842797e-173
-5.9942365860168775e-174
2.3004540470829374e-174
9.793992145526664e-174
1.622195113022475e-173
2.1389400737443832e-173
2.5173683890105585e-173
2.7523757776666274e-173
2.845641796508358e-173
2.8049835583764107e-173
2.643492038082912e-173
2.3785075556630823e-173
2.03049338039537e-173
1.6218659433512107e-173
1.1758371379594153e-173
7.153189756505461e-174
2.619338638029954e-174
-1.6483455328227946e-174
-5.483242220968607e-174
-8.751949487914818e-174
-1.1357393369942836e-173
-1.3240065806427424e-173
-1.4377494041291625e-173
-1.4782114089927557e-173
-1.4497777014279689e-173
-1.3595158032376347e-173
-1.2166364329813186e-173
-1.0319047996565377e-173
-8.170326603962513e-174
-5.8407969562005315e-174
-3.448899352585201e-174
-1.1058524756351185e-174
1.088664814258708e-174
3.0499564453428243e-174
4.710798121397863e-174
6.022942487383536e-174
6.957656731125528e-174
7.505350370931208e-174
7.674386415469018e-174
7.489197403247013e-174
6.987848379791481e-174
6.219201395788488e-174
5.239840730703517e-174
4.1109152253150445e-174
2.895044595549363e-174
1.653421384290092e-174
4.4322044241592627e-175
-6.845952256572727e-175
-1.6870084644152837e-174
-2.5301837921723973e-174
-3.1901922978063486e-174
-3.6532365676225363e-174
-3.915407825547541e-174
-3.982025479757712e-174
-3.866623536964699e-174
-3.5896585552616005e-174
-3.177019847517984e-174
-2.6584246035921073e-174
-2.065778728790052e-174
-1.4315789035484104e-174
-7.87423178147445e-175
-1.626869336058492e-175
4.1659107667962915e-175
9.285809660011341e-175
1.356273970858986e-174
1.687829518498268e-174
1.916664085802085e-174
2.0412996800811583e-174
2.0649989179349097e-174
1.9952208579730737e-174
1.842936804457813e-174
1.6218481962164078e-174
1.347549482557366e-174
1.0366777083824905e-174
7.060876022892126e-175
3.7208656135818597e-175
4.975837350947726e-176
-2.4760184405005516e-175
-5.089258335779015e-175
-7.256747963610495e-175
-8.920044281027834e-175
-1.0047966757237359e-174
-1.0635680441356808e-174
-1.0702689218352882e-174
-1.0289920023075155e-174
-9.45610381393711e-175
-8.273672912271989e-175
-6.824397225603589e-175
-5.194974682227097e-175
-3.4727750808345826e-175
-1.7419129697584862e-175
-7.979579008580395e-177
1.4457398648412722e-175
2.7786265880455276e-175
3.876057802633247e-175
4.709266205174568e-175
5.263614646492423e-175
5.538053385367568e-175
5.544021173583756e-175
5.303885739263557e-175
4.8490315838071753e-175
4.217709534493109e-175
3.4527634015581736e-175
2.5993448089406265e-175
1.702718428644669e-175
8.062472258187016e-176
-5.036820671280522e-177
-8.325396467245287e-176
-1.5118925279933672e-175
-2.0669991223811365e-175
-2.4837421697405325e-175
-2.755324000088026e-175
-2.881950628933326e-175
-2.8702322201052206e-175
-2.7323503857906634e-175
-2.4850488680182974e-175
-2.1485072033409313e-175
-1.7451571318878637e-175
-1.2984990105156573e-175
-8.319706626092842e-176
-3.679143540778271e-176
7.332061353007576e-177
4.7411137018925004e-176
8.201123323626721e-176
1.1006144371012085e-175
1.3087129948467027e-175
1.441292858502543e-175
1.498846966020533e-175
1.485150341680047e-175
1.4068161826350376e-175
1.2727636363067904e-175
1.0936282905456235e-175
8.811463211609517e-176
6.475417997679777e-176
4.049440377987101e-176
1.648582462889689e-176
-6.229153330710246e-177
-2.6753307155772036e-176
-4.4362103306380415e-176
-5.852123676501985e-176
-6.889426448440559e-176
-7.534083005038794e-176
-7.79063513679258e-176
-7.680434787279611e-176
-7.2392810661541e-176
-6.514616452488842e-176
-5.5624435569103104e-176
-4.4441225868579215e-176
-3.2232014439831425e-176
-1.962416129484254e-176
-7.209799824614697e-177
4.47742510590337e-177
1.4981067042587245e-176
2.3935590694022054e-176
3.1074901333895727e-176
3.6235749957736465e-176
3.9356295319459705e-176
4.047029482453761e-176
3.969755011061043e-176
3.7231346306167266e-176
3.332369484107545e-176
2.8269218713031226e-176
2.238850853359385e-176
1.6011731294244836e-176
9.463196679837897e-177
3.047483920508646e-177
-2.9623877908876824e-177
-8.334393537876974e-177
-1.288432556666712e-176
-1.6479922702826904e-176
-1.9042350424673184e-176
-2.05451893657548e-176
-2.1011187095200292e-176
-2.050710562773616e-176
-1.913705344867054e-176
-1.703472520052405e-176
-1.4354984897313093e-176
-1.126522087071185e-176
-7.936874666980555e-177
-4.537504500476571e-177
-1.2236897896377592e-177
1.864979798758293e-177
4.6106559357675655e-177
6.920619516472453e-177
8.729269722744188e-177
9.998744067909647e-177
1.071825736356926e-176
1.0902296887198648e-176
1.0587850126883177e-176
9.830869467841377e-177
8.702194760931426e-177
7.283160103904722e-177
5.661106075862391e-177
3.9250042032233234e-177
2.1613780322449363e-177
4.506765006515764e-178
-1.1357778608073282e-177
-2.5381791603614823e-177
-3.7099166935592077e-177
-4.618527443183692e-177
-5.245941540881794e-177
-5.588069419882883e-177
-5.653804443383369e-177
-5.46353446756088e-177
-5.0472696737872805e-177
-4.442501955580019e-177
-3.6919133193854357e-177
-2.8410475451732806e-177
-1.9360513494760342e-177
-1.0215792582942772e-177
-1.3894120325670585e-178
6.754455590454702e-178
1.3912572790198585e-177
1.9850933735398263e-177
2.4409294488439465e-177
2.750205368416143e-177
2.911575230147568e-177
2.930358829839497e-177
2.817744075915507e-177
2.589796683184252e-177
2.2663372625951795e-177
1.869746730428799e-177
1.4237589999660486e-177
9.52295511482812e-178
4.783897039200237e-178
2.3241492051121474e-179
-3.94567323655097e-178
-7.596755237593604e-178
-1.0603514768922947e-177
-1.2887068767497941e-177
-1.4407222017592904e-177
-1.5160986413325495e-177
-1.5179576772387508e-177
-1.4524144713163827e-177
-1.3280545965739547e-177
-1.1553454406440873e-177
-9.46013863538575e-178
-7.124205242282984e-178
-4.669588741985646e-178
-2.2150336313934092e-178
1.3072847324662974e-179
2.2729515611006876e-178
4.133893488491888e-178
5.654826529863818e-178
6.797036100575129e-178
7.541848705219997e-178
7.889769709652056e-178
7.858844175272906e-178
7.48237886647733e-178
6.806180199428274e-178
5.88547129717678e-178
4.781651776920155e-178
3.559057068503601e-178
2.2818608658718537e-178
1.0112458667638392e-178
-1.970544798170079e-179
-1.2947655937251962e-178
-2.2425815449288979e-178
-3.011150249005777e-178
-3.58153465529802e-178
-3.945173670910125e-178
-4.1033867238848114e-178
-4.0664823846256346e-178
-3.8525439115270907e-178
-3.485972756430104e-178
-2.9958749565979394e-178
-2.4143751407143377e-178
-1.7749389405760788e-178
-1.110777417041955e-178
-4.533972703667991e-179
1.6865122902089032e-179
7.30789790464572e-179
1.2131660834609707e-178
1.601134797460452e-178
1.885467477342279e-178
2.062304703063805e-178
2.1328744523112797e-178
2.1030088334598023e-178
1.9824975949552352e-178
1.784320810400086e-178
1.5238049168822118e-178
1.2177459553700122e-178
8.835416184903995e-179
5.383698135106135e-179
1.984462089521032e-179
-1.2161300279870282e-179
-4.0930376697493334e-179
-6.546100428541181e-179
-8.502377747782503e-179
-9.917085554785016e-179
-1.077320660358024e-178
-1.1079903595423423e-178
-1.0869906301576968e-178
-1.0196074930441909e-178
-9.127361424474959e-179
-7.744398355956784e-179
-6.1349422269458054e-179
-4.389385308956753e-179
-2.596529069967394e-179
-8.39784374125283e-180
8.060691916310882e-180
2.27746843660494e-179
3.523936873485897e-179
4.5092176176423643e-179
5.2116808546048835e-179
5.6240489788324665e-179
5.752509100425387e-179
5.6153038806191786e-179
5.240907098931205e-179
4.665899781456876e-179
3.9326662205270925e-179
3.087027135214339e-179
2.1759201227034553e-179
1.2452261699114762e-179
3.378261980127824e-180
-5.080456568268177e-180
-1.2601040917060113e-179
-1.8929413892623124e-179
-2.3885731990902968e-179
-2.736609454630082e-179
-2.93407445498775e-179
-2.9849136574593096e-179
-2.899235440137069e-179
-2.6923437665370215e-179
-2.3836222321638678e-179
-1.9953314582535116e-179
-1.5513804129831677e-179
-1.0761282885339594e-179
-5.932674349937651e-180
-1.248300040367853e-180
3.0964812066935065e-180
6.937823277171071e-180
1.0147994639928698e-179
1.2637992394257014e-179
1.4358220274829869e-179
1.5297363786895467e-179
1.5479664285134465e-179
1.496084772354046e-179
1.3823001843935987e-179
1.2168717390295807e-179
1.0114814935707392e-179
7.785970156388945e-180
5.308528514039013e-180
2.8047673889672526e-180
3.8782213140779285e-181
-1.8425551613607693e-180
-3.8032864547006594e-180
-5.430242510068758e-180
-6.6794864267732786e-180
-7.527517832593552e-180
-7.970591150919282e-180
-8.023216200524429e-180
-7.71597648076463e-180
-7.092819311282708e-180
-6.207982395698289e-180
-5.122723611968203e-180
-3.9020154876963715e-180
-2.6113537721957057e-180
-1.3138118672034762e-180
-6.745087908497755e-182
1.076829951678596e-180
2.076944341549438e-180
2.9007404540235278e-180
3.526587752102809e-180
3.943448285535852e-180
4.150472716951251e-180
4.1561790474373915e-180
3.977285602462074e-180
3.637279122709106e-180
3.1648037240632993e-180
2.5919571965473303e-180
1.952577927493911e-180
1.2805991286337148e-180
6.085376011189597e-181
-3.382735535587136e-182
-6.20542394157609e-181
-1.130307327127178e-180
-1.5470264616556784e-180
-1.8600829008920795e-180
-2.0643470097913324e-180
-2.159941081776622e-180
-2.1517911835708472e-180
-2.049003972351631e-180
-1.8641108470630176e-180
-1.6122241017113427e-180
-1.3101498812870015e-180
-9.75500877903418e-181
-6.258480966139492e-181
-2.779459741071846e-181
5.294100612520793e-182
3.5358892735266303e-181
6.132282393389206e-181
8.238139463220226e-181
9.801523203843833e-181
1.0798906217202588e-180
1.1233818297113124e-180
1.1134409138125089e-180
1.0550125846420803e-180
9.547727061210747e-181
8.206866184782262e-181
6.615475708250845e-181
4.865173875015515e-181
3.046895283658736e-181
1.2469201164872516e-181
-4.5655570525206187e-182
-1.9962030974760848e-181
-3.317626417317432e-181
-4.3806829010089903e-181
-5.160059470610652e-181
-5.645143960846843e-181
-5.839255951090607e-181
-5.758325261923509e-181
-5.429123220749987e-181
-4.887162752968169e-181
-4.1743882426638684e-181
-3.336775224428211e-181
-2.4219538411876505e-181
-1.4769593453896562e-181
-5.461985865866714e-182
3.302956376350114e-182
1.1182693020075753e-181
1.7902774563945965e-181
2.3263260320485112e-181
2.714129469555052e-181
2.949005141778502e-181
3.0334398670527273e-181
2.9763753588758995e-181
2.7922679603401757e-181
2.499983344857944e-181
2.1215890602836573e-181
1.6811070185284166e-181
1.203284571972334e-181
7.124370511225546e-182
2.3140701491568234e-182
-2.1932351999971538e-182
-6.223414388857577e-182
-9.638152214670674e-182
-1.2338057498657818e-181
-1.4263784820014304e-181
-1.53952876606538e-181
-1.5749393568460425e-181
-1.5375950213156153e-181
-1.4352833538261215e-181
-1.2780135073314947e-181
-1.0773855105215795e-181
-8.459422757266342e-182
-5.965344628102129e-182
-3.417252518201536e-182
-9.325802866092347e-183
1.3839473825566243e-182
3.443882900164543e-182
5.177601841160825e-182
6.535800513867697e-182
7.48996707570104e-182
8.031891854918275e-182
8.172319566074619e-182
7.938875464403378e-182
7.373418517429951e-182
6.528987150764239e-182
5.4665072175295914e-182
4.2514280729300644e-182
2.950441836589476e-182
1.6284241666114855e-182
3.4571339563175097e-183
-8.441799607808784e-183
-1.89636813498533e-182
-2.7758477377244964e-182
-3.4582171551715555e-182
-3.929863810753728e-182
-4.187657686453934e-182
-4.2382063029227036e-182
-4.0967411318036795e-182
-3.7857158424710856e-182
-3.3332027732077604e-182
-2.7711756728302296e-182
-2.1337643747081454e-182
-1.4555610872181823e-182
-7.700489806998578e-183
-1.0821237491602444e-183
5.026252132090116e-183
1.039702895709948e-182
1.4854460912961047e-182
1.8278078736499313e-182
2.0603366689486386e-182
2.1819903723692402e-182
2.1967264950955276e-182
2.1129053789432572e-182
1.942548674595437e-182
1.7004981341395598e-182
1.4035203869017304e-182
1.0694019106163034e-182
7.1607511724143564e-183
3.6081164485427363e-183
1.9512927322305097e-184
-2.938787310020966e-183
-5.678326447463583e-183
-7.93537257399715e-183
-9.650612707035863e-183
-1.0793735953937723e-182
-1.1362331408366315e-182
-1.1379642984595949e-182
-1.0891377010731825e-182
-9.961783856889028e-183
-8.669248381054995e-183
-7.101625942553034e-183
-5.351552046361689e-183
-3.511935623965451e-183
-1.6718201178355464e-183
8.723528234772217e-185
1.6941377892875368e-183
3.090528110826887e-183
4.2322923329508385e-183
5.0903152808000195e-183
5.650505927206073e-183
5.913155089544868e-183
5.891710157031665e-183
5.611070272372822e-183
5.105517916924604e-183
4.416409181320911e-183
3.589745385396093e-183
2.6737436268946905e-183
1.7165139739635215e-183
7.639372117278662e-184
-1.4217974793086782e-184
-9.65612485057033e-184
-1.676853209355436e-183
-2.2538517434210375e-183
-2.6823636688313567e-183
-2.955923328400357e-183
-3.075474505219555e-183
-3.0487039972516685e-183
-2.889132656027226e-183
-2.615024602205998e-183
-2.248178267444174e-183
-1.8126627814549947e-183
-1.3335602897162471e-183
-8.357694171966464e-184
-3.4291773004863645e-184
1.2357781531395074e-184
5.452732889840638e-184
9.072642275217923e-184
1.1985475246615748e-183
1.4121799845099659e-183
1.5452436546793463e-183
1.5986357635511528e-183
1.5767073533197498e-183
1.4867793723187892e-183
1.3385679939224873e-183
1.1435522725942273e-183
9.143170108980155e-184
6.639020381800123e-184
4.051861873707624e-184
1.5033033468420746e-184
-8.970080344738129e-185
-3.0552357104175814e-184
-4.896177851307791e-184
-6.36502789090802e-184
-7.428083136602725e-184
-8.072458742133865e-184
-8.304903561842201e-184
-8.149846055459515e-184
-7.646821716608034e-184
-6.847448127475997e-184
-5.812119779860604e-184
-4.606592705701365e-184
-3.29861950703118e-184
-1.9547796048474103e-184
-6.376286699229917e-185
5.967333912648869e-185
1.7006034414615929e-184
2.636080513969968e-184
3.375918502497018e-184
3.9038349589306197e-184
4.214308169406242e-184
4.3119146363340724e-184
4.210275059710287e-184
3.9306885142507215e-184
3.5005416133920906e-184
2.951582102802573e-184
2.318144791801597e-184
1.6354124318411926e-184
9.377856390948854e-185
2.574248811651886e-185
-3.769853871066526e-185
-9.412144171143528e-185
-1.416183141214238e-184
-1.788375088716712e-184
-2.0499662386145774e-184
-2.1986917502054265e-184
-2.2374776566350668e-184
-2.1738736509637545e-184
-2.0193288602328394e-184
-1.7883559268522256e-184
-1.4976298441960438e-184
-1.1650669682098933e-184
-8.089266759776768e-185
-4.4697355863482513e-185
-9.573216043645313e-186
2.30140522601131e-185
5.183469133074166e-185
7.592947370176438e-185
9.462939023392172e-185
1.0756082181505545e-184
1.1463718930749266e-184
1.1603859153399549e-184
1.1218134594784812e-184
1.036796325391233e-184
9.130160584927082e-185
7.592238567025022e-185
5.847627206712898e-185
3.9910366988177045e-185
2.114153844980452e-185
3.0183520038904615e-186
-1.371076281840539e-185
-2.8422226468326342e-185
-4.06344091000121e-185
-5.001700041271621e-185
-5.639288615947604e-185
-5.973307988091922e-185
-6.014551983292002e-185
-5.78587445683688e-185
-5.32016020742405e-185
-4.6580225720478355e-185
-3.845352739392117e-185
-2.9308418472742055e-185
-1.9635879295275865e-185
-9.908865717689355e-186
-5.628766333997527e-187
8.020181005943845e-186
1.5524392867727467e-185
2.1708269065522404e-185
2.640916818024058e-185
2.954385534920336e-185
3.1105495597852855e-185
3.1157516118556315e-185
2.982487334531243e-185
2.7283330468655665e-185
2.3747388116739617e-185
1.9457516411518527e-185
1.4667312914017302e-185
9.631161609264463e-186
4.592897400211874e-186
-2.241064908469676e-187
-4.6251090363450285e-186
-8.450214736947518e-186
-1.1578519514142442e-185
-1.3930179784143321e-185
-1.5466488128945577e-185
-1.6188120256168714e-185
-1.6131785067718667e-185
-1.5365560857155025e-185
-1.398323500156993e-185
-1.209798190504111e-185
-9.835715046156348e-186
-7.328435106930846e-186
-4.707869191345017e-186
-2.099658377266489e-186
3.816951312981251e-187
2.6369614447742348e-186
4.585291416020809e-186
6.166248760961576e-186
7.340766581613238e-186
8.091076590418498e-186
8.419700772525937e-186
8.347629191858819e-186
7.911833272242594e-186
7.16228073468967e-186
6.158626439505704e-186
4.966753050135644e-186
3.6553274273684715e-186
2.2925239795681483e-186
9.43046050122524e-187
-3.3444782989126215e-187
-1.4894329369557032e-186
-2.481070920387474e-186
-3.279202380042781e-186
-3.864782692213251e-186
-4.229788710802703e-186
-4.376645082136505e-186
-4.317236084228221e-186
-4.071581706312295e-186
-3.666264922865048e-186
-3.1327008081794826e-186
-2.5053375025595593e-186
-1.8198744722400071e-186
-1.1115755362561608e-186
-4.137434043196048e-187
2.43590311706058e-187
8.34719744662179e-187
1.3390388817315644e-186
1.7415244930852923e-186
2.0329310323582225e-186
2.209713155636975e-186
2.273702253128611e-186
2.2315720598881048e-186
2.0941347996847307e-186
1.875513328890467e-186
1.5922364076143119e-186
1.2623036579444227e-186
9.042641870247672e-187
5.363485400184415e-187
1.7568794173193224e-187
-1.6235194393774893e-187
-4.647028761290337e-187
-7.20979287324077e-187
-9.237122146269213e-187
-1.0684343050501633e-186
-1.1536246835370038e-186
-1.1805279396367142e-186
-1.1528658635213128e-186
-1.0764637426684457e-186
-9.588149768032632e-187
-8.08608498428131e-187
-6.352430696996564e-187
-4.483510786252973e-187
-2.5735212961540607e-187
-7.105369266508614e-188
1.0268746463538515e-187
2.5723318769207915e-187
3.8735527608033476e-187
4.893482336871016e-187
5.610650582152793e-187
6.018809723567947e-187
6.125927778607744e-187
5.952637181015364e-187
5.53025315368104e-187
4.898485885142928e-187
4.102973672630747e-187
3.1927614059358014e-187
2.2178407030402836e-187
1.226855472254174e-187
2.6506059900247337e-188
-6.273971509699185e-188
-1.41682701883167e-187
-2.076942511898433e-187
-2.5894017156225673e-187
-2.943950112470677e-187
-3.13819308948204e-187
-3.177039429667291e-187
-3.0718681766406635e-187
-2.839479100018999e-187
-2.5008914984256984e-187
-2.0800573382664549e-187
-1.6025529577234315e-187
-1.0943091004330368e-187
-5.804323071630389e-188
-8.416217635837919e-189
3.7400076683212385e-188
7.769723399410045e-188
1.1115535347774198e-187
1.3686877132984856e-187
1.5435126148711024e-187
1.6352221684023576e-187
1.6467602645107035e-187
1.5843742193992915e-187
1.4570595399713826e-187
1.275929750398514e-187
1.0535455141439843e-187
8.03236202729133e-188
5.38444602485653e-188
2.72121838252584e-188
1.61950856097733e-189
-2.188744840777614e-188
-4.244315493959921e-188
-5.938578364696534e-188
-7.226935853873996e-188
-8.086531548387178e-188
-8.515429978259347e-188
-8.530938722456404e-188
-8.167219494112832e-188
-7.472353973129424e-188
-6.505040334555284e-188
-5.331097948892145e-188
-4.019951267204485e-188
-2.6412504096459364e-188
-1.2617666412322584e-188
5.732290771073554e-190
1.2626738028662494e-188
2.3104771680931784e-188
3.167596571084949e-188
3.8121362803054503e-188
4.2334636548211316e-188
4.431730691756565e-188
4.4169581478335255e-188
4.2077596834141725e-188
3.829792895570123e-188
3.314028882667571e-188
2.6949322965505302e-188
2.0086400519059672e-188
1.2912194891855062e-188
5.7707645653146194e-189
-1.0242880549419004e-189
-7.201141778476868e-189
-1.2538276152331313e-188
-1.6870044464921552e-188
-2.0089301738964408e-188
-2.214721955776933e-188
-2.3050533078039814e-188
-2.2856558653194328e-188
-2.1666390724026808e-188
-1.9616732842213725e-188
-1.687083985492742e-188
-1.3609047440896062e-188
-1.0019343325735854e-188
-6.288394358153552e-189
-2.593388518472236e-189
9.050154402922652e-190
4.068411761327971e-189
6.7849031314735375e-189
8.971823070391555e-189
1.0576933896440435e-188
1.1578175708241084e-188
1.1982099651431858e-188
1.1821165791653217e-188
1.115012101168368e-188
1.0041694945847989e-188
8.58186211126118e-189
6.864916693101168e-189
4.988593964187664e-189
3.0494505287080538e-189
1.1386862264176083e-189
-6.614444450200527e-190
-2.2805221119411304e-189
-3.662084401981769e-189
-4.764950651964189e-189
-5.563757963191077e-189
-6.0487513403121745e-189
-6.2249000913661336e-189
-6.1104364286587234e-189
-5.734929718927967e-189
-5.137020838279004e-189
-4.3619456531329894e-189
-3.458975113660993e-189
-2.4788923931313036e-189
-1.4716157129265508e-189
-4.840598807804124e-190
4.416888474343787e-190
1.26983014191932e-189
1.971905649992155e-189
2.5274407724397976e-189
2.924178657846021e-189
3.1579304249699215e-189
3.2320806002991094e-189
3.1567987452547964e-189
2.9480169661759313e-189
2.626238339471821e-189
2.2152432925602647e-189
1.7407598502429333e-189
1.2291597007471912e-189
7.062356691108397e-190
1.9610789319982235e-190
-2.7970369087064836e-190
-7.030134848984087e-190
-1.0594947659086293e-189
-1.3389890567999357e-189
-1.535604763752868e-189
-1.6476184755754158e-189
-1.6771999330233317e-189
-1.6299877165754546e-189
-1.5145470341298407e-189
-1.3417435676024401e-189
-1.1240681932585113e-189
-8.749466320104235e-190
-6.080658825774876e-190
-3.3674586172356566e-190
-7.33802769532753e-191
1.710343352899097e-190
3.8726797466765116e-190
5.681171469680722e-190
7.085531444328821e-190
8.057614830130317e-190
8.590799249533973e-190
8.698463815627547e-190
8.411710311767131e-190
7.776491361470863e-190
6.850322801371411e-190
5.69876095078759e-190
4.391820654088094e-190
3.000497769424263e-190
1.593541352752098e-190
2.3459748007847877e-191
-1.020180092496231e-190
-2.1239859376053095e-190
-3.0406483729357774e-190
-3.745335442046832e-190
-4.2246990311491503e-190
-4.4764981026102356e-190
-4.508761646401518e-190
-4.3385672325156093e-190
-3.990521679319841e-190
-3.495036255864607e-190
-2.886490147471848e-190
-2.201372962483596e-190
-1.4764903339518305e-190
-7.473067892112266e-191
-4.648772653019848e-192
5.973116954521068e-191
1.1603779180527752e-190
1.6245729163184693e-190
1.977667696037457e-190
2.213385906891675e-190
2.3311800768955814e-190
2.335772920961684e-190
2.2365038478744117e-190
2.04652603718756e-190
1.781902252494201e-190
1.4606479830649994e-190
1.1017687428989e-190
7.243346673683815e-191
3.4663025864066626e-191
-1.4589388889084138e-192
-3.447119102042901e-191
-6.317343653505742e-191
-8.665749951429962e-191
-1.0432292875590821e-190
-1.1587765656856247e-190
-1.2132494064062266e-190
-1.2093832379502862e-190
-1.1522673100539839e-190
-1.0489208130439483e-190
-9.078192337140118e-191
-7.383961254680583e-191
-5.505444368890036e-191
-3.541395271029803e-191
-1.5860317016125684e-191
2.747559232842299e-192
1.9665074640007366e-191
3.428528069179609e-191
4.615416543877246e-191
5.49778736726411e-191
6.062222349869662e-191
6.31051901334234e-191
6.258328275793206e-191
5.933293274801824e-191
5.372813832320295e-191
4.6215671540681697e-191
3.728915145867479e-191
2.7463227609961776e-191
1.7249008158573964e-191
7.131716345513318e-192
-2.4486228018125564e-192
-1.1112865368898561e-191
-1.8554412351737008e-191
-2.4546676456740222e-191
-2.8946374930658075e-191
-3.16928544137965e-191
-3.280381222597518e-191
-3.23679074129765e-191
-3.0534851077318744e-191
-2.750362748803172e-191
-2.3509525349601785e-191
-1.8810654048454135e-191
-1.3674585623646716e-191
-8.365703623923015e-192
-3.1337597062362323e-192
1.795956894175819e-192
6.2305374947611456e-192
1.001527013969921e-191
1.3037273355480322e-191
1.522697049052331e-191
1.655752136435199e-191
1.7042408603076122e-191
1.6731441146459535e-191
1.5705485403647565e-191
1.4070264726573057e-191
1.1949580425188743e-191
9.478303397575268e-192
6.795466182877024e-192
4.0377529934763896e-192
1.333642568331224e-192
-1.2015917137512773e-192
-3.469875232935042e-192
-5.3932269786325936e-192
-6.9155202170144186e-192
-8.003126589786917e-192
-8.644509237407135e-192
-8.848871568615833e-192
-8.644001144813957e-192
-8.07347204702332e-192
-7.193383740493301e-192
-6.068819978499908e-192
-4.770208216595013e-192
-3.36974920222354e-192
-1.93806899310508e-192
-5.412229692207512e-193
7.61845112386608e-193
1.92131481623574e-192
2.8979269776911468e-192
3.663832568824145e-192
4.202864535825722e-192
4.510269209071987e-192
4.591954742401703e-192
4.463330590183329e-192
4.1478239088518425e-192
3.675165841594464e-192
3.0795430026242475e-192
2.3977074139629665e-192
1.667132126987272e-192
9.242903834780927e-193
2.031241349586575e-193
-4.662461979892578e-193
-1.0585339052987397e-192
-1.5539987068772981e-192
-1.93885368296812e-192
-2.205374166418998e-192
-2.351728897542605e-192
-2.3815643346713544e-192
-2.3033813444242095e-192
-2.1297493866969066e-192
-1.8764067051753424e-192
-1.5612959946667784e-192
-1.203583704490348e-192
-8.227078022668682e-193
-4.3749378296040555e-193
-6.537233089633175e-194
2.7827527701744814e-193
5.806257968122234e-193
8.317664449895176e-193
1.0248886830124302e-192
1.1563281477125606e-192
1.2254619285948035e-192
1.2344797683119237e-192
1.1880499504046725e-192
1.0929035533440755e-192
9.573623701425445e-193
7.908361556875881e-193
6.033140594142244e-193
4.0487326302465517e-193
2.0522514021873443e-193
1.3315880453662851e-194
-1.6300532221731044e-193
-3.172415117288938e-193
-4.444217914950607e-193
-5.411928883137085e-193
-6.05831336718247e-193
-6.381824357056646e-193
-6.395348551466818e-193
-6.124418715458232e-193
-5.60501651553037e-193
-4.881097689418431e-193
-4.001972592706492e-193
-3.0196703557904705e-193
-1.9864048006849514e-193
-9.522457992044842e-194
3.691808735593817e-195
9.410599870094488e-194
1.72729376709765e-193
2.37072892564199e-193
2.8548992089151014e-193
3.171781902353351e-193
3.3214414464605024e-193
3.311344834921221e-193
3.1554067915476915e-193
2.872829804364988e-193
2.486807696868417e-193
2.023161672062536e-193
1.50897494507542e-193
9.712865691064771e-194
4.3589732822029915e-194
-7.366885129933328e-195
-5.370150717729002e-194
-9.37511438181006e-194
-1.2627142041894898e-193
-1.504564137777864e-193
-1.659373930661179e-193
-1.7276229928761403e-193
-1.7135849605619673e-193
-1.6248185206189842e-193
-1.4715556310997734e-193
-1.2660228887093122e-193
-1.0217317425325446e-193
-7.527716237842867e-194
-4.7313706011286306e-194
-1.961157183959407e-194
6.624065053918526e-195
3.035459167541942e-194
5.07399264915067e-194
6.715899883902409e-194
7.921879973907701e-194
8.675256659481435e-194
8.980809820446275e-194
8.862754974896011e-194
8.36203210743774e-194
7.533082155346709e-194
6.440297144735094e-194
5.1543287470062743e-194
3.748430721713616e-194
2.2949944189812158e-194
8.62414543808289e-195
-4.8760381217826725e-195
-1.7022147718756592e-194
-2.7390259132764694e-194
-3.567095027499043e-194
-4.167335605674447e-194
-4.532362935778287e-194
-4.665834783899396e-194
-4.581358474297152e-194
-4.301049337183014e-194
-3.853833774690389e-194
-3.2735936478971083e-194
-2.59724756519066e-194
-1.8628593901184184e-194
-1.107855467222521e-194
-3.6742037782879e-195
3.268727562668649e-195
9.48156516055634e-195
1.4750627212329453e-194
1.8922054547631895e-194
2.1903583542108247e-194
2.3663440891434847e-194
2.4226651834722655e-194
2.3669143419213086e-194
2.2110089909659834e-194
1.9702987627963988e-194
1.6625961716696295e-194
1.3071798985698821e-194
9.238171477857978e-195
5.318467772459009e-195
1.4935869671052388e-195
-2.075022288999971e-195
-5.250874297412813e-195
-7.926388250141064e-195
-1.0025217377173076e-194
-1.1502998078987524e-194
-1.2346619052739867e-194
-1.2572167554368509e-194
-1.222175529465133e-194
-1.1359459028875257e-194
-1.0066630303324931e-194
-8.436835316901204e-195
-6.570680243294273e-195
-4.57076090761447e-195
-2.536950063725153e-195
-5.62202586152681e-196
1.2709792536269955e-195
2.8933194833775695e-195
4.250722378646544e-195
5.305389208470302e-195
6.0361188826046835e-195
6.437847978710148e-195
6.520514646557062e-195
6.307353715462002e-195
5.8327464812632894e-195
5.139757967787565e-195
4.2774971080248556e-195
3.2984317168546417e-195
2.2557810131034167e-195
1.2010946647979386e-195
1.821098820040634e-196
-7.5904195137306805e-196
-1.5872291267506804e-195
-2.275285872928905e-195
-2.804544271233555e-195
-3.1649448753454764e-195
-3.354756650552958e-195
-3.379951573490953e-195
-3.253290709719626e-195
-2.9931865783236424e-195
-2.622411059784603e-195
-2.1667191075099466e-195
-1.6534563303493531e-195
-1.1102134898689212e-195
-5.635835632397964e-196
-3.8067787573983753e-197
4.448334111927283e-196
8.673199187875686e-196
1.2157685413898744e-195
1.4809843987232343e-195
1.6582349504199526e-195
1.7470834723050335e-195
1.751046265972089e-195
1.6771036465504485e-195
1.5350986984038673e-195
1.3370598950467513e-195
1.096484009462069e-195
8.27614429413006e-196
5.447472357390827e-196
2.6159344394862966e-196
-9.279072760812421e-198
-2.569059733883445e-196
-4.72276991671872e-196
-6.485703623830342e-196
-7.812705348896771e-196
-8.681737981583971e-196
-9.092910170751472e-196
-9.066604623807862e-196
-8.64086604963691e-196
-7.868226871269653e-196
-6.81215872524151e-196
-5.543338492395341e-196
-4.135909909964992e-196
-2.6639067480220725e-196
-1.197982383693563e-196
1.974351763196777e-197
1.4664726577128407e-196
2.563565540687881e-196
3.454607540175652e-196
4.1174955850768226e-196
4.542097113373922e-196
4.729689830713111e-196
4.691943222480015e-196
4.449525568565104e-196
4.0304297401877867e-196
3.468115652652358e-196
2.799567119283667e-196
2.0633564038936905e-196
1.2978015631185985e-196
5.392903861746929e-197
-1.791688626603803e-197
-8.291248162028019e-197
-1.3875592535038132e-196
-1.8374487928101305e-196
-2.1680136624314364e-196
-2.374668908297954e-196
-2.458705284300324e-196
-2.42673674971119e-196
-2.2899587245757146e-196
-2.0632659154604558e-196
-1.764280630098715e-196
-1.4123421723795956e-196
-1.0275053684097818e-196
-6.295918191940698e-197
-2.3733146458694496e-197
1.3237512600800089e-197
4.650512329336384e-197
7.490809744264843e-197
9.759827215443902e-197
1.1405206168158401e-196
1.240662904190965e-196
1.2774018300847072e-196
1.2544547634528543e-196
1.1778697885171052e-196
1.055561295337132e-196
8.968020427487958e-197
7.116978646598848e-197
5.106697533794361e-197
3.039656418052202e-197
1.0122100890473949e-197
-8.89163421367106e-198
-2.5908612052871015e-197
-4.034330714628423e-197
-5.1773948936742317e-197
-5.99474016863671e-197
-6.477616247449245e-197
-6.632827473055881e-197
-6.481120135287503e-197
-6.055088104099763e-197
-5.39673017012953e-197
-4.5547966634562483e-197
-3.582060659204413e-197
-2.532641012908252e-197
-1.4594914459230226e-197
-4.121529163802579e-198
5.651533493176971e-198
1.4350364034425404e-197
2.1680162034321545e-197
2.7431626884705994e-197
3.148302217721056e-197
3.3798186964106556e-197
3.44209236769573e-197
3.3466316766025514e-197
3.1109625384950355e-197
2.757344668274654e-197
2.311386415709283e-197
1.8006280256192518e-197
1.253158746278877e-197
6.963261947267418e-198
1.5558737684405697e-198
-3.464596794853092e-198
-7.908360051649106e-198
-1.162717371560916e-197
-1.45174075920959e-197
-1.6520873596464958e-197
-1.7623572716342308e-197
-1.785259002908003e-197
-1.7271431444065717e-197
-1.5974140114796e-197
-1.407855603749826e-197
-1.1719089665455546e-197
-9.039370636396353e-198
-6.185107802294492e-198
-3.2974590494657726e-198
-5.071616506091797e-199
2.070380938645789e-198
4.338918812044555e-198
6.224004839342231e-198
7.674454700155852e-198
8.66265329448598e-198
9.18379120636835e-198
9.254155241836918e-198
8.908628511902113e-198
8.197577442223548e-198
7.183315297028382e-198
5.9363345830148106e-198
4.531494721165028e-198
3.0443376435215715e-198
1.5476837499154523e-198
1.0863538941907465e-199
-1.2139137420387235e-198
-2.3711956029423136e-198
-3.325874637761387e-198
-4.052737983492384e-198
-4.538790456509545e-198
-4.782800288827986e-198
-4.794362039486903e-198
-4.592558896216003e-198
-4.204317398820471e-198
-3.662553398887635e-198
-3.0042089885784158e-198
-2.26827655386424e-198
-1.493898572060283e-198
-7.186209473801291e-199
2.313568150842736e-200
7.013373158908552e-199
1.2912973094008794e-198
1.7743192046515494e-198
2.1380200133665242e-198
2.3763465573146897e-198
2.489310021118984e-198
2.4824742309890054e-198
2.3662410895341708e-198
2.1549819216376147e-198
1.8660662024661917e-198
1.5188393456516676e-198
1.133599129854239e-198
7.306162227959908e-199
3.2923847613289045e-199
-5.288839097919756e-200
-4.004590074733581e-199
-7.009890869659911e-199
-9.451306642048017e-199
-1.1268218180581078e-198
-1.2432782011016058e-198
-1.2948400867457358e-198
-1.2846938895872294e-198
-1.2184910775404707e-198
-1.1038900078142112e-198
-9.500474809197056e-199
-7.670867756376637e-199
-5.655677136501495e-199
-3.5598205887348114e-199
-1.4829446958639082e-199
4.8454500926474886e-200
2.2647099883406316e-199
3.794480407196927e-199
5.027195697704813e-199
5.933288319814561e-199
6.500152661312671e-199
6.731273575926339e-199
6.644715578024539e-199
6.2710935192393735e-199
5.651158357107493e-199
4.833137413923468e-199
3.869967648813046e-199
2.8165535280590146e-199
1.7271688963915337e-199
6.531058070634762e-200
-3.59346351087138e-200
-1.270529748952495e-199
-2.048615918499207e-199
-2.6703557387636163e-199
-3.121386132952508e-199
-3.39611725922148e-199
-3.497240556962466e-199
-3.434911404030449e-199
-3.225670023492053e-199
-2.891170509292345e-199
-2.4567904505780214e-199
-1.950192813852709e-199
-1.3999078162496656e-199
-8.339959276846985e-200
-2.788443917293262e-200
2.418606762986173e-200
7.079558791317765e-200
1.1033968109205626e-199
1.4166215934357732e-199
1.6406851901957466e-199
1.7731778718231824e-199
1.8159496406676581e-199
1.7746691803169676e-199
1.6582508180857987e-199
1.4781860125495162e-199
1.247817029763999e-199
9.815898578087558e-200
6.943212057484117e-200
4.0051087164210014e-200
1.1372611708720558e-200
-1.5392074964567457e-200
-3.921862963036695e-200
-5.929922044521429e-200
-7.506006198864701e-200
-8.616710384387129e-200
-9.252061937041666e-200
-9.42398700999648e-200
-9.163936174758359e-200
-8.519845252389017e-200
-7.552622050094576e-200
-6.332354606934366e-200
-4.934432400145369e-200
-3.435759680062244e-200
-1.9112209164553693e-200
-4.305336840215818e-201
9.444042569201934e-201
2.1615978208590124e-200
3.180423183893735e-200
3.9724688217781374e-200
4.5217646435841136e-200
4.82444065390107e-200
4.887878355580489e-200
4.729435247856117e-200
4.374834912632884e-200
3.8563221990393333e-200
3.210685033784276e-200
2.4772417345635774e-200
1.6958858966260173e-200
9.05270610606061e-201
1.4120070514773874e-201
-5.6471329851849176e-201
-1.1861019525512899e-200
-1.702563226551101e-200
-2.1000632642165145e-200
-2.371021246101942e-200
-2.514101228912112e-200
-2.533744884730578e-200
-2.4394876819699825e-200
-2.2451070570908354e-200
-1.9676544762598763e-200
-1.6264240546946545e-200
-1.2419087720444077e-200
-8.347915691200093e-201
-4.250130798901215e-201
-3.0950837863180826e-202
3.312630792782276e-201
6.482674087925899e-201
9.098300271193796e-201
1.1090374465198325e-200
1.2423213215839986e-200
1.3093345314340843e-200
1.312695007951278e-200
1.2576198074458306e-200
1.1514748888731422e-200
1.0032676493590513e-200
8.231095232693923e-201
6.216749753282576e-201
4.096811583715186e-201
1.974095448683746e-201
-5.712814454123423e-203
-1.9145888120541718e-201
-3.530649260921769e-201
-4.8540680516909945e-201
-5.850887423708462e-201
-6.5044806097945725e-201
-6.814827399279724e-201
-6.797115100623185e-201
-6.4797837497857846e-201
-5.902149011708467e-201
-5.111743680832383e-201
-4.161519274288279e-201
-3.1070434813648717e-201
-2.003817971560444e-201
-9.048252360924014e-202
1.416061697345785e-202
1.0935502547311021e-201
1.916801177077831e-201
2.5857377545261822e-201
3.0837347959701277e-201
3.403141235358872e-201
3.5448625551807476e-201
3.517599356547132e-201
3.336804794063292e-201
3.0234307608198353e-201
2.6025361758744838e-201
2.1018306518487853e-201
1.5502235056215524e-201
9.764419405222405e-202
4.077737833956655e-202
-1.3102002668956718e-202
-6.185893314022669e-202
-1.0376530363465656e-201
-1.3754216414539071e-201
-1.6237851744342917e-201
-1.7792779783569906e-201
-1.8428407244677915e-201
-1.8194072869875288e-201
-1.7173495454733046e-201
-1.5478166867042623e-201
-1.3240071687084515e-201
-1.060411275505903e-201
-7.7206029659541785e-202
-4.738150340679096e-202
-1.7972184116226195e-202
9.754097314492786e-203
3.4710946709570127e-202
5.60262387614085e-202
7.306268931614649e-202
8.542628995241479e-202
9.296325441015369e-202
9.574658059373539e-202
9.405369885973867e-202
8.833694819643146e-202
7.918879280893911e-202
6.730376339917637e-202
5.343908525007311e-202
3.8375847992361026e-202
2.2882391569412475e-202
7.68134357639351e-203
-6.57853959124819e-203
-1.9344885303965398e-202
-3.017804965413488e-202
-3.87610906499069e-202
-4.490346497394446e-202
-4.853881364411991e-202
-4.971743297696505e-202
-4.859421241917179e-202
-4.541295574423121e-202
-4.0488085067518664e-202
-3.418475882036191e-202
-2.6898418160098444e-202
-1.903471609300282e-202
-1.0990686187243334e-202
-3.137880604444493e-203
4.1919415785012966e-203
1.0718156739497148e-202
1.6219397618861325e-202
2.0538364577579543e-202
2.358339307089104e-202
2.5326981349175904e-202
2.580159986183286e-202
2.5093197159993634e-202
2.333288417173174e-202
2.068731879957261e-202
1.734832636546543e-202
1.3522280135563368e-202
9.41973259283659e-203
5.245735654099017e-203
1.1912205678204354e-203
-2.5742699678393063e-203
-5.90828949176765e-203
-8.69951394534353e-203
-1.0870049709704242e-202
-1.2376066106989448e-202
-1.320686559344388e-202
-1.3382564537400642e-202
-1.2950604451374997e-202
-1.1981346823405402e-202
-1.0563023949196785e-202
-8.796323732334535e-203
-6.788879202411354e-203
-4.649914897693873e-203
-2.485274053896236e-203
-3.930147926431372e-204
1.5402775682004163e-203
3.24235908675358e-203
4.657318625749528e-203
5.746677860487413e-203
6.489626282517303e-203
6.882453708254556e-203
6.937273082726482e-203
6.680149986365642e-203
6.148771722632023e-203
5.389798059218551e-203
4.4560378216074534e-203
3.4035910965297614e-203
2.289086544799851e-203
1.1671281928461381e-203
8.804715101903964e-205
-9.039678477721778e-204
-1.772310206508988e-203
-2.4889379622559368e-203
-3.0348940464654793e-203
-3.400380226517736e-203
-3.584419077556852e-203
-3.594153688317601e-203
-3.44384666299875e-203
-3.1536481127434326e-203
-2.748206688880105e-203
-2.2551984207310665e-203
-1.703845459548606e-203
-1.1234911991358238e-203
-5.422901427541221e-204
1.393911789860979e-205
5.226607489554079e-204
9.653432753353934e-204
1.327942957644188e-203
1.6011476137107136e-203
1.780390277983446e-203
1.8656514963433203e-203
1.8610768327074483e-203
1.7744421095271403e-203
1.6165029080588802e-203
1.4002669024473863e-203
1.140227768330522e-203
8.515978430826672e-204
5.495736360846443e-204
2.4866395765800497e-204
-3.7894848201518275e-205
-2.9861800495175644e-204
-5.2413342196858665e-204
-7.074187787376897e-204
-8.439145280330776e-204
-9.315182720709989e-204
-9.704707610337782e-204
-9.631477004631986e-204
-9.137745307681992e-204
-8.280833075654568e-204
-7.129317639535558e-204
-5.759046183249955e-204
-4.2491628648112555e-204
-2.678324795205799e-204
-1.1212585864404658e-204
3.5421869630526243e-205
1.6896213558692023e-204
2.837599345166896e-204
3.7630971389759005e-204
4.443870265510174e-204
4.870390764715508e-204
5.045197274960935e-204
4.981765357111904e-204
4.702988544617488e-204
4.239370224889796e-204
3.627030828552531e-204
2.9056341776216203e-204
2.1163316702955478e-204
1.2998138713429706e-204
4.945467683416019e-205
-2.6474473971428425e-205
-9.482997816717163e-205
-1.5322214532640798e-204
-1.999041117561608e-204
-2.3379503626508753e-204
-2.5447183573136833e-204
-2.6213247867974206e-204
-2.575348606220553e-204
-2.4191602744107447e-204
-2.168969818816107e-204
-1.8437850556545444e-204
-1.4643336900620047e-204
-1.0520000921191694e-204
-6.278226124020358e-205
-2.1159075249564656e-205
1.7892623195619123e-205
5.285962025430798e-205
8.253721828368351e-205
1.060565960292155e-204
1.228949830267049e-204
1.328696462522229e-204
1.3611732003885626e-204
1.3306121764755508e-204
1.2436813274605387e-204
1.1089836662109904e-204
9.36513041391632e-205
7.370941625108963e-205
5.218330237205739e-205
3.0160119597945433e-205
8.657397833502131e-206
-1.1416167210222745e-205
-2.9291794513348746e-205
-4.436287993787987e-205
-5.619819727987494e-205
-6.454621723044136e-205
-6.933110167586649e-205
-7.06412525583014e-205
-6.87115502330143e-205
-6.390060013842637e-205
-5.6664416550679915e-205
-4.752800958618538e-205
-3.7056310904129718e-205
-2.5825781847918403e-205
-1.4397904255282921e-205
-3.2955695851975743e-206
7.016832004823829e-206
1.6149052482992732e-205
2.379602374985542e-205
2.974419148680299e-205
3.387326100066051e-205
3.6153664492170577e-205
3.6640222632343193e-205
3.5462602058686457e-205
3.281326162818917e-205
2.8933633105854025e-205
2.4099297321362396e-205
1.8604897172167062e-205
1.2749478010821896e-205
6.822868808898717e-206
1.0936196744634519e-206
-4.201101109517651e-206
-8.863368152257515e-206
-1.2739958874149402e-205
-1.5725372820060984e-205
-1.776248235440352e-205
-1.8840985586700904e-205
-1.899391533502477e-205
-1.8292522656223337e-205
-1.6839898626574171e-205
-1.4763723293467194e-205
-1.220853659904054e-205
-9.327913971616554e-206
-6.276901242741798e-206
-3.2050221618577216e-206
-2.501200057218757e-207
2.466764214905197e-206
4.8453374410131076e-206
6.80874849552324e-206
8.305016439786491e-206
9.307236768065809e-206
9.812659333845864e-206
9.840773968841289e-206
9.43057225328693e-206
8.637176191533192e-206
7.528036512500374e-206
6.178905290906257e-206
4.6697803269053754e-206
3.0810033288878605e-206
1.48967178433349e-206
-3.350297106092014e-208
-1.4267899129575827e-206
-2.6394159725083354e-206
-3.6328915276568403e-206
-4.3816799988311283e-206
-4.873237177937204e-206
-5.107471679862019e-206
-5.095699217856685e-206
-4.8591796990473497e-206
-4.427337115005844e-206
-3.8357678266042785e-206
-3.124143314496395e-206
-2.334109199927016e-206
-1.5072739236590686e-206
-6.833686263624125e-207
1.013546845199903e-207
8.15435807770771e-207
1.4331960860472656e-206
1.935388586253158e-206
2.3095085443206788e-206
2.549778961409701e-206
2.656839374347669e-206
2.637176610191365e-206
2.50234449322196e-206
2.2680248626633433e-206
1.9529848755448318e-206
1.577985529353775e-206
1.1646938690962517e-206
7.346467573974738e-207
3.0830776586219474e-207
-9.574888271435549e-208
-4.6150188031165656e-207
-7.759773669136987e-207
-1.0295667726409118e-206
-1.2161687834373285e-206
-1.3331639676173337e-206
-1.3812372940055161e-206
-1.3640692268547303e-206
-1.2879201610150908e-206
-1.1611355982927645e-206
-9.936006672035608e-207
-7.961724212480592e-207
-5.801169381653175e-207
-3.5657575194572735e-207
-1.3608278191325301e-207
7.185109798424081e-208
2.5907314816567403e-207
4.190354390530731e-207
5.469496388686132e-207
6.398508026378238e-207
6.965750077444343e-207
7.176590895174792e-207
7.05173485531432e-207
6.625012325523663e-207
5.940774458973659e-207
5.051041536041287e-207
4.012551958465485e-207
2.883851000519302e-207
1.7225449340049775e-207
5.828282283213899e-208
-4.866296495877087e-208
-1.4443745349123348e-207
-2.2573957345074785e-207
-2.9018766159380705e-207
-3.363474624978007e-207
-3.637157995969352e-207
-3.7266437595646844e-207
-3.6434955547402155e-207
-3.405949890507458e-207
-3.0375457456200423e-207
-2.5656347936156673e-207
-2.0198483135080868e-207
-1.4305923533851668e-207
-8.27635429445646e-208
-2.3884352466978487e-208
3.1089399067634268e-208
8.005160296918298e-208
1.2134000707029632e-207
1.5377243639247168e-207
1.7665869299060116e-207
1.8978965805802467e-207
1.9340600091829386e-207
1.8814960023476195e-207
1.750012868384518e-207
1.5520881925450721e-207
1.3020910599491448e-207
1.0154860516753071e-207
7.080558135097376e-208
3.951750718830441e-208
9.116392109106194e-209
-1.9125765139349014e-208
-4.413983713608628e-208
-6.508982807836998e-208
-8.139025540034736e-208
-9.271096838484665e-208
-9.897024936530395e-208
-1.0031749091222574e-207
-9.710709514933041e-208
-8.986549143413184e-208
-7.925331364159248e-208
-6.602482064264163e-208
-5.098659004903331e-208
-3.495737635529399e-208
-1.8730813603397368e-208
-3.0423750488551294e-209
1.145830535020348e-208
2.4228975464607436e-208
3.4849734475285025e-208
4.303132026410736e-208
4.861691088323202e-208
5.157790706103729e-208
5.200438997824963e-208
5.00911259095045e-208
4.612011312396353e-208
4.044073570485208e-208
3.344860521044678e-208
2.556413810589705e-208
1.7211840260169629e-208
8.801156599311511e-209
7.09602333714232e-210
-6.731269290676736e-209
-1.3246680207554567e-208
-1.862601405094493e-208
-2.2726737628880624e-208
-2.5474975732236926e-208
-2.68629959385422e-208
-2.694397532137853e-208
-2.5824510035504684e-208
-2.3655389878657146e-208
-2.0621192779407346e-208
-1.692925965549656e-208
-1.2798590291192955e-208
-8.449158804400299e-209
-4.0920866569093294e-209
7.896374744923362e-211
3.894896508708369e-209
7.216602222857579e-209
9.93859266683142e-209
1.1990839661237632e-208
1.3338888037022576e-208
1.398238319468875e-208
1.395221213503895e-208
1.3306501498135404e-208
1.2125746251555428e-208
1.0507358113318238e-208
8.559924130714445e-209
6.397454193853502e-209
4.133873251882226e-209
1.8779815982607466e-209
-2.709329737633934e-210
-2.22669171662818e-209
-3.9189375544228365e-209
-5.294918134430472e-209
-6.320338678188193e-209
-6.979325266663401e-209
-7.273575176416961e-209
-7.220800438463026e-209
-6.852593151494696e-209
-6.211855862206581e-209
-5.349947511709703e-209
-4.3236953603909714e-209
-3.1924165609630884e-209
-2.015080510676311e-209
-8.477258228057486e-210
2.5877511882762003e-210
1.260534293317232e-209
2.1220035002034162e-209
2.816846097890084e-209
3.3283271824552346e-209
3.649245517408776e-209
3.7814488603045253e-209
3.734989276882673e-209
3.5269862113773803e-209
3.1802723151301654e-209
2.721900336776324e-209
2.181588931278521e-209
1.590181387608544e-209
9.781844643988874e-210
3.7444531004293434e-210
-1.9498656083571393e-210
-7.0777742035427e-210
-1.1459854706937176e-209
-1.496485426037818e-209
-1.7511439307729353e-209
-1.906759047425641e-209
-1.9647863839435677e-209
-1.9308819791843332e-209
-1.8142976440684363e-209
-1.6271679827705777e-209
-1.3837298102833922e-209
-1.0995142451413223e-209
-7.905495710809683e-210
-4.726092730450153e-210
-1.6053475133759912e-210
1.3234357767413752e-210
3.9466944305922044e-210
6.173973816648175e-210
7.939986510382112e-210
9.20538293162435e-210
9.956307970684908e-210
1.020286558585132e-209
9.97665144860599e-210
9.327541503957195e-210
8.31994143901699e-210
7.028708653802794e-210
5.53495499901869e-210
3.9219262708763596e-210
2.271134530716604e-210
6.588932745415711e-211
-8.466250158000983e-211
-2.1877226260660206e-210
-3.318849595451801e-210
-4.2075975242398444e-210
-4.83502743230723e-210
-5.1953732838733245e-210
-5.295186943676809e-210
-5.152009530353978e-210
-4.79266795077958e-210
-4.251303676143768e-210
-3.567243657006586e-210
-2.7828210034772774e-210
-1.9412462091864456e-210
-1.0846189629873714e-210
-2.5215677358253882e-211
5.212993983251729e-211
1.2064596515952595e-210
1.7804147329490077e-210
2.2271130282749936e-210
2.537493550152417e-210
2.7092980297638218e-210
2.7465974890254482e-210
2.659078335107492e-210
2.461139875619557e-210
2.1708591317765086e-210
1.8088799951017297e-210
1.397282315865628e-210
9.584827143962823e-211
5.142131350830471e-211
8.461583942173874e-212
-3.1251488590170433e-211
-6.623230816349356e-211
-9.533015339514278e-211
-1.1775192447835915e-210
-1.3306713000486907e-210
-1.4119638984627849e-210
-1.4238535301286696e-210
-1.3716641544604202e-210
-1.2631096211184075e-210
-1.1077504787215812e-210
-9.16414765821441e-211
-7.006114793928931e-211
-4.719633214731664e-211
-2.416822281248114e-211
-2.0107308239793575e-212
1.8367959965394013e-211
3.6215026494756254e-211
5.095325964197556e-211
6.219183033274476e-211
6.972789143054153e-211
7.353971698742104e-211
7.3772396187312865e-211
7.071734337955585e-211
6.478705321177843e-211
5.648662004786288e-211
4.638355613154508e-211
3.507738896674543e-211
2.317040336271157e-211
1.124072777612964e-211
-1.8124039898597493e-213
-1.0632307707264266e-211
-1.973133881002289e-211
-2.718922328153495e-211
-3.2813925500726536e-211
-3.6510808423158085e-211
-3.827861530208275e-211
-3.820165340323181e-211
-3.643884614669083e-211
-3.321040265757785e-211
-2.87828961168664e-211
-2.3453546079559748e-211
-1.7534468159073547e-211
-1.1337591567837375e-211
-5.160856366787215e-212
7.238059938630909e-213
6.080326711982441e-212
1.0715934260223507e-211
1.448604420441995e-211
1.7296602122064828e-211
1.910399053324477e-211
1.9912709320739503e-211
1.9771120091539673e-211
1.876560621430618e-211
1.7013540801629707e-211
1.4655474645729663e-211
1.1846955939966168e-211
8.750375212958036e-212
5.527194619302648e-212
2.3308734280573034e-212
-6.992555796289963e-213
-3.4429676897897766e-212
-5.802861400406316e-212
-7.706749311179881e-212
-9.108730476589965e-212
-9.989007869643046e-212
-1.0352564829836564e-211
-1.0226855316324006e-211
-9.658693424287405e-212
-8.710547461053556e-212
-7.456452949995649e-212
-5.977757740535116e-212
-4.3589018693263995e-212
-2.683416195249418e-212
-1.0302986260475766e-212
5.291033612044573e-213
1.933608482029787e-212
3.1340549654156215e-212
4.0944651752841185e-212
4.792527997195615e-212
5.219435132944206e-212
5.379133020759761e-212
5.287072783812808e-212
4.968555900517576e-212
4.4567829640912026e-212
3.7907170008963326e-212
3.012871635259083e-212
2.1671284205030758e-212
1.296677569722714e-212
4.421629093244201e-213
-3.5990398208536934e-213
-1.0784128881429316e-212
-1.6885778024751093e-212
-2.1725018178794373e-212
-2.5193892082531213e-212
-2.7254250496926904e-212
-2.7933557399975176e-212
-2.7318142138277573e-212
-2.5544412686415376e-212
-2.278859114533696e-212
-1.9255550772433026e-212
-1.516732480374611e-212
-1.0751823795413547e-212
-6.2322437279466e-213
-1.817575863019084e-213
2.3054541116267885e-213
5.978781042264946e-213
9.077586512477971e-213
1.1513025599049261e-212
1.323313013658471e-212
1.422200219655522e-212
1.4497477644562817e-212
1.410749225264924e-212
1.3125420722481618e-212
1.1644681684301192e-212
9.772909548424831e-213
7.625987910607627e-213
5.322220502418496e-213
2.9768863184825696e-213
6.97387742343664e-214
-1.420843380812556e-213
-3.2975642585167105e-213
-4.869995469578115e-213
-6.094129930244733e-213
-6.945099899967312e-213
-7.416665175673726e-213
-7.519919231355745e-213
-7.281336548194709e-213
-6.740303176139123e-213
-5.946283486644859e-213
-4.955779298516594e-213
-3.8292335905232565e-213
-2.6280206376535765e-213
-1.4116486224627577e-213
-2.3528073417742497e-214
8.523422776495142e-214
1.8105199066795688e-213
2.607717129716485e-213
3.222188758004949e-213
3.642117466049077e-213
3.865300380259111e-213
3.89843616795576e-213
3.756077886509141e-213
3.459326157816117e-213
3.0343424510606606e-213
2.5107635002027018e-213
1.9200954318430893e-213
1.2941604540155435e-213
6.636604867059712e-214
5.691150707952134e-215
-5.0120971332804156e-214
-9.900777245548146e-214
-1.3938737192373927e-213
-1.701881105806013e-213
-1.9085301366996922e-213
-2.013210769233238e-213
-2.019881587367173e-213
-1.9365093012120516e-213
-1.774377936736113e-213
-1.5473093036880864e-213
-1.270836754252626e-213
-9.613727725211834e-214
-6.3540779062701316e-214
-3.087730915817447e-214
4.004950291078844e-216
2.9023838393612856e-214
5.394847787165301e-214
7.438205267198016e-214
8.9797952183271e-214
9.993624208404113e-214
1.0479269862185333e-213
1.0459743932457985e-213
9.978497382398761e-214
9.095772482469264e-214
7.884518570630435e-214
6.426089190880692e-214
4.805929656687838e-214
3.1094468874361714e-214
1.4182291185189975e-214
-1.9324654242885023e-215
-1.6603139833291963e-214
-2.9301557295001598e-214
-3.963143917652054e-214
-4.7334839259907575e-214
-5.229190933705117e-214
-5.451456682306018e-214
-5.413485897273706e-214
-5.138898624170392e-214
-4.659805849138938e-214
-4.014671195925781e-214
-3.246071459998981e-214
-2.3984637161328553e-214
-1.516057362449958e-214
-6.408765232259959e-215
1.8891740123029773e-215
9.403906569804236e-215
1.5868554111665812e-214
2.1085254918601663e-214
2.4928111054618762e-214
2.734269909865001e-214
2.8342455800499224e-214
2.800236222042043e-214
2.645043388277765e-214
2.3857578882991112e-214
2.0426410815170074e-214
1.637960021635432e-214
1.1948319461434235e-214
7.361285122012377e-215
2.834832846498633e-215
-1.4356225972891907e-215
-5.28248056610579e-215
-8.571034519072663e-215
-1.120266654460951e-214
-1.31161738624674e-214
-1.4287326011322568e-214
-1.4726821491727655e-214
-1.4476869311051058e-214
-1.3606662788725938e-214
-1.2207039514692268e-214
-1.038463263215877e-214
-8.255815424218211e-215
-5.940724883614176e-215
-3.5576223632389536e-215
-1.217812714639876e-215
9.787000838408457e-216
2.946690439695493e-215
4.6182408220730826e-215
5.944291438798404e-215
6.895223877795012e-215
7.460534294397887e-215
7.647687373639313e-215
7.480270897648465e-215
6.995591629817818e-215
6.241866115064366e-215
5.275164992307278e-215
4.1562669650393994e-215
2.947569414918957e-215
1.7101877431927584e-215
5.0135602936963917e-216
-6.277812430792662e-216
-1.6339215343923175e-215
-2.482861475174099e-215
-3.1502450155977635e-215
-3.6218122693727315e-215
-3.8931801201212573e-215
-3.9692037817303103e-215
-3.862982921135067e-215
-3.59458633568172e-215
-3.1895754077113895e-215
-2.6774087104073426e-215
-2.0898084598149819e-215
-1.4591643955777532e-215
-8.170426432316286e-216
-1.9285676551312115e-216
3.8725379742594743e-216
9.01305696683283e-216
1.332095178470156e-215
1.6675572905361674e-215
1.900867158584262e-215
2.0303005896306196e-215
2.058880466319133e-215
1.993842654744867e-215
1.8459603010811139e-215
1.6287683884933218e-215
1.3577313145264266e-215
1.0493951686614197e-215
7.205635539211322e-216
3.8753147886474486e-216
6.540636322190281e-217
-2.324611070629779e-216
-4.949203225599532e-216
-7.133292559011276e-216
-8.817258301252208e-216
-9.968661188676757e-216
-1.0581389122033037e-215
-1.067370855250132e-215
-1.0285400166105317e-215
-9.474182949324032e-216
-8.311645039262355e-216
-6.878903199779556e-216
-5.262206085614921e-216
-3.548680808581624e-216
-1.822399152582068e-216
-1.6091075772388983e-217
1.3676425120149123e-216
2.706752177832473e-216
3.8130657773436344e-216
4.657198326479682e-216
5.223856615860511e-216
5.511328763363916e-216
5.530415144615761e-216
5.302895153021598e-216
4.8596368414399655e-216
4.238463293448874e-216
3.481890751653646e-216
2.6348495148334994e-216
1.7424900207701668e-216
8.481641241362548e-217
-8.3437701106545e-219
-7.922784198566473e-217
-1.4750294446294034e-216
-2.0348807536167335e-216
-2.4573913798712105e-216
-2.735421922204141e-216
-2.8688352986647614e-216
-2.8639125237589025e-216
-2.7325334139750883e-216
-2.4911783329069533e-216
-2.1598102850250838e-216
-1.7606969679530448e-216
-1.3172300278298587e-216
-8.527940605261943e-217
-3.897312683849183e-217
5.156042556829996e-218
4.533671028685862e-217
8.012173146153799e-217
1.0842498264744574e-216
1.295390430270996e-216
1.4313460851064813e-216
1.4924320466691182e-216
1.4822537220045826e-216
1.4072695902244643e-216
1.2762645779064661e-216
1.0997647673256186e-216
8.894243115842116e-217
6.574140592586247e-217
4.158388283789277e-217
1.7620672936520266e-217
-5.103034181254377e-218
-2.568506837477105e-217
-4.339418855677191e-217
-5.768806735436509e-217
-6.8221390785522795e-217
-7.484454743963523e-217
-7.759375853623015e-217
-7.66738076342271e-217
-7.243475891506666e-217
-6.534420218299399e-217
-5.595663122672841e-217
-4.488155373873195e-217
-3.275185245234776e-217
-2.0193777920766752e-217
-7.799764710308057e-218
3.8949627631756146e-218
1.4431277860235933e-217
2.3440075985405616e-217
3.0651037062470024e-217
3.5896273178870482e-217
3.910913098883442e-217
4.031861038261304e-217
3.964001622354636e-217
3.726257483338591e-217
3.3434819687296984e-217
2.84485817878761e-217
2.262241157017348e-217
1.6285214669264513e-217
9.760808457253755e-218
3.3540058742591604e-218
-2.66128571121867e-218
-8.051593259033732e-218
-1.2630812299192788e-217
-1.6264458189412198e-217
-1.8871272233295154e-217
-2.0422334493343804e-217
-2.093793278681522e-217
-2.048251572169108e-217
-1.915811486868599e-217
-1.709665651890644e-217
-1.4451597224225754e-217
-1.1389310671053446e-217
-8.080628411585896e-218
-4.692896227958207e-218
-1.382854564511783e-218
1.7094110439139793e-218
4.4652717523040605e-218
6.791001864349788e-218
8.619831545359364e-218
9.912632346800414e-218
1.0657320427716724e-217
1.0867112008463939e-217
1.057780509697921e-217
9.844289992336465e-218
8.736508164354598e-218
7.335085032790694e-218
5.726857604264999e-218
4.0005039560950805e-218
2.242459595210874e-218
5.332774138813645e-219
-1.0554448989970119e-218
-2.4634817118741735e-218
-3.6436887815897647e-218
-4.562988982303905e-218
-5.20265176418178e-218
-5.557913500394098e-218
-5.637011104176257e-218
-5.459721188044572e-218
-5.055511163212412e-218
-4.461416898943294e-218
-3.719764012528874e-218
-2.875846918684161e-218
-1.975672017352849e-218
-1.0638595898350354e-218
-1.8178397012728157e-219
6.339857047157471e-219
1.352900429250601e-218
1.951277153491365e-218
2.4127691419789653e-218
2.7284716828473927e-218
2.896689203970472e-218
2.9224026563269836e-218
2.8164860269745564e-218
2.594727838481566e-218
2.276717422033802e-218
1.8846567018964874e-218
1.442156408572734e-218
9.730713610764007e-219
5.004231217883238e-219
4.54503847770091e-220
-3.731816025498733e-219
-7.399909683521402e-219
-1.043096704719276e-218
-1.2744414434915985e-218
-1.4298260648387364e-218
-1.5087704679339546e-218
-1.5142213261187715e-218
-1.4521326722115467e-218
-1.3309486144497294e-218
-1.1610193491371102e-218
-9.539819637235706e-219
-7.221364289074382e-219
-4.778448288757062e-219
-2.3297848480745547e-219
1.566573332811997e-221
2.1627008387321134e-219
4.032933237594717e-219
5.566846102807757e-219
6.724838831128955e-219
7.487302412233664e-219
7.853802816589295e-219
7.841483772082841e-219
7.482825491925012e-219
6.822912935492208e-219
5.916375964524386e-219
4.8241646049807206e-219
3.610316171045941e-219
2.3388581537145284e-219
1.0709726310346001e-219
-1.374742296382427e-220
-1.2379589115833907e-219
-2.1908311550574183e-219
-2.966322448237542e-219
-3.545031740945659e-219
-3.917910934154588e-219
-4.085792956992956e-219
-4.058521897311261e-219
-3.853757267909844e-219
-3.495532849798559e-219
-3.0126546448879794e-219
-2.4370224718828237e-219
-1.801955995557594e-219
-1.1405989725833798e-219
-4.844658121604484e-220
1.3781715831753775e-220
7.015363742707627e-220
1.186655998938936e-219
1.5783111784945876e-219
1.8670306412063877e-219
2.04870159580614e-219
2.124300208238921e-219
2.0994193584186343e-219
1.9836316866602524e-219
1.7897300319120532e-219
1.532889246245423e-219
1.2297931452018178e-219
8.97768209143748e-220
5.539618435303055e-220
2.145978448696837e-220
-1.0566445323157467e-220
-3.942477043247382e-220
-6.4103821404916215e-220
-8.386262909214393e-220
-9.824065482255636e-220
-1.070545519752558e-219
-1.1038292094547885e-219
-1.0854074501362737e-219
-1.0204550950872729e-219
-9.157720628565366e-220
-7.793451078583069e-220
-6.198939568883049e-220
-4.464232356549221e-220
-2.677995468820004e-220
-9.237031514576343e-221
7.236223731606608e-221
2.2000218849226163e-220
3.454499948340967e-220
4.450191163301646e-220
5.164802140306876e-220
5.5903706771349704e-220
5.732410365311377e-220
5.608530328591218e-220
5.246635485409977e-220
4.682822425505253e-220
3.9590897731006135e-220
3.1209801063453282e-220
2.2152636657864155e-220
1.2877629407722806e-220
3.8140262860062535e-221
-4.65447645701967e-221
-1.2202891111762536e-220
-1.8574386334859497e-220
-2.3585919196015106e-220
-2.7130123616591825e-220
-2.9173687128298913e-220
-2.975258389618545e-220
-2.8964640199938137e-220
-2.6959986596427217e-220
-2.3929997885470545e-220
-2.0095338316521176e-220
-1.5693717061812348e-220
-1.0967920813037189e-220
-6.15463029601623e-221
-1.474450047466619e-221
2.8765091432330307e-221
6.733253119111476e-221
9.96659046464673e-221
1.248583751436951e-220
1.423958943591409e-220
1.5214686258461465e-220
1.5433571817618254e-220
1.4950298092617637e-220
1.3845466137131612e-220
1.222041736561813e-220
1.0190995716246351e-220
7.881193201686901e-221
5.416970180270084e-221
2.920509380572741e-221
5.0512166073051227e-222
-1.729025763899378e-221
-3.6982387192922263e-221
-5.337615047280812e-221
-6.602335604225419e-221
-7.46795675095241e-221
-7.929775550943123e-221
-8.001373969187838e-221
-7.712475773939501e-221
-7.10626901976508e-221
-6.236357777391969e-221
-5.163509403212446e-221
-3.952358680413945e-221
-2.668218474005019e-221
-1.3741292085979437e-221
-1.2825774432379591e-222
1.0182685735855854e-221
2.0230334250853643e-221
2.8534762188724305e-221
3.4875036886471986e-221
3.913586229312883e-221
4.130378141841889e-221
4.1459187444611038e-221
3.9764850738998914e-221
3.645176372993224e-221
3.1803156822493888e-221
2.613754763011611e-221
1.979165593264164e-221
1.3103952547448244e-221
6.399517459774694e-222
-2.3232373475996074e-224
-5.903515201638666e-222
-1.102656446395463e-221
-1.5229263867704166e-221
-1.8403019322378324e-221
-2.049397343624209e-221
-2.1500777095081614e-221
-2.147022278016885e-221
-2.0491113324841752e-221
-1.8686786476308238e-221
-1.6206739740205645e-221
-1.321780237346539e-221
-9.895283781596821e-222
-6.414492435498031e-222
-2.9429697849828064e-222
3.662770675687235e-223
3.380328336356865e-222
5.990546537885558e-222
8.115342133397051e-222
9.701507803697436e-222
1.0724182912287703e-221
1.1185565206209465e-221
1.1112532434118544e-221
1.0553371137883436e-221
9.573832797512711e-222
8.252748746305425e-222
6.677435311153581e-222
4.939110414300936e-222
3.1285237148994365e-222
1.3319758736874379e-222
-3.7212951571474245e-223
-1.9160934832441558e-222
-3.2450183470031236e-222
-4.3181605319749723e-222
-5.1095423191872034e-222
-5.607857896997451e-222
-5.815737366761307e-222
-5.748455431876545e-222
-5.432188788470437e-222
-4.9019374597742234e-222
-4.199230488619103e-222
-3.369735804486532e-222
-2.4608882260875834e-222
-1.5196391501319857e-222
-5.904173569285977e-223
2.8662652801968157e-223
1.077038058275549e-222
1.75310511054924e-222
2.294517153918927e-222
2.688641052113941e-222
2.930433507082468e-222
3.022024653733394e-222
2.972018974561257e-222
2.794568333570268e-222
2.5082774044376568e-222
2.1350041116143366e-222
1.6986170752315073e-222
1.2237687295829949e-222
7.347371447521252e-223
2.543820670099787e-223
-1.9674820324704687e-223
-6.011322463175609e-223
-9.447965560453627e-223
-1.2176354770303013e-222
-1.4135328253437674e-222
-1.5302965230316794e-222
-1.5694249050341972e-222
-1.535729241140888e-222
-1.4368413163312428e-222
-1.2826375732695767e-222
-1.0846123612521667e-222
-8.552323470043532e-223
-6.073022749853376e-223
-3.533692172556746e-223
-1.051884599681958e-223
1.267305082565396e-223
3.334845459441651e-223
5.080358528693972e-223
6.45366496338718e-223
7.425304307757697e-223
7.986093474564116e-223
8.145824173685564e-223
7.931229563976804e-223
7.38337181018232e-223
6.5546150938416346e-223
5.505353120031284e-223
4.30065678739576e-223
3.006997259919779e-223
1.6891832519955773e-223
4.07630146875982e-224
-7.839460469886374e-224
-1.8403435578288725e-223
-2.726159538893457e-223
-3.4165323651813167e-223
-3.897354378435577e-223
-4.164990297007807e-223
-4.225555437486952e-223
-4.093822830743033e-223
-3.7918389313457095e-223
-3.347333810008966e-223
-2.7920135826175133e-223
-2.1598206486852045e-223
-1.4852415243466348e-223
-8.017332206612503e-224
-1.403278853012503e-224
4.715375056067471e-224
1.0109335325628214e-223
1.4600741189539657e-223
1.806670870442676e-223
2.0440139962202778e-223
2.170799276462269e-223
2.190730149632582e-223
2.1119315045659143e-223
1.946217019626097e-223
1.7082548517972704e-223
1.4146772047817945e-223
1.0831779532378899e-223
7.31639305270698e-224
3.7732374410364835e-224
3.6161542879189364e-225
-2.7784264113159584e-224
-5.530678434281421e-224
-7.805906557072228e-224
-9.54353128863347e-224
-1.0711895819237638e-223
-1.1307230235119646e-223
-1.1351467660326999e-223
-1.0889105853236886e-223
-9.983333757186077e-224
-8.711656563389008e-224
-7.161255371270899e-224
-5.424309386701046e-224
-3.593491042799575e-224
-1.7578190320929771e-224
9.772112327734381e-228
1.6114636407885514e-224
3.014798225045844e-224
4.1662761424807156e-224
5.036118438363932e-224
5.60953298188467e-224
5.88610636828912e-224
5.878610106104466e-224
5.611323351121551e-224
5.117987245129011e-224
4.439512537912426e-224
3.6215628430846785e-224
2.712131073582259e-224
1.7592169956891997e-224
8.087002616534936e-225
-9.751333329425225e-226
-9.230132815229677e-225
-1.638034095744535e-224
-2.220213744885741e-224
-2.654960180705905e-224
-2.9354427559811577e-224
-3.062240536070741e-224
-3.0426920075508387e-224
-2.890000164050662e-224
-2.6221532356901055e-224
-2.2607244150492726e-224
-1.8296139524017796e-224
-1.3537942036640711e-224
-8.581129765226332e-225
-3.6620327196926584e-225
1.0046124943849107e-225
5.233355183414489e-225
8.873777229133612e-225
1.1814203365147995e-224
1.398338236882031e-224
1.535023574354431e-224
1.592184793534006e-224
1.5739935355831863e-224
1.4876078870512857e-224
1.3426035192942525e-224
1.1503456838344018e-224
9.233348701099526e-225
6.745573332366036e-225
4.168688528592963e-225
1.6243622119612914e-225
-7.774366421682155e-226
-2.942323409646553e-225
-4.7943652955791247e-225
-6.277889667933425e-225
-7.358242423408807e-225
-8.021551302240605e-225
-8.273588519897623e-225
-8.13785902867469e-225
-7.65306437859156e-225
-6.870107165538831e-225
-5.848807498113076e-225
-4.654501220484903e-225
-3.3546805579933037e-225
-2.0158224286306425e-225
-7.005291059849165e-226
5.349184289569066e-226
1.6425208503003428e-225
2.5839887138562223e-225
3.33162013649051e-225
3.8686354581501986e-225
4.1889998373979216e-225
4.296784806678334e-225
4.205135936112558e-225
3.9349255433656906e-225
3.5131766851562844e-225
2.9713475285415074e-225
2.343563874314967e-225
1.6648825025075708e-225
9.69659675482453e-226
2.900882091516797e-226
-3.450462902328287e-226
-9.113534006619087e-226
-1.389547866032495e-225
-1.765873567507101e-225
-2.0322468133068337e-225
-2.1861362606561558e-225
-2.230206991246862e-225
-2.1717643895365354e-225
-2.0220393366939206e-225
-1.7953597631903975e-225
-1.508254840223887e-225
-1.1785371728415355e-225
-8.24405508062636e-226
-4.6360597861742305e-226
-1.1268410465168972e-226
2.1364696117480213e-226
5.03003757772077e-226
7.456847099468985e-226
9.348738252027348e-226
1.066699387586023e-225
1.1401572721903393e-225
1.1569136899644799e-225
1.1210062652548341e-225
1.0384652588974222e-225
9.168784484067844e-226
7.649236907760867e-226
5.9189259971227635e-226
4.072271874578914e-226
2.2008890505216664e-226
3.8976441359433445e-227
-1.2859489799622521e-226
-2.7634321946296906e-226
-3.9939435280785685e-226
-4.9437910578238254e-226
-5.594556496949961e-226
-5.9426235567428804e-226
-5.998090339831547e-226
-5.783165871051301e-226
-5.3301652869016565e-226
-4.6792263297860845e-226
-3.8758718003458316e-226
-2.968538936982071e-226
-2.0061879590915696e-226
-1.0360890420494808e-226
-1.018707191512481e-227
7.581058719850638e-227
1.5120023463596462e-226
2.1353636440007192e-226
2.611578974821418e-226
2.931956404669343e-226
3.0954403484542355e-226
3.108014588341539e-226
2.9818437735428126e-226
2.734213479263673e-226
2.386332761660884e-226
1.962063847210433e-226
1.486641373816733e-226
9.854388020700406e-227
4.828326681898919e-227
1.2067441950273348e-229
-4.398715731749098e-227
-8.242806776989127e-227
-1.1397684606894804e-226
-1.378168880765399e-226
-1.5354192640110103e-226
-1.611394366553329e-226
-1.6095799975130174e-226
-1.5366141858929775e-226
-1.4017273837574478e-226
-1.2161150159414884e-226
-9.922758755262067e-227
-7.433485533621222e-227
-4.824754635425279e-227
-2.222203121597914e-227
2.5939689790059152e-228
2.520306753178377e-227
4.478972318490442e-227
6.0741039029375735e-227
7.265683091915677e-227
8.034942394291061e-227
8.383405189409105e-227
8.331107721007875e-227
7.914150857152219e-227
7.181746573947752e-227
6.1929325985915355e-227
5.013128727240243e-227
3.710700719627122e-227
2.353683351176305e-227
1.006794374428782e-227
-2.7115285236611994e-228
-1.4293570565823925e-227
-2.426604128776633e-227
-3.2322847098800947e-227
-3.8268562053488457e-227
-4.2017755938526275e-227
-4.358950619097869e-227
-4.309774277288901e-227
-4.073820500610531e-227
-3.6772873791291005e-227
-3.151278168893136e-227
-2.530009912198098e-227
-1.8490351304320758e-227
-1.143554266490789e-227
-4.4688598537421085e-228
2.1085020879631725e-228
8.037985775485929e-228
1.311153121829649e-227
1.717653594730759e-227
2.013794023519733e-227
2.195758738919872e-227
2.2651117166776295e-227
2.2282737893615885e-227
2.0958287704495712e-227
1.8817036521009208e-227
1.6022698094409907e-227
1.2754116871590568e-227
9.196069668443433e-228
5.53057995820956e-228
1.9290863383997182e-228
-1.454259894051261e-228
-4.4879663258001514e-228
-7.067114397119664e-228
-9.11576711823454e-228
-1.0587889931621643e-227
-1.1466869267869375e-227
-1.176376833750481e-227
-1.1514503878218517e-227
-1.077615989104498e-227
-9.62267441881688e-228
-8.140143295144021e-228
-6.421981197221905e-228
-4.5641663971176933e-228
-2.660772813269952e-228
-7.999630729127173e-229
9.394187704624359e-229
2.4905544729095778e-228
3.8005978724905315e-228
4.831838127735481e-228
5.562094400404599e-228
5.984389287349788e-228
6.105976269895901e-228
5.94681872105699e-228
5.537634084242375e-228
4.917626522379294e-228
4.1320347430398686e-228
3.229619211582091e-228
2.2602051783531173e-228
1.2723856587243029e-228
3.1147263991871093e-229
-5.822336493499685e-229
-1.3748075477670946e-228
-2.0396634921815746e-228
-2.5581149877782704e-228
-2.9195365283375874e-228
-3.121154764822399e-228
-3.1675094278899094e-228
-3.069635725205306e-228
-2.84402791303042e-228
-2.511448402874629e-228
-2.0956481811776255e-228
-1.6220627037435106e-228
-1.1165431042812539e-228
-6.0417594753400595e-229
-1.0823634762479453e-229
3.506904142118487e-229
7.55394064676078e-229
1.0925172403410225e-228
1.3528224185503048e-228
1.531253837094766e-228
1.626808942072631e-228
1.6422411155670442e-228
1.5836210754162585e-228
1.459788291009244e-228
1.2817259890360316e-228
1.061893877804865e-228
8.1355171476373e-229
5.501044551029294e-229
2.8449617207047445e-229
2.867548687493345e-230
-2.06849838627183e-229
-4.1335693133828676e-229
-5.841437640755584e-229
-7.146556980645307e-229
-8.025062285939739e-229
-8.473999334730721e-229
-8.509692819780053e-229
-8.165397952123472e-229
-7.488400012531269e-229
-6.536736878691554e-229
-5.375721503308491e-229
-4.074435261473653e-229
-2.70234996774221e-229
-1.3262173607013481e-229
-7.341303354961301e-232
1.2006787220957499e-229
2.2536725920121245e-229
3.1180613828684115e-229
3.771452079394443e-229
4.2026866130861565e-229
4.411389058627941e-229
4.407073352713336e-229
4.2078881112821314e-229
3.839084742373779e-229
3.3313000433772435e-229
2.7187450025845037e-229
2.0373879481160984e-229
1.3232130072378363e-229
6.106246776549757e-230
-6.894312896416524e-231
-6.881691888722e-230
-1.224708596862949e-229
-1.661763141919049e-229
-1.9883578816399055e-229
-2.199336430645646e-229
-2.295098884092601e-229
-2.281115682148675e-229
-2.1672578394094356e-229
-1.9669886905272757e-229
-1.6964646319055235e-229
-1.3735923682321705e-229
-1.0170880944737958e-229
-6.455801284080629e-230
-2.767910841931942e-230
7.317088862411956e-231
3.9038959676688526e-230
6.635725086764428e-230
8.843298389776581e-230
1.0473015144677708e-229
1.1501392206231445e-229
1.1933565406760152e-229
1.1800649458964815e-229
1.1156169554536482e-229
1.0071800994785491e-229
8.63266392055251e-230
6.9324190899968945e-230
5.068398732970256e-230
3.136985228170381e-230
1.2294214362171876e-230
-5.71798097698773e-231
-2.1958441691775623e-230
-3.5857072601361237e-230
-4.699558060902848e-230
-5.511320817066941e-230
-6.010500460690336e-230
-6.201334089947697e-230
-6.101361344073978e-230
-5.739525993134936e-230
